DATA,HORA,RADIACAO,TEMPERATURA,ANO_MES,ANO,MES,RADIACAO_media_diaria,TEMPERATURA_media_diaria
2015-01-01,10:00,72.1,22.1,2015-01,2015,1,1844.1285714285714,26.179166666666664
2015-01-01,11:00,557.8,23.5,2015-01,2015,1,1844.1285714285714,26.179166666666664
2015-01-01,12:00,1471.4,26.0,2015-01,2015,1,1844.1285714285714,26.179166666666664
2015-01-01,13:00,2205.0,27.9,2015-01,2015,1,1844.1285714285714,26.179166666666664
2015-01-01,14:00,2907.9,29.6,2015-01,2015,1,1844.1285714285714,26.179166666666664
2015-01-01,15:00,3208.2,30.1,2015-01,2015,1,1844.1285714285714,26.179166666666664
2015-01-01,16:00,3301.2,31.3,2015-01,2015,1,1844.1285714285714,26.179166666666664
2015-01-01,17:00,3417.0,31.4,2015-01,2015,1,1844.1285714285714,26.179166666666664
2015-01-01,18:00,2666.2,32.4,2015-01,2015,1,1844.1285714285714,26.179166666666664
2015-01-01,19:00,2644.5,30.9,2015-01,2015,1,1844.1285714285714,26.179166666666664
2015-01-01,20:00,1977.6,31.7,2015-01,2015,1,1844.1285714285714,26.179166666666664
2015-01-01,21:00,1054.9,31.0,2015-01,2015,1,1844.1285714285714,26.179166666666664
2015-01-01,22:00,333.1,29.7,2015-01,2015,1,1844.1285714285714,26.179166666666664
2015-01-01,23:00,0.9,26.4,2015-01,2015,1,1844.1285714285714,26.179166666666664
2015-02-01,10:00,75.8,23.3,2015-02,2015,2,1792.2153846153847,26.912499999999998
2015-02-01,11:00,674.9,24.3,2015-02,2015,2,1792.2153846153847,26.912499999999998
2015-02-01,12:00,1450.9,26.4,2015-02,2015,2,1792.2153846153847,26.912499999999998
2015-02-01,13:00,2253.2,28.6,2015-02,2015,2,1792.2153846153847,26.912499999999998
2015-02-01,14:00,2674.3,30.5,2015-02,2015,2,1792.2153846153847,26.912499999999998
2015-02-01,15:00,2962.7,31.8,2015-02,2015,2,1792.2153846153847,26.912499999999998
2015-02-01,16:00,2596.8,32.1,2015-02,2015,2,1792.2153846153847,26.912499999999998
2015-02-01,17:00,3153.2,31.9,2015-02,2015,2,1792.2153846153847,26.912499999999998
2015-02-01,18:00,2481.3,32.4,2015-02,2015,2,1792.2153846153847,26.912499999999998
2015-02-01,19:00,1983.5,31.8,2015-02,2015,2,1792.2153846153847,26.912499999999998
2015-02-01,20:00,1811.8,30.2,2015-02,2015,2,1792.2153846153847,26.912499999999998
2015-02-01,21:00,1008.7,27.9,2015-02,2015,2,1792.2153846153847,26.912499999999998
2015-02-01,22:00,171.7,26.9,2015-02,2015,2,1792.2153846153847,26.912499999999998
2015-03-01,10:00,28.4,22.3,2015-03,2015,3,1639.3285714285716,26.941666666666666
2015-03-01,11:00,471.8,24.7,2015-03,2015,3,1639.3285714285716,26.941666666666666
2015-03-01,12:00,1466.2,27.7,2015-03,2015,3,1639.3285714285716,26.941666666666666
2015-03-01,13:00,2217.9,29.2,2015-03,2015,3,1639.3285714285716,26.941666666666666
2015-03-01,14:00,2317.4,29.8,2015-03,2015,3,1639.3285714285716,26.941666666666666
2015-03-01,15:00,3239.3,30.6,2015-03,2015,3,1639.3285714285716,26.941666666666666
2015-03-01,16:00,2576.0,29.8,2015-03,2015,3,1639.3285714285716,26.941666666666666
2015-03-01,17:00,2343.3,29.9,2015-03,2015,3,1639.3285714285716,26.941666666666666
2015-03-01,18:00,2373.5,31.0,2015-03,2015,3,1639.3285714285716,26.941666666666666
2015-03-01,19:00,2497.9,31.5,2015-03,2015,3,1639.3285714285716,26.941666666666666
2015-03-01,20:00,2043.1,32.1,2015-03,2015,3,1639.3285714285716,26.941666666666666
2015-03-01,21:00,945.1,30.9,2015-03,2015,3,1639.3285714285716,26.941666666666666
2015-03-01,22:00,428.6,29.7,2015-03,2015,3,1639.3285714285716,26.941666666666666
2015-03-01,23:00,2.1,28.6,2015-03,2015,3,1639.3285714285716,26.941666666666666
2015-04-01,10:00,32.7,23.9,2015-04,2015,4,2033.723076923077,27.78333333333333
2015-04-01,11:00,778.5,26.2,2015-04,2015,4,2033.723076923077,27.78333333333333
2015-04-01,12:00,1533.5,27.7,2015-04,2015,4,2033.723076923077,27.78333333333333
2015-04-01,13:00,2280.0,28.6,2015-04,2015,4,2033.723076923077,27.78333333333333
2015-04-01,14:00,2863.5,30.1,2015-04,2015,4,2033.723076923077,27.78333333333333
2015-04-01,15:00,3221.0,30.6,2015-04,2015,4,2033.723076923077,27.78333333333333
2015-04-01,16:00,3594.4,32.4,2015-04,2015,4,2033.723076923077,27.78333333333333
2015-04-01,17:00,3015.3,32.3,2015-04,2015,4,2033.723076923077,27.78333333333333
2015-04-01,18:00,2980.5,32.5,2015-04,2015,4,2033.723076923077,27.78333333333333
2015-04-01,19:00,2874.0,32.5,2015-04,2015,4,2033.723076923077,27.78333333333333
2015-04-01,20:00,2384.4,32.8,2015-04,2015,4,2033.723076923077,27.78333333333333
2015-04-01,21:00,712.2,29.5,2015-04,2015,4,2033.723076923077,27.78333333333333
2015-04-01,22:00,168.4,25.7,2015-04,2015,4,2033.723076923077,27.78333333333333
2015-05-01,10:00,35.5,21.4,2015-05,2015,5,1582.2928571428572,25.545833333333334
2015-05-01,11:00,348.4,22.6,2015-05,2015,5,1582.2928571428572,25.545833333333334
2015-05-01,12:00,1271.9,25.3,2015-05,2015,5,1582.2928571428572,25.545833333333334
2015-05-01,13:00,2352.4,26.6,2015-05,2015,5,1582.2928571428572,25.545833333333334
2015-05-01,14:00,2856.4,28.9,2015-05,2015,5,1582.2928571428572,25.545833333333334
2015-05-01,15:00,2870.1,30.6,2015-05,2015,5,1582.2928571428572,25.545833333333334
2015-05-01,16:00,3485.6,30.4,2015-05,2015,5,1582.2928571428572,25.545833333333334
2015-05-01,17:00,3419.4,31.6,2015-05,2015,5,1582.2928571428572,25.545833333333334
2015-05-01,18:00,1917.5,29.8,2015-05,2015,5,1582.2928571428572,25.545833333333334
2015-05-01,19:00,1514.7,31.4,2015-05,2015,5,1582.2928571428572,25.545833333333334
2015-05-01,20:00,1406.9,30.6,2015-05,2015,5,1582.2928571428572,25.545833333333334
2015-05-01,21:00,475.6,29.7,2015-05,2015,5,1582.2928571428572,25.545833333333334
2015-05-01,22:00,196.9,27.3,2015-05,2015,5,1582.2928571428572,25.545833333333334
2015-05-01,23:00,0.8,26.3,2015-05,2015,5,1582.2928571428572,25.545833333333334
2015-06-01,10:00,76.4,22.7,2015-06,2015,6,1584.9692307692308,26.77916666666667
2015-06-01,11:00,659.7,25.1,2015-06,2015,6,1584.9692307692308,26.77916666666667
2015-06-01,12:00,1507.8,27.1,2015-06,2015,6,1584.9692307692308,26.77916666666667
2015-06-01,13:00,2289.1,28.6,2015-06,2015,6,1584.9692307692308,26.77916666666667
2015-06-01,14:00,2895.4,29.6,2015-06,2015,6,1584.9692307692308,26.77916666666667
2015-06-01,15:00,2894.8,29.9,2015-06,2015,6,1584.9692307692308,26.77916666666667
2015-06-01,16:00,3065.0,30.3,2015-06,2015,6,1584.9692307692308,26.77916666666667
2015-06-01,17:00,1833.9,31.4,2015-06,2015,6,1584.9692307692308,26.77916666666667
2015-06-01,18:00,2170.2,31.0,2015-06,2015,6,1584.9692307692308,26.77916666666667
2015-06-01,19:00,1713.2,31.9,2015-06,2015,6,1584.9692307692308,26.77916666666667
2015-06-01,20:00,736.4,30.8,2015-06,2015,6,1584.9692307692308,26.77916666666667
2015-06-01,21:00,659.4,31.9,2015-06,2015,6,1584.9692307692308,26.77916666666667
2015-06-01,22:00,103.3,29.4,2015-06,2015,6,1584.9692307692308,26.77916666666667
2015-07-01,10:00,82.6,23.2,2015-07,2015,7,1322.6571428571428,26.379166666666666
2015-07-01,11:00,672.6,25.0,2015-07,2015,7,1322.6571428571428,26.379166666666666
2015-07-01,12:00,1205.4,26.1,2015-07,2015,7,1322.6571428571428,26.379166666666666
2015-07-01,13:00,2073.3,29.1,2015-07,2015,7,1322.6571428571428,26.379166666666666
2015-07-01,14:00,2212.7,28.9,2015-07,2015,7,1322.6571428571428,26.379166666666666
2015-07-01,15:00,2030.6,30.8,2015-07,2015,7,1322.6571428571428,26.379166666666666
2015-07-01,16:00,2901.8,32.4,2015-07,2015,7,1322.6571428571428,26.379166666666666
2015-07-01,17:00,2657.1,31.5,2015-07,2015,7,1322.6571428571428,26.379166666666666
2015-07-01,18:00,1672.9,31.3,2015-07,2015,7,1322.6571428571428,26.379166666666666
2015-07-01,19:00,2299.5,31.1,2015-07,2015,7,1322.6571428571428,26.379166666666666
2015-07-01,20:00,346.4,30.7,2015-07,2015,7,1322.6571428571428,26.379166666666666
2015-07-01,21:00,331.2,23.5,2015-07,2015,7,1322.6571428571428,26.379166666666666
2015-07-01,22:00,29.7,23.9,2015-07,2015,7,1322.6571428571428,26.379166666666666
2015-07-01,23:00,1.4,23.1,2015-07,2015,7,1322.6571428571428,26.379166666666666
2015-08-01,10:00,73.7,22.2,2015-08,2015,8,1425.05,26.3
2015-08-01,11:00,688.1,24.3,2015-08,2015,8,1425.05,26.3
2015-08-01,12:00,1481.2,26.4,2015-08,2015,8,1425.05,26.3
2015-08-01,13:00,2255.3,27.9,2015-08,2015,8,1425.05,26.3
2015-08-01,14:00,2769.0,29.4,2015-08,2015,8,1425.05,26.3
2015-08-01,15:00,2873.7,30.0,2015-08,2015,8,1425.05,26.3
2015-08-01,16:00,2385.8,31.6,2015-08,2015,8,1425.05,26.3
2015-08-01,17:00,1923.4,32.2,2015-08,2015,8,1425.05,26.3
2015-08-01,18:00,999.2,30.8,2015-08,2015,8,1425.05,26.3
2015-08-01,19:00,2751.1,32.6,2015-08,2015,8,1425.05,26.3
2015-08-01,20:00,1013.4,31.8,2015-08,2015,8,1425.05,26.3
2015-08-01,21:00,529.3,30.9,2015-08,2015,8,1425.05,26.3
2015-08-01,22:00,205.6,30.3,2015-08,2015,8,1425.05,26.3
2015-08-01,23:00,1.9,28.3,2015-08,2015,8,1425.05,26.3
2015-09-01,10:00,48.8,22.9,2015-09,2015,9,1738.7384615384617,26.770833333333332
2015-09-01,11:00,590.7,25.0,2015-09,2015,9,1738.7384615384617,26.770833333333332
2015-09-01,12:00,1425.1,27.3,2015-09,2015,9,1738.7384615384617,26.770833333333332
2015-09-01,13:00,2104.4,29.3,2015-09,2015,9,1738.7384615384617,26.770833333333332
2015-09-01,14:00,2904.3,30.4,2015-09,2015,9,1738.7384615384617,26.770833333333332
2015-09-01,15:00,3523.8,31.3,2015-09,2015,9,1738.7384615384617,26.770833333333332
2015-09-01,16:00,3082.7,32.3,2015-09,2015,9,1738.7384615384617,26.770833333333332
2015-09-01,17:00,3459.6,32.1,2015-09,2015,9,1738.7384615384617,26.770833333333332
2015-09-01,18:00,2401.3,33.4,2015-09,2015,9,1738.7384615384617,26.770833333333332
2015-09-01,19:00,1518.0,32.8,2015-09,2015,9,1738.7384615384617,26.770833333333332
2015-09-01,20:00,1192.4,31.9,2015-09,2015,9,1738.7384615384617,26.770833333333332
2015-09-01,21:00,350.8,22.6,2015-09,2015,9,1738.7384615384617,26.770833333333332
2015-09-01,22:00,1.7,21.8,2015-09,2015,9,1738.7384615384617,26.770833333333332
2015-10-01,10:00,29.9,21.0,2015-10,2015,10,1477.935714285714,25.120833333333334
2015-10-01,11:00,306.2,21.8,2015-10,2015,10,1477.935714285714,25.120833333333334
2015-10-01,12:00,868.0,23.3,2015-10,2015,10,1477.935714285714,25.120833333333334
2015-10-01,13:00,1596.2,25.4,2015-10,2015,10,1477.935714285714,25.120833333333334
2015-10-01,14:00,1188.3,25.3,2015-10,2015,10,1477.935714285714,25.120833333333334
2015-10-01,15:00,2127.3,28.1,2015-10,2015,10,1477.935714285714,25.120833333333334
2015-10-01,16:00,3040.7,30.1,2015-10,2015,10,1477.935714285714,25.120833333333334
2015-10-01,17:00,2499.9,31.3,2015-10,2015,10,1477.935714285714,25.120833333333334
2015-10-01,18:00,2728.2,31.5,2015-10,2015,10,1477.935714285714,25.120833333333334
2015-10-01,19:00,2687.1,31.9,2015-10,2015,10,1477.935714285714,25.120833333333334
2015-10-01,20:00,2011.0,31.0,2015-10,2015,10,1477.935714285714,25.120833333333334
2015-10-01,21:00,1265.8,30.5,2015-10,2015,10,1477.935714285714,25.120833333333334
2015-10-01,22:00,339.9,29.3,2015-10,2015,10,1477.935714285714,25.120833333333334
2015-10-01,23:00,2.6,28.4,2015-10,2015,10,1477.935714285714,25.120833333333334
2015-11-01,10:00,86.2,24.0,2015-11,2015,11,1059.492857142857,26.004166666666666
2015-11-01,11:00,522.3,24.4,2015-11,2015,11,1059.492857142857,26.004166666666666
2015-11-01,12:00,554.1,24.9,2015-11,2015,11,1059.492857142857,26.004166666666666
2015-11-01,13:00,532.3,24.7,2015-11,2015,11,1059.492857142857,26.004166666666666
2015-11-01,14:00,1776.2,26.8,2015-11,2015,11,1059.492857142857,26.004166666666666
2015-11-01,15:00,1736.1,28.0,2015-11,2015,11,1059.492857142857,26.004166666666666
2015-11-01,16:00,1666.5,28.9,2015-11,2015,11,1059.492857142857,26.004166666666666
2015-11-01,17:00,1671.8,28.9,2015-11,2015,11,1059.492857142857,26.004166666666666
2015-11-01,18:00,1429.8,29.0,2015-11,2015,11,1059.492857142857,26.004166666666666
2015-11-01,19:00,2207.5,30.4,2015-11,2015,11,1059.492857142857,26.004166666666666
2015-11-01,20:00,1274.5,30.1,2015-11,2015,11,1059.492857142857,26.004166666666666
2015-11-01,21:00,1111.7,24.1,2015-11,2015,11,1059.492857142857,26.004166666666666
2015-11-01,22:00,261.5,24.0,2015-11,2015,11,1059.492857142857,26.004166666666666
2015-11-01,23:00,2.4,23.2,2015-11,2015,11,1059.492857142857,26.004166666666666
2015-12-01,10:00,8.4,21.3,2015-12,2015,12,1403.4285714285713,24.854166666666668
2015-12-01,11:00,138.1,21.8,2015-12,2015,12,1403.4285714285713,24.854166666666668
2015-12-01,12:00,403.1,22.6,2015-12,2015,12,1403.4285714285713,24.854166666666668
2015-12-01,13:00,1070.1,24.7,2015-12,2015,12,1403.4285714285713,24.854166666666668
2015-12-01,14:00,1767.6,26.7,2015-12,2015,12,1403.4285714285713,24.854166666666668
2015-12-01,15:00,1886.1,27.5,2015-12,2015,12,1403.4285714285713,24.854166666666668
2015-12-01,16:00,2998.8,29.4,2015-12,2015,12,1403.4285714285713,24.854166666666668
2015-12-01,17:00,2284.9,29.9,2015-12,2015,12,1403.4285714285713,24.854166666666668
2015-12-01,18:00,2831.1,31.2,2015-12,2015,12,1403.4285714285713,24.854166666666668
2015-12-01,19:00,2562.2,30.7,2015-12,2015,12,1403.4285714285713,24.854166666666668
2015-12-01,20:00,2017.9,29.4,2015-12,2015,12,1403.4285714285713,24.854166666666668
2015-12-01,21:00,1282.5,28.8,2015-12,2015,12,1403.4285714285713,24.854166666666668
2015-12-01,22:00,391.8,27.9,2015-12,2015,12,1403.4285714285713,24.854166666666668
2015-12-01,23:00,5.4,26.8,2015-12,2015,12,1403.4285714285713,24.854166666666668
2015-01-02,02:00,7.1,20.1,2015-01,2015,1,1479.58125,24.95
2015-01-02,03:00,1.1,20.5,2015-01,2015,1,1479.58125,24.95
2015-01-02,10:00,9.5,19.2,2015-01,2015,1,1479.58125,24.95
2015-01-02,11:00,166.9,20.6,2015-01,2015,1,1479.58125,24.95
2015-01-02,12:00,713.4,21.7,2015-01,2015,1,1479.58125,24.95
2015-01-02,13:00,1592.8,23.1,2015-01,2015,1,1479.58125,24.95
2015-01-02,14:00,1790.1,24.5,2015-01,2015,1,1479.58125,24.95
2015-01-02,15:00,2668.8,27.0,2015-01,2015,1,1479.58125,24.95
2015-01-02,16:00,3395.6,29.1,2015-01,2015,1,1479.58125,24.95
2015-01-02,17:00,3651.0,31.0,2015-01,2015,1,1479.58125,24.95
2015-01-02,18:00,2933.5,31.3,2015-01,2015,1,1479.58125,24.95
2015-01-02,19:00,2676.1,32.5,2015-01,2015,1,1479.58125,24.95
2015-01-02,20:00,2249.8,32.2,2015-01,2015,1,1479.58125,24.95
2015-01-02,21:00,1343.3,31.4,2015-01,2015,1,1479.58125,24.95
2015-01-02,22:00,472.6,30.2,2015-01,2015,1,1479.58125,24.95
2015-01-02,23:00,1.7,27.9,2015-01,2015,1,1479.58125,24.95
2015-02-02,10:00,18.9,23.6,2015-02,2015,2,1771.8500000000001,27.504166666666666
2015-02-02,11:00,511.9,25.7,2015-02,2015,2,1771.8500000000001,27.504166666666666
2015-02-02,12:00,1380.0,27.1,2015-02,2015,2,1771.8500000000001,27.504166666666666
2015-02-02,13:00,2166.0,29.2,2015-02,2015,2,1771.8500000000001,27.504166666666666
2015-02-02,14:00,2803.2,31.5,2015-02,2015,2,1771.8500000000001,27.504166666666666
2015-02-02,15:00,3031.7,32.3,2015-02,2015,2,1771.8500000000001,27.504166666666666
2015-02-02,16:00,3552.8,33.3,2015-02,2015,2,1771.8500000000001,27.504166666666666
2015-02-02,17:00,2750.9,31.9,2015-02,2015,2,1771.8500000000001,27.504166666666666
2015-02-02,18:00,2581.1,31.6,2015-02,2015,2,1771.8500000000001,27.504166666666666
2015-02-02,19:00,2594.5,32.6,2015-02,2015,2,1771.8500000000001,27.504166666666666
2015-02-02,20:00,2673.8,32.0,2015-02,2015,2,1771.8500000000001,27.504166666666666
2015-02-02,21:00,609.6,27.0,2015-02,2015,2,1771.8500000000001,27.504166666666666
2015-02-02,22:00,126.8,27.0,2015-02,2015,2,1771.8500000000001,27.504166666666666
2015-02-02,23:00,4.7,27.0,2015-02,2015,2,1771.8500000000001,27.504166666666666
2015-03-02,10:00,27.6,22.5,2015-03,2015,3,1627.2428571428572,25.870833333333334
2015-03-02,11:00,527.5,24.2,2015-03,2015,3,1627.2428571428572,25.870833333333334
2015-03-02,12:00,1122.3,25.4,2015-03,2015,3,1627.2428571428572,25.870833333333334
2015-03-02,13:00,2218.3,28.1,2015-03,2015,3,1627.2428571428572,25.870833333333334
2015-03-02,14:00,2761.7,29.9,2015-03,2015,3,1627.2428571428572,25.870833333333334
2015-03-02,15:00,3290.1,31.6,2015-03,2015,3,1627.2428571428572,25.870833333333334
2015-03-02,16:00,3661.3,32.2,2015-03,2015,3,1627.2428571428572,25.870833333333334
2015-03-02,17:00,2951.1,32.9,2015-03,2015,3,1627.2428571428572,25.870833333333334
2015-03-02,18:00,2902.0,33.7,2015-03,2015,3,1627.2428571428572,25.870833333333334
2015-03-02,19:00,2481.2,32.9,2015-03,2015,3,1627.2428571428572,25.870833333333334
2015-03-02,20:00,751.5,22.3,2015-03,2015,3,1627.2428571428572,25.870833333333334
2015-03-02,21:00,31.8,21.6,2015-03,2015,3,1627.2428571428572,25.870833333333334
2015-03-02,22:00,54.7,22.2,2015-03,2015,3,1627.2428571428572,25.870833333333334
2015-03-02,23:00,0.3,21.9,2015-03,2015,3,1627.2428571428572,25.870833333333334
2015-04-02,10:00,18.4,21.5,2015-04,2015,4,1470.9769230769232,24.59166666666667
2015-04-02,11:00,341.8,22.9,2015-04,2015,4,1470.9769230769232,24.59166666666667
2015-04-02,12:00,659.6,24.1,2015-04,2015,4,1470.9769230769232,24.59166666666667
2015-04-02,13:00,1481.7,26.0,2015-04,2015,4,1470.9769230769232,24.59166666666667
2015-04-02,14:00,1879.1,28.2,2015-04,2015,4,1470.9769230769232,24.59166666666667
2015-04-02,15:00,2953.4,30.0,2015-04,2015,4,1470.9769230769232,24.59166666666667
2015-04-02,16:00,1718.2,24.6,2015-04,2015,4,1470.9769230769232,24.59166666666667
2015-04-02,17:00,1256.5,25.0,2015-04,2015,4,1470.9769230769232,24.59166666666667
2015-04-02,18:00,3344.1,26.9,2015-04,2015,4,1470.9769230769232,24.59166666666667
2015-04-02,19:00,2160.3,28.6,2015-04,2015,4,1470.9769230769232,24.59166666666667
2015-04-02,20:00,1974.3,28.8,2015-04,2015,4,1470.9769230769232,24.59166666666667
2015-04-02,21:00,1076.4,28.4,2015-04,2015,4,1470.9769230769232,24.59166666666667
2015-04-02,22:00,258.9,26.7,2015-04,2015,4,1470.9769230769232,24.59166666666667
2015-05-02,09:00,0.0,22.6,2015-05,2015,5,473.43999999999994,23.233333333333334
2015-05-02,10:00,4.1,22.4,2015-05,2015,5,473.43999999999994,23.233333333333334
2015-05-02,11:00,118.6,22.8,2015-05,2015,5,473.43999999999994,23.233333333333334
2015-05-02,12:00,529.0,23.6,2015-05,2015,5,473.43999999999994,23.233333333333334
2015-05-02,13:00,705.7,24.2,2015-05,2015,5,473.43999999999994,23.233333333333334
2015-05-02,14:00,270.7,22.4,2015-05,2015,5,473.43999999999994,23.233333333333334
2015-05-02,15:00,253.3,23.0,2015-05,2015,5,473.43999999999994,23.233333333333334
2015-05-02,16:00,597.3,23.7,2015-05,2015,5,473.43999999999994,23.233333333333334
2015-05-02,17:00,702.5,23.4,2015-05,2015,5,473.43999999999994,23.233333333333334
2015-05-02,18:00,631.3,23.3,2015-05,2015,5,473.43999999999994,23.233333333333334
2015-05-02,19:00,1059.6,23.7,2015-05,2015,5,473.43999999999994,23.233333333333334
2015-05-02,20:00,1186.3,25.5,2015-05,2015,5,473.43999999999994,23.233333333333334
2015-05-02,21:00,885.5,24.2,2015-05,2015,5,473.43999999999994,23.233333333333334
2015-05-02,22:00,157.7,23.8,2015-05,2015,5,473.43999999999994,23.233333333333334
2015-05-02,23:00,0.0,23.5,2015-05,2015,5,473.43999999999994,23.233333333333334
2015-06-02,07:00,0.1,22.5,2015-06,2015,6,783.3066666666667,23.65416666666667
2015-06-02,10:00,8.0,22.8,2015-06,2015,6,783.3066666666667,23.65416666666667
2015-06-02,11:00,336.9,23.5,2015-06,2015,6,783.3066666666667,23.65416666666667
2015-06-02,12:00,574.9,24.3,2015-06,2015,6,783.3066666666667,23.65416666666667
2015-06-02,13:00,1168.7,25.9,2015-06,2015,6,783.3066666666667,23.65416666666667
2015-06-02,14:00,1998.9,27.3,2015-06,2015,6,783.3066666666667,23.65416666666667
2015-06-02,15:00,2685.1,28.3,2015-06,2015,6,783.3066666666667,23.65416666666667
2015-06-02,16:00,2904.5,26.1,2015-06,2015,6,783.3066666666667,23.65416666666667
2015-06-02,17:00,340.8,23.7,2015-06,2015,6,783.3066666666667,23.65416666666667
2015-06-02,18:00,637.2,24.2,2015-06,2015,6,783.3066666666667,23.65416666666667
2015-06-02,19:00,355.2,23.6,2015-06,2015,6,783.3066666666667,23.65416666666667
2015-06-02,20:00,335.6,23.6,2015-06,2015,6,783.3066666666667,23.65416666666667
2015-06-02,21:00,311.5,23.6,2015-06,2015,6,783.3066666666667,23.65416666666667
2015-06-02,22:00,90.8,23.1,2015-06,2015,6,783.3066666666667,23.65416666666667
2015-06-02,23:00,1.4,22.5,2015-06,2015,6,783.3066666666667,23.65416666666667
2015-07-02,00:00,2.2,22.3,2015-07,2015,7,617.5666666666667,23.0125
2015-07-02,10:00,6.6,21.1,2015-07,2015,7,617.5666666666667,23.0125
2015-07-02,11:00,183.3,21.5,2015-07,2015,7,617.5666666666667,23.0125
2015-07-02,12:00,524.1,22.6,2015-07,2015,7,617.5666666666667,23.0125
2015-07-02,13:00,902.6,24.1,2015-07,2015,7,617.5666666666667,23.0125
2015-07-02,14:00,1373.4,25.2,2015-07,2015,7,617.5666666666667,23.0125
2015-07-02,15:00,1587.1,26.9,2015-07,2015,7,617.5666666666667,23.0125
2015-07-02,16:00,1625.8,27.8,2015-07,2015,7,617.5666666666667,23.0125
2015-07-02,17:00,665.9,24.0,2015-07,2015,7,617.5666666666667,23.0125
2015-07-02,18:00,465.8,23.7,2015-07,2015,7,617.5666666666667,23.0125
2015-07-02,19:00,372.1,23.8,2015-07,2015,7,617.5666666666667,23.0125
2015-07-02,20:00,816.3,24.4,2015-07,2015,7,617.5666666666667,23.0125
2015-07-02,21:00,516.4,24.6,2015-07,2015,7,617.5666666666667,23.0125
2015-07-02,22:00,220.1,24.2,2015-07,2015,7,617.5666666666667,23.0125
2015-07-02,23:00,1.8,24.0,2015-07,2015,7,617.5666666666667,23.0125
2015-08-02,10:00,2.5,22.3,2015-08,2015,8,818.592857142857,23.7625
2015-08-02,11:00,92.9,22.4,2015-08,2015,8,818.592857142857,23.7625
2015-08-02,12:00,261.7,22.2,2015-08,2015,8,818.592857142857,23.7625
2015-08-02,13:00,426.4,22.5,2015-08,2015,8,818.592857142857,23.7625
2015-08-02,14:00,825.4,23.2,2015-08,2015,8,818.592857142857,23.7625
2015-08-02,15:00,986.5,23.8,2015-08,2015,8,818.592857142857,23.7625
2015-08-02,16:00,1489.1,26.1,2015-08,2015,8,818.592857142857,23.7625
2015-08-02,17:00,2066.6,27.5,2015-08,2015,8,818.592857142857,23.7625
2015-08-02,18:00,1987.5,27.4,2015-08,2015,8,818.592857142857,23.7625
2015-08-02,19:00,1555.8,27.4,2015-08,2015,8,818.592857142857,23.7625
2015-08-02,20:00,1069.5,26.7,2015-08,2015,8,818.592857142857,23.7625
2015-08-02,21:00,489.1,25.7,2015-08,2015,8,818.592857142857,23.7625
2015-08-02,22:00,206.2,25.0,2015-08,2015,8,818.592857142857,23.7625
2015-08-02,23:00,1.1,24.1,2015-08,2015,8,818.592857142857,23.7625
2015-09-02,10:00,7.2,21.9,2015-09,2015,9,1295.9142857142856,24.675
2015-09-02,11:00,278.9,22.8,2015-09,2015,9,1295.9142857142856,24.675
2015-09-02,12:00,834.0,24.7,2015-09,2015,9,1295.9142857142856,24.675
2015-09-02,13:00,1819.2,27.3,2015-09,2015,9,1295.9142857142856,24.675
2015-09-02,14:00,1950.7,28.1,2015-09,2015,9,1295.9142857142856,24.675
2015-09-02,15:00,1155.2,25.6,2015-09,2015,9,1295.9142857142856,24.675
2015-09-02,16:00,2939.6,30.3,2015-09,2015,9,1295.9142857142856,24.675
2015-09-02,17:00,1796.9,25.2,2015-09,2015,9,1295.9142857142856,24.675
2015-09-02,18:00,2516.8,29.9,2015-09,2015,9,1295.9142857142856,24.675
2015-09-02,19:00,1952.3,30.6,2015-09,2015,9,1295.9142857142856,24.675
2015-09-02,20:00,1889.6,30.7,2015-09,2015,9,1295.9142857142856,24.675
2015-09-02,21:00,723.7,26.7,2015-09,2015,9,1295.9142857142856,24.675
2015-09-02,22:00,277.2,23.2,2015-09,2015,9,1295.9142857142856,24.675
2015-09-02,23:00,1.5,22.5,2015-09,2015,9,1295.9142857142856,24.675
2015-10-02,10:00,6.8,22.0,2015-10,2015,10,837.1999999999999,23.995833333333334
2015-10-02,11:00,253.9,22.7,2015-10,2015,10,837.1999999999999,23.995833333333334
2015-10-02,12:00,606.7,23.9,2015-10,2015,10,837.1999999999999,23.995833333333334
2015-10-02,13:00,1167.7,25.7,2015-10,2015,10,837.1999999999999,23.995833333333334
2015-10-02,14:00,2126.6,27.9,2015-10,2015,10,837.1999999999999,23.995833333333334
2015-10-02,15:00,1437.8,24.4,2015-10,2015,10,837.1999999999999,23.995833333333334
2015-10-02,16:00,220.1,23.2,2015-10,2015,10,837.1999999999999,23.995833333333334
2015-10-02,17:00,578.0,23.5,2015-10,2015,10,837.1999999999999,23.995833333333334
2015-10-02,18:00,1098.7,25.1,2015-10,2015,10,837.1999999999999,23.995833333333334
2015-10-02,19:00,1583.5,27.3,2015-10,2015,10,837.1999999999999,23.995833333333334
2015-10-02,20:00,1557.2,28.1,2015-10,2015,10,837.1999999999999,23.995833333333334
2015-10-02,21:00,847.8,27.5,2015-10,2015,10,837.1999999999999,23.995833333333334
2015-10-02,22:00,232.0,26.4,2015-10,2015,10,837.1999999999999,23.995833333333334
2015-10-02,23:00,4.0,26.1,2015-10,2015,10,837.1999999999999,23.995833333333334
2015-11-02,10:00,0.3,22.7,2015-11,2015,11,1558.3538461538462,25.287499999999998
2015-11-02,11:00,135.3,22.8,2015-11,2015,11,1558.3538461538462,25.287499999999998
2015-11-02,12:00,569.7,23.7,2015-11,2015,11,1558.3538461538462,25.287499999999998
2015-11-02,13:00,1520.2,25.8,2015-11,2015,11,1558.3538461538462,25.287499999999998
2015-11-02,14:00,2825.9,28.0,2015-11,2015,11,1558.3538461538462,25.287499999999998
2015-11-02,15:00,2896.4,29.6,2015-11,2015,11,1558.3538461538462,25.287499999999998
2015-11-02,16:00,3639.4,31.1,2015-11,2015,11,1558.3538461538462,25.287499999999998
2015-11-02,17:00,3348.0,31.1,2015-11,2015,11,1558.3538461538462,25.287499999999998
2015-11-02,18:00,3389.1,30.3,2015-11,2015,11,1558.3538461538462,25.287499999999998
2015-11-02,19:00,1341.6,27.9,2015-11,2015,11,1558.3538461538462,25.287499999999998
2015-11-02,20:00,347.1,25.8,2015-11,2015,11,1558.3538461538462,25.287499999999998
2015-11-02,21:00,120.1,23.9,2015-11,2015,11,1558.3538461538462,25.287499999999998
2015-11-02,22:00,125.5,24.0,2015-11,2015,11,1558.3538461538462,25.287499999999998
2015-12-02,10:00,11.9,22.1,2015-12,2015,12,1499.0571428571427,26.65833333333333
2015-12-02,11:00,374.5,23.6,2015-12,2015,12,1499.0571428571427,26.65833333333333
2015-12-02,12:00,1002.5,25.4,2015-12,2015,12,1499.0571428571427,26.65833333333333
2015-12-02,13:00,1536.4,28.3,2015-12,2015,12,1499.0571428571427,26.65833333333333
2015-12-02,14:00,2537.1,29.4,2015-12,2015,12,1499.0571428571427,26.65833333333333
2015-12-02,15:00,2274.7,30.5,2015-12,2015,12,1499.0571428571427,26.65833333333333
2015-12-02,16:00,2899.0,32.1,2015-12,2015,12,1499.0571428571427,26.65833333333333
2015-12-02,17:00,3150.7,32.4,2015-12,2015,12,1499.0571428571427,26.65833333333333
2015-12-02,18:00,2278.2,33.3,2015-12,2015,12,1499.0571428571427,26.65833333333333
2015-12-02,19:00,2394.5,32.4,2015-12,2015,12,1499.0571428571427,26.65833333333333
2015-12-02,20:00,1401.8,33.3,2015-12,2015,12,1499.0571428571427,26.65833333333333
2015-12-02,21:00,782.5,30.7,2015-12,2015,12,1499.0571428571427,26.65833333333333
2015-12-02,22:00,342.2,30.4,2015-12,2015,12,1499.0571428571427,26.65833333333333
2015-12-02,23:00,0.8,28.9,2015-12,2015,12,1499.0571428571427,26.65833333333333
2015-01-03,10:00,8.2,20.6,2015-01,2015,1,1665.676923076923,25.295833333333334
2015-01-03,11:00,245.6,21.7,2015-01,2015,1,1665.676923076923,25.295833333333334
2015-01-03,12:00,1188.7,24.8,2015-01,2015,1,1665.676923076923,25.295833333333334
2015-01-03,13:00,1320.4,26.3,2015-01,2015,1,1665.676923076923,25.295833333333334
2015-01-03,14:00,2992.7,29.0,2015-01,2015,1,1665.676923076923,25.295833333333334
2015-01-03,15:00,2820.1,29.8,2015-01,2015,1,1665.676923076923,25.295833333333334
2015-01-03,16:00,3592.3,30.9,2015-01,2015,1,1665.676923076923,25.295833333333334
2015-01-03,17:00,2474.4,30.1,2015-01,2015,1,1665.676923076923,25.295833333333334
2015-01-03,18:00,1487.7,30.1,2015-01,2015,1,1665.676923076923,25.295833333333334
2015-01-03,19:00,2228.1,30.1,2015-01,2015,1,1665.676923076923,25.295833333333334
2015-01-03,20:00,2285.5,31.0,2015-01,2015,1,1665.676923076923,25.295833333333334
2015-01-03,21:00,952.7,28.7,2015-01,2015,1,1665.676923076923,25.295833333333334
2015-01-03,22:00,57.4,25.4,2015-01,2015,1,1665.676923076923,25.295833333333334
2015-02-03,10:00,11.8,22.3,2015-02,2015,2,1249.2461538461537,24.974999999999998
2015-02-03,11:00,298.0,23.7,2015-02,2015,2,1249.2461538461537,24.974999999999998
2015-02-03,12:00,1351.9,26.5,2015-02,2015,2,1249.2461538461537,24.974999999999998
2015-02-03,13:00,2170.7,28.1,2015-02,2015,2,1249.2461538461537,24.974999999999998
2015-02-03,14:00,2180.9,29.5,2015-02,2015,2,1249.2461538461537,24.974999999999998
2015-02-03,15:00,3153.1,30.9,2015-02,2015,2,1249.2461538461537,24.974999999999998
2015-02-03,16:00,3296.8,30.8,2015-02,2015,2,1249.2461538461537,24.974999999999998
2015-02-03,17:00,1402.8,25.5,2015-02,2015,2,1249.2461538461537,24.974999999999998
2015-02-03,18:00,1332.8,26.8,2015-02,2015,2,1249.2461538461537,24.974999999999998
2015-02-03,19:00,571.4,23.9,2015-02,2015,2,1249.2461538461537,24.974999999999998
2015-02-03,20:00,192.4,23.6,2015-02,2015,2,1249.2461538461537,24.974999999999998
2015-02-03,21:00,178.1,23.7,2015-02,2015,2,1249.2461538461537,24.974999999999998
2015-02-03,22:00,99.5,23.6,2015-02,2015,2,1249.2461538461537,24.974999999999998
2015-03-03,10:00,1.9,22.1,2015-03,2015,3,1375.176923076923,25.354166666666668
2015-03-03,11:00,234.1,22.5,2015-03,2015,3,1375.176923076923,25.354166666666668
2015-03-03,12:00,874.8,24.6,2015-03,2015,3,1375.176923076923,25.354166666666668
2015-03-03,13:00,1556.7,25.3,2015-03,2015,3,1375.176923076923,25.354166666666668
2015-03-03,14:00,1526.2,27.2,2015-03,2015,3,1375.176923076923,25.354166666666668
2015-03-03,15:00,1770.5,28.6,2015-03,2015,3,1375.176923076923,25.354166666666668
2015-03-03,16:00,2718.3,30.5,2015-03,2015,3,1375.176923076923,25.354166666666668
2015-03-03,17:00,2021.6,29.7,2015-03,2015,3,1375.176923076923,25.354166666666668
2015-03-03,18:00,1566.9,30.9,2015-03,2015,3,1375.176923076923,25.354166666666668
2015-03-03,19:00,2942.6,32.4,2015-03,2015,3,1375.176923076923,25.354166666666668
2015-03-03,20:00,1561.3,30.5,2015-03,2015,3,1375.176923076923,25.354166666666668
2015-03-03,21:00,921.2,27.9,2015-03,2015,3,1375.176923076923,25.354166666666668
2015-03-03,22:00,181.2,26.0,2015-03,2015,3,1375.176923076923,25.354166666666668
2015-04-03,10:00,3.4,21.8,2015-04,2015,4,1035.4384615384615,24.075
2015-04-03,11:00,231.4,22.6,2015-04,2015,4,1035.4384615384615,24.075
2015-04-03,12:00,762.5,24.1,2015-04,2015,4,1035.4384615384615,24.075
2015-04-03,13:00,1244.3,26.1,2015-04,2015,4,1035.4384615384615,24.075
2015-04-03,14:00,1949.0,28.1,2015-04,2015,4,1035.4384615384615,24.075
2015-04-03,15:00,1891.5,29.2,2015-04,2015,4,1035.4384615384615,24.075
2015-04-03,16:00,2205.6,29.4,2015-04,2015,4,1035.4384615384615,24.075
2015-04-03,17:00,2495.5,30.6,2015-04,2015,4,1035.4384615384615,24.075
2015-04-03,18:00,2359.1,30.5,2015-04,2015,4,1035.4384615384615,24.075
2015-04-03,19:00,229.3,22.4,2015-04,2015,4,1035.4384615384615,24.075
2015-04-03,20:00,28.7,22.0,2015-04,2015,4,1035.4384615384615,24.075
2015-04-03,21:00,34.4,21.6,2015-04,2015,4,1035.4384615384615,24.075
2015-04-03,22:00,26.0,21.8,2015-04,2015,4,1035.4384615384615,24.075
2015-05-03,10:00,1.0,21.3,2015-05,2015,5,1719.853846153846,25.145833333333332
2015-05-03,11:00,121.8,21.4,2015-05,2015,5,1719.853846153846,25.145833333333332
2015-05-03,12:00,576.1,22.8,2015-05,2015,5,1719.853846153846,25.145833333333332
2015-05-03,13:00,1545.3,25.3,2015-05,2015,5,1719.853846153846,25.145833333333332
2015-05-03,14:00,2029.4,26.9,2015-05,2015,5,1719.853846153846,25.145833333333332
2015-05-03,15:00,2984.1,28.6,2015-05,2015,5,1719.853846153846,25.145833333333332
2015-05-03,16:00,3485.6,30.9,2015-05,2015,5,1719.853846153846,25.145833333333332
2015-05-03,17:00,2797.4,30.4,2015-05,2015,5,1719.853846153846,25.145833333333332
2015-05-03,18:00,3058.9,31.0,2015-05,2015,5,1719.853846153846,25.145833333333332
2015-05-03,19:00,2710.9,31.5,2015-05,2015,5,1719.853846153846,25.145833333333332
2015-05-03,20:00,1818.4,30.8,2015-05,2015,5,1719.853846153846,25.145833333333332
2015-05-03,21:00,1095.5,30.3,2015-05,2015,5,1719.853846153846,25.145833333333332
2015-05-03,22:00,133.7,28.6,2015-05,2015,5,1719.853846153846,25.145833333333332
2015-06-03,10:00,6.5,22.7,2015-06,2015,6,1606.430769230769,26.058333333333334
2015-06-03,11:00,384.3,24.2,2015-06,2015,6,1606.430769230769,26.058333333333334
2015-06-03,12:00,1163.5,26.5,2015-06,2015,6,1606.430769230769,26.058333333333334
2015-06-03,13:00,2064.7,28.3,2015-06,2015,6,1606.430769230769,26.058333333333334
2015-06-03,14:00,2646.6,30.2,2015-06,2015,6,1606.430769230769,26.058333333333334
2015-06-03,15:00,2881.5,31.0,2015-06,2015,6,1606.430769230769,26.058333333333334
2015-06-03,16:00,3011.6,31.9,2015-06,2015,6,1606.430769230769,26.058333333333334
2015-06-03,17:00,3406.6,33.2,2015-06,2015,6,1606.430769230769,26.058333333333334
2015-06-03,18:00,2789.4,32.3,2015-06,2015,6,1606.430769230769,26.058333333333334
2015-06-03,19:00,2180.6,32.0,2015-06,2015,6,1606.430769230769,26.058333333333334
2015-06-03,20:00,312.7,26.5,2015-06,2015,6,1606.430769230769,26.058333333333334
2015-06-03,21:00,29.1,23.6,2015-06,2015,6,1606.430769230769,26.058333333333334
2015-06-03,22:00,6.5,22.1,2015-06,2015,6,1606.430769230769,26.058333333333334
2015-07-03,10:00,8.8,22.0,2015-07,2015,7,1543.7692307692307,25.075
2015-07-03,11:00,218.5,22.7,2015-07,2015,7,1543.7692307692307,25.075
2015-07-03,12:00,855.6,25.2,2015-07,2015,7,1543.7692307692307,25.075
2015-07-03,13:00,2302.5,27.7,2015-07,2015,7,1543.7692307692307,25.075
2015-07-03,14:00,2784.4,28.2,2015-07,2015,7,1543.7692307692307,25.075
2015-07-03,15:00,3390.5,30.4,2015-07,2015,7,1543.7692307692307,25.075
2015-07-03,16:00,3329.1,32.8,2015-07,2015,7,1543.7692307692307,25.075
2015-07-03,17:00,2385.5,31.2,2015-07,2015,7,1543.7692307692307,25.075
2015-07-03,18:00,1639.1,28.0,2015-07,2015,7,1543.7692307692307,25.075
2015-07-03,19:00,2141.9,29.8,2015-07,2015,7,1543.7692307692307,25.075
2015-07-03,20:00,787.1,28.2,2015-07,2015,7,1543.7692307692307,25.075
2015-07-03,21:00,108.8,24.7,2015-07,2015,7,1543.7692307692307,25.075
2015-07-03,22:00,117.2,23.4,2015-07,2015,7,1543.7692307692307,25.075
2015-08-03,10:00,2.6,21.4,2015-08,2015,8,1859.746153846154,25.9875
2015-08-03,11:00,406.2,24.5,2015-08,2015,8,1859.746153846154,25.9875
2015-08-03,12:00,1006.8,24.8,2015-08,2015,8,1859.746153846154,25.9875
2015-08-03,13:00,1522.5,26.3,2015-08,2015,8,1859.746153846154,25.9875
2015-08-03,14:00,2531.1,28.0,2015-08,2015,8,1859.746153846154,25.9875
2015-08-03,15:00,3336.8,29.4,2015-08,2015,8,1859.746153846154,25.9875
2015-08-03,16:00,3394.0,30.7,2015-08,2015,8,1859.746153846154,25.9875
2015-08-03,17:00,3438.2,30.9,2015-08,2015,8,1859.746153846154,25.9875
2015-08-03,18:00,3444.9,32.4,2015-08,2015,8,1859.746153846154,25.9875
2015-08-03,19:00,1908.5,31.2,2015-08,2015,8,1859.746153846154,25.9875
2015-08-03,20:00,1881.9,31.4,2015-08,2015,8,1859.746153846154,25.9875
2015-08-03,21:00,982.2,30.0,2015-08,2015,8,1859.746153846154,25.9875
2015-08-03,22:00,321.0,28.7,2015-08,2015,8,1859.746153846154,25.9875
2015-09-03,10:00,3.4,23.0,2015-09,2015,9,1751.8076923076924,27.695833333333336
2015-09-03,11:00,377.1,24.8,2015-09,2015,9,1751.8076923076924,27.695833333333336
2015-09-03,12:00,1063.5,27.7,2015-09,2015,9,1751.8076923076924,27.695833333333336
2015-09-03,13:00,1910.8,29.0,2015-09,2015,9,1751.8076923076924,27.695833333333336
2015-09-03,14:00,2818.6,30.3,2015-09,2015,9,1751.8076923076924,27.695833333333336
2015-09-03,15:00,3215.2,31.3,2015-09,2015,9,1751.8076923076924,27.695833333333336
2015-09-03,16:00,2615.5,31.3,2015-09,2015,9,1751.8076923076924,27.695833333333336
2015-09-03,17:00,2689.7,32.7,2015-09,2015,9,1751.8076923076924,27.695833333333336
2015-09-03,18:00,2832.8,32.2,2015-09,2015,9,1751.8076923076924,27.695833333333336
2015-09-03,19:00,2051.7,32.1,2015-09,2015,9,1751.8076923076924,27.695833333333336
2015-09-03,20:00,1941.3,32.1,2015-09,2015,9,1751.8076923076924,27.695833333333336
2015-09-03,21:00,985.2,31.9,2015-09,2015,9,1751.8076923076924,27.695833333333336
2015-09-03,22:00,268.7,31.1,2015-09,2015,9,1751.8076923076924,27.695833333333336
2015-10-03,10:00,2.9,23.8,2015-10,2015,10,1449.1692307692308,27.599999999999998
2015-10-03,11:00,267.0,26.0,2015-10,2015,10,1449.1692307692308,27.599999999999998
2015-10-03,12:00,323.8,25.5,2015-10,2015,10,1449.1692307692308,27.599999999999998
2015-10-03,13:00,1679.9,28.5,2015-10,2015,10,1449.1692307692308,27.599999999999998
2015-10-03,14:00,2597.1,30.2,2015-10,2015,10,1449.1692307692308,27.599999999999998
2015-10-03,15:00,1764.9,30.9,2015-10,2015,10,1449.1692307692308,27.599999999999998
2015-10-03,16:00,2073.3,30.5,2015-10,2015,10,1449.1692307692308,27.599999999999998
2015-10-03,17:00,3370.1,33.5,2015-10,2015,10,1449.1692307692308,27.599999999999998
2015-10-03,18:00,2375.2,33.1,2015-10,2015,10,1449.1692307692308,27.599999999999998
2015-10-03,19:00,2701.8,30.6,2015-10,2015,10,1449.1692307692308,27.599999999999998
2015-10-03,20:00,779.6,29.8,2015-10,2015,10,1449.1692307692308,27.599999999999998
2015-10-03,21:00,793.5,28.7,2015-10,2015,10,1449.1692307692308,27.599999999999998
2015-10-03,22:00,110.1,27.8,2015-10,2015,10,1449.1692307692308,27.599999999999998
2015-11-03,11:00,3.2,22.3,2015-11,2015,11,785.3615384615385,24.625
2015-11-03,12:00,8.0,21.2,2015-11,2015,11,785.3615384615385,24.625
2015-11-03,13:00,49.7,21.6,2015-11,2015,11,785.3615384615385,24.625
2015-11-03,14:00,179.3,21.8,2015-11,2015,11,785.3615384615385,24.625
2015-11-03,15:00,607.9,23.0,2015-11,2015,11,785.3615384615385,24.625
2015-11-03,16:00,1628.9,25.5,2015-11,2015,11,785.3615384615385,24.625
2015-11-03,17:00,2719.4,28.1,2015-11,2015,11,785.3615384615385,24.625
2015-11-03,18:00,1896.8,28.9,2015-11,2015,11,785.3615384615385,24.625
2015-11-03,19:00,1697.4,28.5,2015-11,2015,11,785.3615384615385,24.625
2015-11-03,20:00,233.9,21.8,2015-11,2015,11,785.3615384615385,24.625
2015-11-03,21:00,865.9,23.7,2015-11,2015,11,785.3615384615385,24.625
2015-11-03,22:00,319.3,23.8,2015-11,2015,11,785.3615384615385,24.625
2015-11-03,23:00,0.0,23.6,2015-11,2015,11,785.3615384615385,24.625
2015-12-03,10:00,1.7,21.8,2015-12,2015,12,1105.2538461538463,23.59166666666667
2015-12-03,11:00,141.9,22.2,2015-12,2015,12,1105.2538461538463,23.59166666666667
2015-12-03,12:00,612.7,23.3,2015-12,2015,12,1105.2538461538463,23.59166666666667
2015-12-03,13:00,1119.3,24.6,2015-12,2015,12,1105.2538461538463,23.59166666666667
2015-12-03,14:00,685.6,24.3,2015-12,2015,12,1105.2538461538463,23.59166666666667
2015-12-03,15:00,862.3,23.5,2015-12,2015,12,1105.2538461538463,23.59166666666667
2015-12-03,16:00,3314.2,27.2,2015-12,2015,12,1105.2538461538463,23.59166666666667
2015-12-03,17:00,2424.9,24.6,2015-12,2015,12,1105.2538461538463,23.59166666666667
2015-12-03,18:00,1472.7,27.0,2015-12,2015,12,1105.2538461538463,23.59166666666667
2015-12-03,19:00,2473.8,28.3,2015-12,2015,12,1105.2538461538463,23.59166666666667
2015-12-03,20:00,839.5,27.4,2015-12,2015,12,1105.2538461538463,23.59166666666667
2015-12-03,21:00,377.4,25.0,2015-12,2015,12,1105.2538461538463,23.59166666666667
2015-12-03,22:00,42.3,23.4,2015-12,2015,12,1105.2538461538463,23.59166666666667
2015-01-04,10:00,4.2,22.1,2015-01,2015,1,1508.5384615384614,26.395833333333332
2015-01-04,11:00,417.7,24.5,2015-01,2015,1,1508.5384615384614,26.395833333333332
2015-01-04,12:00,837.5,24.7,2015-01,2015,1,1508.5384615384614,26.395833333333332
2015-01-04,13:00,2043.4,27.2,2015-01,2015,1,1508.5384615384614,26.395833333333332
2015-01-04,14:00,2684.8,29.2,2015-01,2015,1,1508.5384615384614,26.395833333333332
2015-01-04,15:00,3375.9,31.3,2015-01,2015,1,1508.5384615384614,26.395833333333332
2015-01-04,16:00,1519.5,30.1,2015-01,2015,1,1508.5384615384614,26.395833333333332
2015-01-04,17:00,2487.2,30.6,2015-01,2015,1,1508.5384615384614,26.395833333333332
2015-01-04,18:00,2314.6,33.0,2015-01,2015,1,1508.5384615384614,26.395833333333332
2015-01-04,19:00,1896.2,32.6,2015-01,2015,1,1508.5384615384614,26.395833333333332
2015-01-04,20:00,1382.5,32.6,2015-01,2015,1,1508.5384615384614,26.395833333333332
2015-01-04,21:00,591.9,29.7,2015-01,2015,1,1508.5384615384614,26.395833333333332
2015-01-04,22:00,55.6,27.7,2015-01,2015,1,1508.5384615384614,26.395833333333332
2015-02-04,10:00,2.2,22.3,2015-02,2015,2,1163.3769230769233,25.820833333333336
2015-02-04,11:00,184.2,23.3,2015-02,2015,2,1163.3769230769233,25.820833333333336
2015-02-04,12:00,964.1,26.1,2015-02,2015,2,1163.3769230769233,25.820833333333336
2015-02-04,13:00,1812.6,28.0,2015-02,2015,2,1163.3769230769233,25.820833333333336
2015-02-04,14:00,2436.8,28.7,2015-02,2015,2,1163.3769230769233,25.820833333333336
2015-02-04,15:00,1901.5,29.7,2015-02,2015,2,1163.3769230769233,25.820833333333336
2015-02-04,16:00,2351.9,29.8,2015-02,2015,2,1163.3769230769233,25.820833333333336
2015-02-04,17:00,1996.8,30.6,2015-02,2015,2,1163.3769230769233,25.820833333333336
2015-02-04,18:00,2164.8,31.2,2015-02,2015,2,1163.3769230769233,25.820833333333336
2015-02-04,19:00,583.1,27.5,2015-02,2015,2,1163.3769230769233,25.820833333333336
2015-02-04,20:00,311.5,27.5,2015-02,2015,2,1163.3769230769233,25.820833333333336
2015-02-04,21:00,328.4,27.1,2015-02,2015,2,1163.3769230769233,25.820833333333336
2015-02-04,22:00,86.0,25.8,2015-02,2015,2,1163.3769230769233,25.820833333333336
2015-03-04,10:00,3.2,22.4,2015-03,2015,3,1415.0538461538463,26.25
2015-03-04,11:00,247.6,23.5,2015-03,2015,3,1415.0538461538463,26.25
2015-03-04,12:00,1014.1,25.7,2015-03,2015,3,1415.0538461538463,26.25
2015-03-04,13:00,1830.1,28.0,2015-03,2015,3,1415.0538461538463,26.25
2015-03-04,14:00,2005.3,27.8,2015-03,2015,3,1415.0538461538463,26.25
2015-03-04,15:00,2142.8,29.1,2015-03,2015,3,1415.0538461538463,26.25
2015-03-04,16:00,2388.8,30.4,2015-03,2015,3,1415.0538461538463,26.25
2015-03-04,17:00,3266.0,31.2,2015-03,2015,3,1415.0538461538463,26.25
2015-03-04,18:00,2584.3,30.5,2015-03,2015,3,1415.0538461538463,26.25
2015-03-04,19:00,1599.6,31.8,2015-03,2015,3,1415.0538461538463,26.25
2015-03-04,20:00,932.8,29.8,2015-03,2015,3,1415.0538461538463,26.25
2015-03-04,21:00,316.7,29.3,2015-03,2015,3,1415.0538461538463,26.25
2015-03-04,22:00,64.4,28.0,2015-03,2015,3,1415.0538461538463,26.25
2015-04-04,10:00,10.2,23.4,2015-04,2015,4,831.7307692307693,25.400000000000002
2015-04-04,11:00,343.8,23.4,2015-04,2015,4,831.7307692307693,25.400000000000002
2015-04-04,12:00,226.1,23.6,2015-04,2015,4,831.7307692307693,25.400000000000002
2015-04-04,13:00,444.6,24.3,2015-04,2015,4,831.7307692307693,25.400000000000002
2015-04-04,14:00,489.1,23.9,2015-04,2015,4,831.7307692307693,25.400000000000002
2015-04-04,15:00,465.6,24.4,2015-04,2015,4,831.7307692307693,25.400000000000002
2015-04-04,16:00,2014.2,27.2,2015-04,2015,4,831.7307692307693,25.400000000000002
2015-04-04,17:00,1645.7,27.8,2015-04,2015,4,831.7307692307693,25.400000000000002
2015-04-04,18:00,1827.9,28.7,2015-04,2015,4,831.7307692307693,25.400000000000002
2015-04-04,19:00,1636.8,29.7,2015-04,2015,4,831.7307692307693,25.400000000000002
2015-04-04,20:00,971.7,28.4,2015-04,2015,4,831.7307692307693,25.400000000000002
2015-04-04,21:00,666.0,27.5,2015-04,2015,4,831.7307692307693,25.400000000000002
2015-04-04,22:00,70.8,27.1,2015-04,2015,4,831.7307692307693,25.400000000000002
2015-05-04,10:00,0.8,22.4,2015-05,2015,5,871.1461538461538,23.72083333333333
2015-05-04,11:00,137.2,23.0,2015-05,2015,5,871.1461538461538,23.72083333333333
2015-05-04,12:00,341.5,23.7,2015-05,2015,5,871.1461538461538,23.72083333333333
2015-05-04,13:00,1057.0,25.2,2015-05,2015,5,871.1461538461538,23.72083333333333
2015-05-04,14:00,1294.0,26.8,2015-05,2015,5,871.1461538461538,23.72083333333333
2015-05-04,15:00,2035.4,25.1,2015-05,2015,5,871.1461538461538,23.72083333333333
2015-05-04,16:00,2216.3,26.0,2015-05,2015,5,871.1461538461538,23.72083333333333
2015-05-04,17:00,1617.6,28.0,2015-05,2015,5,871.1461538461538,23.72083333333333
2015-05-04,18:00,1396.5,24.5,2015-05,2015,5,871.1461538461538,23.72083333333333
2015-05-04,19:00,416.4,23.7,2015-05,2015,5,871.1461538461538,23.72083333333333
2015-05-04,20:00,261.1,23.8,2015-05,2015,5,871.1461538461538,23.72083333333333
2015-05-04,21:00,427.2,24.5,2015-05,2015,5,871.1461538461538,23.72083333333333
2015-05-04,22:00,123.9,24.0,2015-05,2015,5,871.1461538461538,23.72083333333333
2015-06-04,10:00,6.9,21.8,2015-06,2015,6,1383.2923076923075,25.425
2015-06-04,11:00,273.7,22.8,2015-06,2015,6,1383.2923076923075,25.425
2015-06-04,12:00,500.1,23.8,2015-06,2015,6,1383.2923076923075,25.425
2015-06-04,13:00,899.3,25.1,2015-06,2015,6,1383.2923076923075,25.425
2015-06-04,14:00,2533.9,27.5,2015-06,2015,6,1383.2923076923075,25.425
2015-06-04,15:00,2967.2,29.8,2015-06,2015,6,1383.2923076923075,25.425
2015-06-04,16:00,1914.6,28.8,2015-06,2015,6,1383.2923076923075,25.425
2015-06-04,17:00,2194.0,30.0,2015-06,2015,6,1383.2923076923075,25.425
2015-06-04,18:00,2358.6,30.2,2015-06,2015,6,1383.2923076923075,25.425
2015-06-04,19:00,2116.7,30.8,2015-06,2015,6,1383.2923076923075,25.425
2015-06-04,20:00,1412.8,31.0,2015-06,2015,6,1383.2923076923075,25.425
2015-06-04,21:00,733.3,29.6,2015-06,2015,6,1383.2923076923075,25.425
2015-06-04,22:00,71.7,28.1,2015-06,2015,6,1383.2923076923075,25.425
2015-07-04,10:00,1.8,22.9,2015-07,2015,7,878.1615384615385,25.8
2015-07-04,11:00,373.0,24.3,2015-07,2015,7,878.1615384615385,25.8
2015-07-04,12:00,642.9,24.6,2015-07,2015,7,878.1615384615385,25.8
2015-07-04,13:00,481.8,24.8,2015-07,2015,7,878.1615384615385,25.8
2015-07-04,14:00,1389.0,27.2,2015-07,2015,7,878.1615384615385,25.8
2015-07-04,15:00,1590.4,29.1,2015-07,2015,7,878.1615384615385,25.8
2015-07-04,16:00,2584.8,29.1,2015-07,2015,7,878.1615384615385,25.8
2015-07-04,17:00,1243.3,30.0,2015-07,2015,7,878.1615384615385,25.8
2015-07-04,18:00,846.4,30.0,2015-07,2015,7,878.1615384615385,25.8
2015-07-04,19:00,1060.4,31.2,2015-07,2015,7,878.1615384615385,25.8
2015-07-04,20:00,981.0,29.6,2015-07,2015,7,878.1615384615385,25.8
2015-07-04,21:00,208.9,26.7,2015-07,2015,7,878.1615384615385,25.8
2015-07-04,22:00,12.4,24.4,2015-07,2015,7,878.1615384615385,25.8
2015-08-04,10:00,1.6,23.0,2015-08,2015,8,530.5076923076923,23.7
2015-08-04,11:00,129.3,23.4,2015-08,2015,8,530.5076923076923,23.7
2015-08-04,12:00,450.9,24.1,2015-08,2015,8,530.5076923076923,23.7
2015-08-04,13:00,1369.8,26.6,2015-08,2015,8,530.5076923076923,23.7
2015-08-04,14:00,2005.0,28.3,2015-08,2015,8,530.5076923076923,23.7
2015-08-04,15:00,1125.3,24.6,2015-08,2015,8,530.5076923076923,23.7
2015-08-04,16:00,282.6,22.9,2015-08,2015,8,530.5076923076923,23.7
2015-08-04,17:00,227.4,22.8,2015-08,2015,8,530.5076923076923,23.7
2015-08-04,18:00,366.6,23.3,2015-08,2015,8,530.5076923076923,23.7
2015-08-04,19:00,290.5,23.1,2015-08,2015,8,530.5076923076923,23.7
2015-08-04,20:00,346.0,24.1,2015-08,2015,8,530.5076923076923,23.7
2015-08-04,21:00,260.3,24.1,2015-08,2015,8,530.5076923076923,23.7
2015-08-04,22:00,41.3,23.3,2015-08,2015,8,530.5076923076923,23.7
2015-09-04,11:00,112.5,21.1,2015-09,2015,9,1914.8833333333332,25.53333333333333
2015-09-04,12:00,1027.7,24.3,2015-09,2015,9,1914.8833333333332,25.53333333333333
2015-09-04,13:00,1976.1,26.8,2015-09,2015,9,1914.8833333333332,25.53333333333333
2015-09-04,14:00,2598.4,28.7,2015-09,2015,9,1914.8833333333332,25.53333333333333
2015-09-04,15:00,3004.7,30.5,2015-09,2015,9,1914.8833333333332,25.53333333333333
2015-09-04,16:00,3151.8,30.9,2015-09,2015,9,1914.8833333333332,25.53333333333333
2015-09-04,17:00,3222.1,32.6,2015-09,2015,9,1914.8833333333332,25.53333333333333
2015-09-04,18:00,2816.4,31.7,2015-09,2015,9,1914.8833333333332,25.53333333333333
2015-09-04,19:00,2339.3,32.1,2015-09,2015,9,1914.8833333333332,25.53333333333333
2015-09-04,20:00,1845.1,31.4,2015-09,2015,9,1914.8833333333332,25.53333333333333
2015-09-04,21:00,809.7,30.0,2015-09,2015,9,1914.8833333333332,25.53333333333333
2015-09-04,22:00,74.8,28.3,2015-09,2015,9,1914.8833333333332,25.53333333333333
2015-10-04,11:00,203.4,23.9,2015-10,2015,10,1803.1166666666666,27.145833333333332
2015-10-04,12:00,1238.5,26.8,2015-10,2015,10,1803.1166666666666,27.145833333333332
2015-10-04,13:00,2009.6,28.1,2015-10,2015,10,1803.1166666666666,27.145833333333332
2015-10-04,14:00,2600.0,29.9,2015-10,2015,10,1803.1166666666666,27.145833333333332
2015-10-04,15:00,2630.1,30.8,2015-10,2015,10,1803.1166666666666,27.145833333333332
2015-10-04,16:00,3104.9,31.0,2015-10,2015,10,1803.1166666666666,27.145833333333332
2015-10-04,17:00,3170.6,31.6,2015-10,2015,10,1803.1166666666666,27.145833333333332
2015-10-04,18:00,3038.2,32.6,2015-10,2015,10,1803.1166666666666,27.145833333333332
2015-10-04,19:00,1423.5,31.0,2015-10,2015,10,1803.1166666666666,27.145833333333332
2015-10-04,20:00,1545.1,30.5,2015-10,2015,10,1803.1166666666666,27.145833333333332
2015-10-04,21:00,639.4,29.0,2015-10,2015,10,1803.1166666666666,27.145833333333332
2015-10-04,22:00,34.1,28.3,2015-10,2015,10,1803.1166666666666,27.145833333333332
2015-11-04,11:00,249.5,24.1,2015-11,2015,11,1077.375,26.3
2015-11-04,12:00,700.5,25.1,2015-11,2015,11,1077.375,26.3
2015-11-04,13:00,1564.0,28.4,2015-11,2015,11,1077.375,26.3
2015-11-04,14:00,2587.2,28.5,2015-11,2015,11,1077.375,26.3
2015-11-04,15:00,957.3,29.2,2015-11,2015,11,1077.375,26.3
2015-11-04,16:00,2449.7,30.3,2015-11,2015,11,1077.375,26.3
2015-11-04,17:00,1695.8,28.6,2015-11,2015,11,1077.375,26.3
2015-11-04,18:00,1178.9,28.9,2015-11,2015,11,1077.375,26.3
2015-11-04,19:00,709.7,28.5,2015-11,2015,11,1077.375,26.3
2015-11-04,20:00,492.5,28.3,2015-11,2015,11,1077.375,26.3
2015-11-04,21:00,310.6,27.5,2015-11,2015,11,1077.375,26.3
2015-11-04,22:00,32.8,27.0,2015-11,2015,11,1077.375,26.3
2015-12-04,10:00,3.0,23.4,2015-12,2015,12,1205.2615384615385,26.354166666666668
2015-12-04,11:00,193.8,23.9,2015-12,2015,12,1205.2615384615385,26.354166666666668
2015-12-04,12:00,580.2,25.1,2015-12,2015,12,1205.2615384615385,26.354166666666668
2015-12-04,13:00,1858.9,27.6,2015-12,2015,12,1205.2615384615385,26.354166666666668
2015-12-04,14:00,2292.4,28.3,2015-12,2015,12,1205.2615384615385,26.354166666666668
2015-12-04,15:00,2178.3,28.7,2015-12,2015,12,1205.2615384615385,26.354166666666668
2015-12-04,16:00,1849.5,29.4,2015-12,2015,12,1205.2615384615385,26.354166666666668
2015-12-04,17:00,1874.2,30.8,2015-12,2015,12,1205.2615384615385,26.354166666666668
2015-12-04,18:00,1995.9,31.1,2015-12,2015,12,1205.2615384615385,26.354166666666668
2015-12-04,19:00,1369.9,29.5,2015-12,2015,12,1205.2615384615385,26.354166666666668
2015-12-04,20:00,425.7,28.2,2015-12,2015,12,1205.2615384615385,26.354166666666668
2015-12-04,21:00,900.9,29.2,2015-12,2015,12,1205.2615384615385,26.354166666666668
2015-12-04,22:00,145.7,26.3,2015-12,2015,12,1205.2615384615385,26.354166666666668
2015-01-05,11:00,150.8,22.0,2015-01,2015,1,1644.6916666666666,25.375
2015-01-05,12:00,940.4,24.3,2015-01,2015,1,1644.6916666666666,25.375
2015-01-05,13:00,1590.3,26.7,2015-01,2015,1,1644.6916666666666,25.375
2015-01-05,14:00,2394.3,28.2,2015-01,2015,1,1644.6916666666666,25.375
2015-01-05,15:00,2388.6,28.9,2015-01,2015,1,1644.6916666666666,25.375
2015-01-05,16:00,3009.9,29.3,2015-01,2015,1,1644.6916666666666,25.375
2015-01-05,17:00,2634.7,30.9,2015-01,2015,1,1644.6916666666666,25.375
2015-01-05,18:00,2649.7,30.7,2015-01,2015,1,1644.6916666666666,25.375
2015-01-05,19:00,2208.0,29.5,2015-01,2015,1,1644.6916666666666,25.375
2015-01-05,20:00,1322.7,30.3,2015-01,2015,1,1644.6916666666666,25.375
2015-01-05,21:00,428.8,28.4,2015-01,2015,1,1644.6916666666666,25.375
2015-01-05,22:00,18.1,26.5,2015-01,2015,1,1644.6916666666666,25.375
2015-02-05,10:00,0.8,21.1,2015-02,2015,2,1260.353846153846,24.766666666666666
2015-02-05,11:00,175.3,21.6,2015-02,2015,2,1260.353846153846,24.766666666666666
2015-02-05,12:00,877.5,23.9,2015-02,2015,2,1260.353846153846,24.766666666666666
2015-02-05,13:00,1391.0,26.4,2015-02,2015,2,1260.353846153846,24.766666666666666
2015-02-05,14:00,1923.8,27.7,2015-02,2015,2,1260.353846153846,24.766666666666666
2015-02-05,15:00,2432.1,28.5,2015-02,2015,2,1260.353846153846,24.766666666666666
2015-02-05,16:00,2362.9,29.5,2015-02,2015,2,1260.353846153846,24.766666666666666
2015-02-05,17:00,2078.3,28.6,2015-02,2015,2,1260.353846153846,24.766666666666666
2015-02-05,18:00,2131.8,30.3,2015-02,2015,2,1260.353846153846,24.766666666666666
2015-02-05,19:00,2077.2,29.4,2015-02,2015,2,1260.353846153846,24.766666666666666
2015-02-05,20:00,720.9,27.7,2015-02,2015,2,1260.353846153846,24.766666666666666
2015-02-05,21:00,203.8,24.1,2015-02,2015,2,1260.353846153846,24.766666666666666
2015-02-05,22:00,9.2,22.8,2015-02,2015,2,1260.353846153846,24.766666666666666
2015-03-05,11:00,293.8,23.3,2015-03,2015,3,1593.6916666666666,25.316666666666666
2015-03-05,12:00,725.0,24.3,2015-03,2015,3,1593.6916666666666,25.316666666666666
2015-03-05,13:00,1651.0,25.9,2015-03,2015,3,1593.6916666666666,25.316666666666666
2015-03-05,14:00,2493.4,28.4,2015-03,2015,3,1593.6916666666666,25.316666666666666
2015-03-05,15:00,2707.6,29.1,2015-03,2015,3,1593.6916666666666,25.316666666666666
2015-03-05,16:00,2586.9,28.7,2015-03,2015,3,1593.6916666666666,25.316666666666666
2015-03-05,17:00,2234.6,29.9,2015-03,2015,3,1593.6916666666666,25.316666666666666
2015-03-05,18:00,2528.5,30.3,2015-03,2015,3,1593.6916666666666,25.316666666666666
2015-03-05,19:00,2076.7,30.6,2015-03,2015,3,1593.6916666666666,25.316666666666666
2015-03-05,20:00,1346.5,30.3,2015-03,2015,3,1593.6916666666666,25.316666666666666
2015-03-05,21:00,466.9,28.6,2015-03,2015,3,1593.6916666666666,25.316666666666666
2015-03-05,22:00,13.4,26.1,2015-03,2015,3,1593.6916666666666,25.316666666666666
2015-04-05,10:00,1.8,21.2,2015-04,2015,4,1379.4153846153847,25.395833333333332
2015-04-05,11:00,319.8,22.4,2015-04,2015,4,1379.4153846153847,25.395833333333332
2015-04-05,12:00,1108.4,24.4,2015-04,2015,4,1379.4153846153847,25.395833333333332
2015-04-05,13:00,1639.0,27.1,2015-04,2015,4,1379.4153846153847,25.395833333333332
2015-04-05,14:00,2431.2,28.2,2015-04,2015,4,1379.4153846153847,25.395833333333332
2015-04-05,15:00,2789.8,28.6,2015-04,2015,4,1379.4153846153847,25.395833333333332
2015-04-05,16:00,1968.0,28.4,2015-04,2015,4,1379.4153846153847,25.395833333333332
2015-04-05,17:00,1769.4,29.4,2015-04,2015,4,1379.4153846153847,25.395833333333332
2015-04-05,18:00,1926.0,30.1,2015-04,2015,4,1379.4153846153847,25.395833333333332
2015-04-05,19:00,2158.5,30.2,2015-04,2015,4,1379.4153846153847,25.395833333333332
2015-04-05,20:00,1374.1,29.9,2015-04,2015,4,1379.4153846153847,25.395833333333332
2015-04-05,21:00,426.0,28.3,2015-04,2015,4,1379.4153846153847,25.395833333333332
2015-04-05,22:00,20.4,26.9,2015-04,2015,4,1379.4153846153847,25.395833333333332
2015-05-05,10:00,0.8,21.5,2015-05,2015,5,1433.5076923076922,26.004166666666666
2015-05-05,11:00,272.2,22.6,2015-05,2015,5,1433.5076923076922,26.004166666666666
2015-05-05,12:00,527.5,23.6,2015-05,2015,5,1433.5076923076922,26.004166666666666
2015-05-05,13:00,1833.3,27.9,2015-05,2015,5,1433.5076923076922,26.004166666666666
2015-05-05,14:00,2466.8,29.2,2015-05,2015,5,1433.5076923076922,26.004166666666666
2015-05-05,15:00,2673.0,30.0,2015-05,2015,5,1433.5076923076922,26.004166666666666
2015-05-05,16:00,2577.5,30.4,2015-05,2015,5,1433.5076923076922,26.004166666666666
2015-05-05,17:00,2803.2,30.9,2015-05,2015,5,1433.5076923076922,26.004166666666666
2015-05-05,18:00,2121.0,30.4,2015-05,2015,5,1433.5076923076922,26.004166666666666
2015-05-05,19:00,1696.0,31.0,2015-05,2015,5,1433.5076923076922,26.004166666666666
2015-05-05,20:00,1291.2,30.3,2015-05,2015,5,1433.5076923076922,26.004166666666666
2015-05-05,21:00,347.6,28.8,2015-05,2015,5,1433.5076923076922,26.004166666666666
2015-05-05,22:00,25.5,27.7,2015-05,2015,5,1433.5076923076922,26.004166666666666
2015-06-05,08:00,0.5,21.6,2015-06,2015,6,1232.05,25.287499999999998
2015-06-05,10:00,0.0,21.9,2015-06,2015,6,1232.05,25.287499999999998
2015-06-05,11:00,116.5,22.3,2015-06,2015,6,1232.05,25.287499999999998
2015-06-05,12:00,414.8,22.9,2015-06,2015,6,1232.05,25.287499999999998
2015-06-05,13:00,965.2,24.0,2015-06,2015,6,1232.05,25.287499999999998
2015-06-05,14:00,1220.2,25.7,2015-06,2015,6,1232.05,25.287499999999998
2015-06-05,15:00,1983.2,27.8,2015-06,2015,6,1232.05,25.287499999999998
2015-06-05,16:00,2386.5,28.7,2015-06,2015,6,1232.05,25.287499999999998
2015-06-05,17:00,2955.8,29.2,2015-06,2015,6,1232.05,25.287499999999998
2015-06-05,18:00,2900.5,29.8,2015-06,2015,6,1232.05,25.287499999999998
2015-06-05,19:00,2322.1,29.6,2015-06,2015,6,1232.05,25.287499999999998
2015-06-05,20:00,1488.0,29.0,2015-06,2015,6,1232.05,25.287499999999998
2015-06-05,21:00,476.7,27.8,2015-06,2015,6,1232.05,25.287499999999998
2015-06-05,22:00,18.7,26.0,2015-06,2015,6,1232.05,25.287499999999998
2015-07-05,10:00,0.9,22.3,2015-07,2015,7,1404.6923076923076,25.933333333333334
2015-07-05,11:00,261.2,23.2,2015-07,2015,7,1404.6923076923076,25.933333333333334
2015-07-05,12:00,1074.6,25.5,2015-07,2015,7,1404.6923076923076,25.933333333333334
2015-07-05,13:00,1352.0,27.0,2015-07,2015,7,1404.6923076923076,25.933333333333334
2015-07-05,14:00,2432.3,29.0,2015-07,2015,7,1404.6923076923076,25.933333333333334
2015-07-05,15:00,2497.9,30.1,2015-07,2015,7,1404.6923076923076,25.933333333333334
2015-07-05,16:00,2472.8,30.3,2015-07,2015,7,1404.6923076923076,25.933333333333334
2015-07-05,17:00,2248.5,30.5,2015-07,2015,7,1404.6923076923076,25.933333333333334
2015-07-05,18:00,2508.3,31.5,2015-07,2015,7,1404.6923076923076,25.933333333333334
2015-07-05,19:00,1716.4,30.7,2015-07,2015,7,1404.6923076923076,25.933333333333334
2015-07-05,20:00,1265.6,30.4,2015-07,2015,7,1404.6923076923076,25.933333333333334
2015-07-05,21:00,421.0,29.2,2015-07,2015,7,1404.6923076923076,25.933333333333334
2015-07-05,22:00,9.5,28.3,2015-07,2015,7,1404.6923076923076,25.933333333333334
2015-08-05,02:00,2.0,23.3,2015-08,2015,8,1251.82,26.15833333333333
2015-08-05,05:00,0.8,22.8,2015-08,2015,8,1251.82,26.15833333333333
2015-08-05,10:00,1.8,22.6,2015-08,2015,8,1251.82,26.15833333333333
2015-08-05,11:00,292.4,23.8,2015-08,2015,8,1251.82,26.15833333333333
2015-08-05,12:00,1032.9,25.9,2015-08,2015,8,1251.82,26.15833333333333
2015-08-05,13:00,1471.1,27.9,2015-08,2015,8,1251.82,26.15833333333333
2015-08-05,14:00,2314.9,29.3,2015-08,2015,8,1251.82,26.15833333333333
2015-08-05,15:00,2842.0,30.4,2015-08,2015,8,1251.82,26.15833333333333
2015-08-05,16:00,3105.2,30.8,2015-08,2015,8,1251.82,26.15833333333333
2015-08-05,17:00,2063.4,30.3,2015-08,2015,8,1251.82,26.15833333333333
2015-08-05,18:00,2140.7,30.9,2015-08,2015,8,1251.82,26.15833333333333
2015-08-05,19:00,1922.4,30.4,2015-08,2015,8,1251.82,26.15833333333333
2015-08-05,20:00,1285.7,30.3,2015-08,2015,8,1251.82,26.15833333333333
2015-08-05,21:00,295.1,28.8,2015-08,2015,8,1251.82,26.15833333333333
2015-08-05,22:00,6.9,27.4,2015-08,2015,8,1251.82,26.15833333333333
2015-09-05,11:00,260.7,23.3,2015-09,2015,9,1350.5833333333333,25.97083333333333
2015-09-05,12:00,671.6,24.5,2015-09,2015,9,1350.5833333333333,25.97083333333333
2015-09-05,13:00,1105.6,26.1,2015-09,2015,9,1350.5833333333333,25.97083333333333
2015-09-05,14:00,2029.4,27.7,2015-09,2015,9,1350.5833333333333,25.97083333333333
2015-09-05,15:00,2533.1,29.2,2015-09,2015,9,1350.5833333333333,25.97083333333333
2015-09-05,16:00,2260.0,31.3,2015-09,2015,9,1350.5833333333333,25.97083333333333
2015-09-05,17:00,2476.1,30.7,2015-09,2015,9,1350.5833333333333,25.97083333333333
2015-09-05,18:00,1602.9,29.6,2015-09,2015,9,1350.5833333333333,25.97083333333333
2015-09-05,19:00,1888.6,30.5,2015-09,2015,9,1350.5833333333333,25.97083333333333
2015-09-05,20:00,951.3,29.6,2015-09,2015,9,1350.5833333333333,25.97083333333333
2015-09-05,21:00,417.7,28.3,2015-09,2015,9,1350.5833333333333,25.97083333333333
2015-09-05,22:00,10.0,27.0,2015-09,2015,9,1350.5833333333333,25.97083333333333
2015-10-05,10:00,1.4,22.7,2015-10,2015,10,1445.576923076923,26.775000000000002
2015-10-05,11:00,273.8,25.0,2015-10,2015,10,1445.576923076923,26.775000000000002
2015-10-05,12:00,990.9,27.2,2015-10,2015,10,1445.576923076923,26.775000000000002
2015-10-05,13:00,1773.8,28.7,2015-10,2015,10,1445.576923076923,26.775000000000002
2015-10-05,14:00,1703.6,28.9,2015-10,2015,10,1445.576923076923,26.775000000000002
2015-10-05,15:00,2490.6,30.2,2015-10,2015,10,1445.576923076923,26.775000000000002
2015-10-05,16:00,2414.4,30.7,2015-10,2015,10,1445.576923076923,26.775000000000002
2015-10-05,17:00,2715.3,31.0,2015-10,2015,10,1445.576923076923,26.775000000000002
2015-10-05,18:00,2552.0,31.2,2015-10,2015,10,1445.576923076923,26.775000000000002
2015-10-05,19:00,2228.6,31.2,2015-10,2015,10,1445.576923076923,26.775000000000002
2015-10-05,20:00,1285.5,30.9,2015-10,2015,10,1445.576923076923,26.775000000000002
2015-10-05,21:00,350.9,29.1,2015-10,2015,10,1445.576923076923,26.775000000000002
2015-10-05,22:00,11.7,27.6,2015-10,2015,10,1445.576923076923,26.775000000000002
2015-11-05,11:00,118.9,23.0,2015-11,2015,11,856.5749999999999,24.354166666666668
2015-11-05,12:00,372.3,24.2,2015-11,2015,11,856.5749999999999,24.354166666666668
2015-11-05,13:00,1304.8,26.6,2015-11,2015,11,856.5749999999999,24.354166666666668
2015-11-05,14:00,1980.9,26.8,2015-11,2015,11,856.5749999999999,24.354166666666668
2015-11-05,15:00,2312.1,27.0,2015-11,2015,11,856.5749999999999,24.354166666666668
2015-11-05,16:00,2354.4,27.1,2015-11,2015,11,856.5749999999999,24.354166666666668
2015-11-05,17:00,647.2,26.5,2015-11,2015,11,856.5749999999999,24.354166666666668
2015-11-05,18:00,389.5,26.4,2015-11,2015,11,856.5749999999999,24.354166666666668
2015-11-05,19:00,421.8,26.5,2015-11,2015,11,856.5749999999999,24.354166666666668
2015-11-05,20:00,252.4,24.8,2015-11,2015,11,856.5749999999999,24.354166666666668
2015-11-05,21:00,121.2,23.7,2015-11,2015,11,856.5749999999999,24.354166666666668
2015-11-05,22:00,3.4,22.7,2015-11,2015,11,856.5749999999999,24.354166666666668
2015-12-05,08:00,0.0,21.2,2015-12,2015,12,670.1846153846153,23.079166666666666
2015-12-05,11:00,63.8,21.3,2015-12,2015,12,670.1846153846153,23.079166666666666
2015-12-05,12:00,290.5,22.0,2015-12,2015,12,670.1846153846153,23.079166666666666
2015-12-05,13:00,656.2,23.0,2015-12,2015,12,670.1846153846153,23.079166666666666
2015-12-05,14:00,900.0,23.8,2015-12,2015,12,670.1846153846153,23.079166666666666
2015-12-05,15:00,991.4,24.4,2015-12,2015,12,670.1846153846153,23.079166666666666
2015-12-05,16:00,1206.5,25.4,2015-12,2015,12,670.1846153846153,23.079166666666666
2015-12-05,17:00,1500.0,26.3,2015-12,2015,12,670.1846153846153,23.079166666666666
2015-12-05,18:00,906.7,26.3,2015-12,2015,12,670.1846153846153,23.079166666666666
2015-12-05,19:00,1134.8,26.7,2015-12,2015,12,670.1846153846153,23.079166666666666
2015-12-05,20:00,752.5,26.3,2015-12,2015,12,670.1846153846153,23.079166666666666
2015-12-05,21:00,297.8,25.5,2015-12,2015,12,670.1846153846153,23.079166666666666
2015-12-05,22:00,12.2,24.9,2015-12,2015,12,670.1846153846153,23.079166666666666
2015-01-06,11:00,167.7,23.2,2015-01,2015,1,1365.0333333333333,26.816666666666666
2015-01-06,12:00,858.9,24.9,2015-01,2015,1,1365.0333333333333,26.816666666666666
2015-01-06,13:00,1639.2,28.3,2015-01,2015,1,1365.0333333333333,26.816666666666666
2015-01-06,14:00,2162.9,30.6,2015-01,2015,1,1365.0333333333333,26.816666666666666
2015-01-06,15:00,2593.8,31.9,2015-01,2015,1,1365.0333333333333,26.816666666666666
2015-01-06,16:00,2131.1,32.4,2015-01,2015,1,1365.0333333333333,26.816666666666666
2015-01-06,17:00,2148.9,32.4,2015-01,2015,1,1365.0333333333333,26.816666666666666
2015-01-06,18:00,1148.3,31.7,2015-01,2015,1,1365.0333333333333,26.816666666666666
2015-01-06,19:00,1916.6,33.0,2015-01,2015,1,1365.0333333333333,26.816666666666666
2015-01-06,20:00,1301.8,32.3,2015-01,2015,1,1365.0333333333333,26.816666666666666
2015-01-06,21:00,300.9,30.2,2015-01,2015,1,1365.0333333333333,26.816666666666666
2015-01-06,22:00,10.3,28.6,2015-01,2015,1,1365.0333333333333,26.816666666666666
2015-02-06,11:00,179.5,23.3,2015-02,2015,2,1399.8999999999999,27.15416666666667
2015-02-06,12:00,773.2,26.2,2015-02,2015,2,1399.8999999999999,27.15416666666667
2015-02-06,13:00,1616.1,28.9,2015-02,2015,2,1399.8999999999999,27.15416666666667
2015-02-06,14:00,2147.5,31.2,2015-02,2015,2,1399.8999999999999,27.15416666666667
2015-02-06,15:00,2274.4,31.5,2015-02,2015,2,1399.8999999999999,27.15416666666667
2015-02-06,16:00,2129.4,31.9,2015-02,2015,2,1399.8999999999999,27.15416666666667
2015-02-06,17:00,2177.7,32.4,2015-02,2015,2,1399.8999999999999,27.15416666666667
2015-02-06,18:00,2383.9,32.7,2015-02,2015,2,1399.8999999999999,27.15416666666667
2015-02-06,19:00,1960.5,32.5,2015-02,2015,2,1399.8999999999999,27.15416666666667
2015-02-06,20:00,958.3,30.6,2015-02,2015,2,1399.8999999999999,27.15416666666667
2015-02-06,21:00,190.3,29.9,2015-02,2015,2,1399.8999999999999,27.15416666666667
2015-02-06,22:00,8.0,28.4,2015-02,2015,2,1399.8999999999999,27.15416666666667
2015-03-06,11:00,190.9,23.8,2015-03,2015,3,1034.25,26.925
2015-03-06,12:00,824.9,25.7,2015-03,2015,3,1034.25,26.925
2015-03-06,13:00,1296.9,28.8,2015-03,2015,3,1034.25,26.925
2015-03-06,14:00,1787.5,30.7,2015-03,2015,3,1034.25,26.925
2015-03-06,15:00,2528.7,32.4,2015-03,2015,3,1034.25,26.925
2015-03-06,16:00,1302.4,31.0,2015-03,2015,3,1034.25,26.925
2015-03-06,17:00,1503.8,33.3,2015-03,2015,3,1034.25,26.925
2015-03-06,18:00,1468.0,32.1,2015-03,2015,3,1034.25,26.925
2015-03-06,19:00,794.3,30.8,2015-03,2015,3,1034.25,26.925
2015-03-06,20:00,593.9,30.2,2015-03,2015,3,1034.25,26.925
2015-03-06,21:00,109.7,29.0,2015-03,2015,3,1034.25,26.925
2015-03-06,22:00,10.0,27.8,2015-03,2015,3,1034.25,26.925
2015-04-06,11:00,177.4,22.0,2015-04,2015,4,1440.1750000000002,26.304166666666664
2015-04-06,12:00,934.5,24.9,2015-04,2015,4,1440.1750000000002,26.304166666666664
2015-04-06,13:00,1624.5,29.0,2015-04,2015,4,1440.1750000000002,26.304166666666664
2015-04-06,14:00,2155.4,30.3,2015-04,2015,4,1440.1750000000002,26.304166666666664
2015-04-06,15:00,2547.4,32.1,2015-04,2015,4,1440.1750000000002,26.304166666666664
2015-04-06,16:00,2373.9,32.6,2015-04,2015,4,1440.1750000000002,26.304166666666664
2015-04-06,17:00,2278.8,32.7,2015-04,2015,4,1440.1750000000002,26.304166666666664
2015-04-06,18:00,1809.8,32.6,2015-04,2015,4,1440.1750000000002,26.304166666666664
2015-04-06,19:00,1776.8,32.3,2015-04,2015,4,1440.1750000000002,26.304166666666664
2015-04-06,20:00,1276.4,31.8,2015-04,2015,4,1440.1750000000002,26.304166666666664
2015-04-06,21:00,317.4,29.6,2015-04,2015,4,1440.1750000000002,26.304166666666664
2015-04-06,22:00,9.8,27.8,2015-04,2015,4,1440.1750000000002,26.304166666666664
2015-05-06,11:00,187.5,22.3,2015-05,2015,5,1521.1833333333334,25.912499999999998
2015-05-06,12:00,941.6,25.0,2015-05,2015,5,1521.1833333333334,25.912499999999998
2015-05-06,13:00,1369.6,27.6,2015-05,2015,5,1521.1833333333334,25.912499999999998
2015-05-06,14:00,2170.4,29.9,2015-05,2015,5,1521.1833333333334,25.912499999999998
2015-05-06,15:00,2556.8,30.7,2015-05,2015,5,1521.1833333333334,25.912499999999998
2015-05-06,16:00,2720.9,31.8,2015-05,2015,5,1521.1833333333334,25.912499999999998
2015-05-06,17:00,2707.6,32.1,2015-05,2015,5,1521.1833333333334,25.912499999999998
2015-05-06,18:00,2539.8,31.7,2015-05,2015,5,1521.1833333333334,25.912499999999998
2015-05-06,19:00,1973.1,31.8,2015-05,2015,5,1521.1833333333334,25.912499999999998
2015-05-06,20:00,722.9,31.0,2015-05,2015,5,1521.1833333333334,25.912499999999998
2015-05-06,21:00,347.6,29.4,2015-05,2015,5,1521.1833333333334,25.912499999999998
2015-05-06,22:00,16.4,27.6,2015-05,2015,5,1521.1833333333334,25.912499999999998
2015-06-06,11:00,94.8,20.7,2015-06,2015,6,1171.9166666666667,25.745833333333334
2015-06-06,12:00,863.7,23.9,2015-06,2015,6,1171.9166666666667,25.745833333333334
2015-06-06,13:00,1657.3,28.1,2015-06,2015,6,1171.9166666666667,25.745833333333334
2015-06-06,14:00,2223.9,30.3,2015-06,2015,6,1171.9166666666667,25.745833333333334
2015-06-06,15:00,2537.5,31.5,2015-06,2015,6,1171.9166666666667,25.745833333333334
2015-06-06,16:00,2028.3,31.6,2015-06,2015,6,1171.9166666666667,25.745833333333334
2015-06-06,17:00,897.6,30.8,2015-06,2015,6,1171.9166666666667,25.745833333333334
2015-06-06,18:00,914.6,30.8,2015-06,2015,6,1171.9166666666667,25.745833333333334
2015-06-06,19:00,1662.1,32.4,2015-06,2015,6,1171.9166666666667,25.745833333333334
2015-06-06,20:00,867.7,30.7,2015-06,2015,6,1171.9166666666667,25.745833333333334
2015-06-06,21:00,282.8,30.0,2015-06,2015,6,1171.9166666666667,25.745833333333334
2015-06-06,22:00,32.7,28.2,2015-06,2015,6,1171.9166666666667,25.745833333333334
2015-07-06,11:00,179.8,22.7,2015-07,2015,7,1480.8083333333334,26.629166666666666
2015-07-06,12:00,952.7,24.9,2015-07,2015,7,1480.8083333333334,26.629166666666666
2015-07-06,13:00,1640.7,29.0,2015-07,2015,7,1480.8083333333334,26.629166666666666
2015-07-06,14:00,2185.3,30.9,2015-07,2015,7,1480.8083333333334,26.629166666666666
2015-07-06,15:00,2590.1,31.8,2015-07,2015,7,1480.8083333333334,26.629166666666666
2015-07-06,16:00,2446.1,33.0,2015-07,2015,7,1480.8083333333334,26.629166666666666
2015-07-06,17:00,2472.4,31.6,2015-07,2015,7,1480.8083333333334,26.629166666666666
2015-07-06,18:00,2143.2,32.2,2015-07,2015,7,1480.8083333333334,26.629166666666666
2015-07-06,19:00,1742.1,32.3,2015-07,2015,7,1480.8083333333334,26.629166666666666
2015-07-06,20:00,1070.0,31.5,2015-07,2015,7,1480.8083333333334,26.629166666666666
2015-07-06,21:00,337.6,29.7,2015-07,2015,7,1480.8083333333334,26.629166666666666
2015-07-06,22:00,9.7,27.5,2015-07,2015,7,1480.8083333333334,26.629166666666666
2015-08-06,11:00,179.2,22.2,2015-08,2015,8,1214.375,25.474999999999998
2015-08-06,12:00,954.5,24.0,2015-08,2015,8,1214.375,25.474999999999998
2015-08-06,13:00,1649.3,28.4,2015-08,2015,8,1214.375,25.474999999999998
2015-08-06,14:00,2190.0,29.8,2015-08,2015,8,1214.375,25.474999999999998
2015-08-06,15:00,2318.4,30.4,2015-08,2015,8,1214.375,25.474999999999998
2015-08-06,16:00,2644.9,31.4,2015-08,2015,8,1214.375,25.474999999999998
2015-08-06,17:00,2109.5,30.6,2015-08,2015,8,1214.375,25.474999999999998
2015-08-06,18:00,1172.5,30.1,2015-08,2015,8,1214.375,25.474999999999998
2015-08-06,19:00,707.7,29.9,2015-08,2015,8,1214.375,25.474999999999998
2015-08-06,20:00,453.4,29.8,2015-08,2015,8,1214.375,25.474999999999998
2015-08-06,21:00,183.9,29.0,2015-08,2015,8,1214.375,25.474999999999998
2015-08-06,22:00,9.2,26.9,2015-08,2015,8,1214.375,25.474999999999998
2015-09-06,11:00,174.8,21.9,2015-09,2015,9,1516.3666666666668,25.65833333333333
2015-09-06,12:00,947.1,24.3,2015-09,2015,9,1516.3666666666668,25.65833333333333
2015-09-06,13:00,1629.7,28.3,2015-09,2015,9,1516.3666666666668,25.65833333333333
2015-09-06,14:00,2133.6,30.1,2015-09,2015,9,1516.3666666666668,25.65833333333333
2015-09-06,15:00,2374.2,30.8,2015-09,2015,9,1516.3666666666668,25.65833333333333
2015-09-06,16:00,2367.0,29.9,2015-09,2015,9,1516.3666666666668,25.65833333333333
2015-09-06,17:00,2590.3,31.2,2015-09,2015,9,1516.3666666666668,25.65833333333333
2015-09-06,18:00,2123.0,31.9,2015-09,2015,9,1516.3666666666668,25.65833333333333
2015-09-06,19:00,1927.6,31.2,2015-09,2015,9,1516.3666666666668,25.65833333333333
2015-09-06,20:00,1408.5,31.6,2015-09,2015,9,1516.3666666666668,25.65833333333333
2015-09-06,21:00,512.2,29.7,2015-09,2015,9,1516.3666666666668,25.65833333333333
2015-09-06,22:00,8.4,27.9,2015-09,2015,9,1516.3666666666668,25.65833333333333
2015-10-06,11:00,168.8,22.2,2015-10,2015,10,1467.7666666666667,26.254166666666666
2015-10-06,12:00,933.6,24.9,2015-10,2015,10,1467.7666666666667,26.254166666666666
2015-10-06,13:00,1600.4,28.4,2015-10,2015,10,1467.7666666666667,26.254166666666666
2015-10-06,14:00,2157.9,30.1,2015-10,2015,10,1467.7666666666667,26.254166666666666
2015-10-06,15:00,2549.6,31.4,2015-10,2015,10,1467.7666666666667,26.254166666666666
2015-10-06,16:00,2712.8,32.0,2015-10,2015,10,1467.7666666666667,26.254166666666666
2015-10-06,17:00,2673.4,32.5,2015-10,2015,10,1467.7666666666667,26.254166666666666
2015-10-06,18:00,2222.6,32.9,2015-10,2015,10,1467.7666666666667,26.254166666666666
2015-10-06,19:00,1177.4,31.0,2015-10,2015,10,1467.7666666666667,26.254166666666666
2015-10-06,20:00,1070.1,31.5,2015-10,2015,10,1467.7666666666667,26.254166666666666
2015-10-06,21:00,334.4,29.5,2015-10,2015,10,1467.7666666666667,26.254166666666666
2015-10-06,22:00,12.2,27.7,2015-10,2015,10,1467.7666666666667,26.254166666666666
2015-11-06,11:00,182.7,22.3,2015-11,2015,11,1002.8000000000001,25.358333333333334
2015-11-06,12:00,435.7,22.5,2015-11,2015,11,1002.8000000000001,25.358333333333334
2015-11-06,13:00,785.6,25.4,2015-11,2015,11,1002.8000000000001,25.358333333333334
2015-11-06,14:00,989.9,27.6,2015-11,2015,11,1002.8000000000001,25.358333333333334
2015-11-06,15:00,1388.2,29.3,2015-11,2015,11,1002.8000000000001,25.358333333333334
2015-11-06,16:00,1749.9,30.3,2015-11,2015,11,1002.8000000000001,25.358333333333334
2015-11-06,17:00,1617.8,32.1,2015-11,2015,11,1002.8000000000001,25.358333333333334
2015-11-06,18:00,1980.4,32.7,2015-11,2015,11,1002.8000000000001,25.358333333333334
2015-11-06,19:00,1395.5,32.0,2015-11,2015,11,1002.8000000000001,25.358333333333334
2015-11-06,20:00,1161.5,31.4,2015-11,2015,11,1002.8000000000001,25.358333333333334
2015-11-06,21:00,332.4,29.5,2015-11,2015,11,1002.8000000000001,25.358333333333334
2015-11-06,22:00,14.0,27.6,2015-11,2015,11,1002.8000000000001,25.358333333333334
2015-12-06,11:00,163.7,20.5,2015-12,2015,12,1486.6333333333332,25.8125
2015-12-06,12:00,931.8,24.6,2015-12,2015,12,1486.6333333333332,25.8125
2015-12-06,13:00,1568.0,27.7,2015-12,2015,12,1486.6333333333332,25.8125
2015-12-06,14:00,2134.7,30.5,2015-12,2015,12,1486.6333333333332,25.8125
2015-12-06,15:00,2492.5,31.7,2015-12,2015,12,1486.6333333333332,25.8125
2015-12-06,16:00,2147.4,33.1,2015-12,2015,12,1486.6333333333332,25.8125
2015-12-06,17:00,2844.1,32.0,2015-12,2015,12,1486.6333333333332,25.8125
2015-12-06,18:00,2006.6,32.6,2015-12,2015,12,1486.6333333333332,25.8125
2015-12-06,19:00,1959.3,32.6,2015-12,2015,12,1486.6333333333332,25.8125
2015-12-06,20:00,1278.2,32.0,2015-12,2015,12,1486.6333333333332,25.8125
2015-12-06,21:00,303.0,30.1,2015-12,2015,12,1486.6333333333332,25.8125
2015-12-06,22:00,10.3,27.8,2015-12,2015,12,1486.6333333333332,25.8125
2015-01-07,11:00,149.1,21.6,2015-01,2015,1,1579.2583333333332,26.0
2015-01-07,12:00,867.4,24.1,2015-01,2015,1,1579.2583333333332,26.0
2015-01-07,13:00,1566.5,26.5,2015-01,2015,1,1579.2583333333332,26.0
2015-01-07,14:00,2153.8,29.7,2015-01,2015,1,1579.2583333333332,26.0
2015-01-07,15:00,2501.0,30.7,2015-01,2015,1,1579.2583333333332,26.0
2015-01-07,16:00,2667.0,32.1,2015-01,2015,1,1579.2583333333332,26.0
2015-01-07,17:00,2718.6,32.3,2015-01,2015,1,1579.2583333333332,26.0
2015-01-07,18:00,2468.2,33.5,2015-01,2015,1,1579.2583333333332,26.0
2015-01-07,19:00,2040.6,32.4,2015-01,2015,1,1579.2583333333332,26.0
2015-01-07,20:00,1322.5,32.4,2015-01,2015,1,1579.2583333333332,26.0
2015-01-07,21:00,474.1,30.8,2015-01,2015,1,1579.2583333333332,26.0
2015-01-07,22:00,22.3,28.1,2015-01,2015,1,1579.2583333333332,26.0
2015-02-07,11:00,153.4,19.2,2015-02,2015,2,1573.408333333333,25.629166666666666
2015-02-07,12:00,890.6,23.5,2015-02,2015,2,1573.408333333333,25.629166666666666
2015-02-07,13:00,1619.5,28.5,2015-02,2015,2,1573.408333333333,25.629166666666666
2015-02-07,14:00,2189.2,30.6,2015-02,2015,2,1573.408333333333,25.629166666666666
2015-02-07,15:00,2547.1,31.7,2015-02,2015,2,1573.408333333333,25.629166666666666
2015-02-07,16:00,2716.7,32.4,2015-02,2015,2,1573.408333333333,25.629166666666666
2015-02-07,17:00,2621.1,32.6,2015-02,2015,2,1573.408333333333,25.629166666666666
2015-02-07,18:00,2413.9,32.9,2015-02,2015,2,1573.408333333333,25.629166666666666
2015-02-07,19:00,1969.1,32.8,2015-02,2015,2,1573.408333333333,25.629166666666666
2015-02-07,20:00,1311.3,32.3,2015-02,2015,2,1573.408333333333,25.629166666666666
2015-02-07,21:00,437.4,30.3,2015-02,2015,2,1573.408333333333,25.629166666666666
2015-02-07,22:00,11.6,28.3,2015-02,2015,2,1573.408333333333,25.629166666666666
2015-03-07,11:00,134.5,22.7,2015-03,2015,3,1353.4416666666666,26.46666666666667
2015-03-07,12:00,833.3,26.1,2015-03,2015,3,1353.4416666666666,26.46666666666667
2015-03-07,13:00,1516.9,27.5,2015-03,2015,3,1353.4416666666666,26.46666666666667
2015-03-07,14:00,2097.2,30.5,2015-03,2015,3,1353.4416666666666,26.46666666666667
2015-03-07,15:00,2500.3,31.5,2015-03,2015,3,1353.4416666666666,26.46666666666667
2015-03-07,16:00,1952.0,31.8,2015-03,2015,3,1353.4416666666666,26.46666666666667
2015-03-07,17:00,1809.9,33.2,2015-03,2015,3,1353.4416666666666,26.46666666666667
2015-03-07,18:00,2488.9,34.3,2015-03,2015,3,1353.4416666666666,26.46666666666667
2015-03-07,19:00,1275.6,33.8,2015-03,2015,3,1353.4416666666666,26.46666666666667
2015-03-07,20:00,1222.1,33.2,2015-03,2015,3,1353.4416666666666,26.46666666666667
2015-03-07,21:00,387.3,31.0,2015-03,2015,3,1353.4416666666666,26.46666666666667
2015-03-07,22:00,23.3,29.0,2015-03,2015,3,1353.4416666666666,26.46666666666667
2015-04-07,11:00,116.5,23.6,2015-04,2015,4,1071.3833333333334,26.233333333333334
2015-04-07,12:00,551.9,26.3,2015-04,2015,4,1071.3833333333334,26.233333333333334
2015-04-07,13:00,849.5,27.9,2015-04,2015,4,1071.3833333333334,26.233333333333334
2015-04-07,14:00,1287.2,27.7,2015-04,2015,4,1071.3833333333334,26.233333333333334
2015-04-07,15:00,1741.2,28.1,2015-04,2015,4,1071.3833333333334,26.233333333333334
2015-04-07,16:00,2428.9,29.8,2015-04,2015,4,1071.3833333333334,26.233333333333334
2015-04-07,17:00,2647.9,30.5,2015-04,2015,4,1071.3833333333334,26.233333333333334
2015-04-07,18:00,1544.6,29.9,2015-04,2015,4,1071.3833333333334,26.233333333333334
2015-04-07,19:00,674.5,28.9,2015-04,2015,4,1071.3833333333334,26.233333333333334
2015-04-07,20:00,838.9,29.0,2015-04,2015,4,1071.3833333333334,26.233333333333334
2015-04-07,21:00,173.1,27.0,2015-04,2015,4,1071.3833333333334,26.233333333333334
2015-04-07,22:00,2.4,26.1,2015-04,2015,4,1071.3833333333334,26.233333333333334
2015-05-07,11:00,161.3,17.7,2015-05,2015,5,1518.7,23.733333333333334
2015-05-07,12:00,856.7,19.0,2015-05,2015,5,1518.7,23.733333333333334
2015-05-07,13:00,1707.1,23.3,2015-05,2015,5,1518.7,23.733333333333334
2015-05-07,14:00,2503.7,27.3,2015-05,2015,5,1518.7,23.733333333333334
2015-05-07,15:00,2289.4,28.0,2015-05,2015,5,1518.7,23.733333333333334
2015-05-07,16:00,2361.6,30.4,2015-05,2015,5,1518.7,23.733333333333334
2015-05-07,17:00,2615.4,31.0,2015-05,2015,5,1518.7,23.733333333333334
2015-05-07,18:00,2365.0,31.9,2015-05,2015,5,1518.7,23.733333333333334
2015-05-07,19:00,1859.0,32.3,2015-05,2015,5,1518.7,23.733333333333334
2015-05-07,20:00,1116.3,31.0,2015-05,2015,5,1518.7,23.733333333333334
2015-05-07,21:00,363.9,30.1,2015-05,2015,5,1518.7,23.733333333333334
2015-05-07,22:00,25.0,27.8,2015-05,2015,5,1518.7,23.733333333333334
2015-06-07,11:00,129.8,19.6,2015-06,2015,6,1235.1416666666667,25.491666666666664
2015-06-07,12:00,601.8,21.9,2015-06,2015,6,1235.1416666666667,25.491666666666664
2015-06-07,13:00,1457.4,25.5,2015-06,2015,6,1235.1416666666667,25.491666666666664
2015-06-07,14:00,1725.5,29.6,2015-06,2015,6,1235.1416666666667,25.491666666666664
2015-06-07,15:00,2044.2,30.5,2015-06,2015,6,1235.1416666666667,25.491666666666664
2015-06-07,16:00,2068.5,32.0,2015-06,2015,6,1235.1416666666667,25.491666666666664
2015-06-07,17:00,2124.6,32.4,2015-06,2015,6,1235.1416666666667,25.491666666666664
2015-06-07,18:00,1470.9,32.0,2015-06,2015,6,1235.1416666666667,25.491666666666664
2015-06-07,19:00,1479.4,32.4,2015-06,2015,6,1235.1416666666667,25.491666666666664
2015-06-07,20:00,1292.7,32.6,2015-06,2015,6,1235.1416666666667,25.491666666666664
2015-06-07,21:00,416.8,26.9,2015-06,2015,6,1235.1416666666667,25.491666666666664
2015-06-07,22:00,10.1,27.0,2015-06,2015,6,1235.1416666666667,25.491666666666664
2015-07-07,11:00,27.5,21.3,2015-07,2015,7,349.2,23.575
2015-07-07,12:00,52.1,21.3,2015-07,2015,7,349.2,23.575
2015-07-07,13:00,316.3,22.3,2015-07,2015,7,349.2,23.575
2015-07-07,14:00,666.8,23.0,2015-07,2015,7,349.2,23.575
2015-07-07,15:00,805.4,24.0,2015-07,2015,7,349.2,23.575
2015-07-07,16:00,429.0,23.5,2015-07,2015,7,349.2,23.575
2015-07-07,17:00,343.8,23.8,2015-07,2015,7,349.2,23.575
2015-07-07,18:00,482.8,24.3,2015-07,2015,7,349.2,23.575
2015-07-07,19:00,566.6,25.0,2015-07,2015,7,349.2,23.575
2015-07-07,20:00,302.5,24.7,2015-07,2015,7,349.2,23.575
2015-07-07,21:00,163.9,24.0,2015-07,2015,7,349.2,23.575
2015-07-07,22:00,33.7,23.0,2015-07,2015,7,349.2,23.575
2015-08-07,10:00,0.3,19.1,2015-08,2015,8,841.8461538461538,21.337500000000002
2015-08-07,11:00,10.3,17.0,2015-08,2015,8,841.8461538461538,21.337500000000002
2015-08-07,12:00,177.1,17.6,2015-08,2015,8,841.8461538461538,21.337500000000002
2015-08-07,13:00,546.2,18.3,2015-08,2015,8,841.8461538461538,21.337500000000002
2015-08-07,14:00,724.0,19.1,2015-08,2015,8,841.8461538461538,21.337500000000002
2015-08-07,15:00,1497.1,20.6,2015-08,2015,8,841.8461538461538,21.337500000000002
2015-08-07,16:00,2702.7,22.4,2015-08,2015,8,841.8461538461538,21.337500000000002
2015-08-07,17:00,1666.8,23.6,2015-08,2015,8,841.8461538461538,21.337500000000002
2015-08-07,18:00,1674.0,24.0,2015-08,2015,8,841.8461538461538,21.337500000000002
2015-08-07,19:00,1055.0,24.1,2015-08,2015,8,841.8461538461538,21.337500000000002
2015-08-07,20:00,577.7,23.5,2015-08,2015,8,841.8461538461538,21.337500000000002
2015-08-07,21:00,289.2,22.4,2015-08,2015,8,841.8461538461538,21.337500000000002
2015-08-07,22:00,23.6,21.1,2015-08,2015,8,841.8461538461538,21.337500000000002
2015-09-07,11:00,64.0,17.9,2015-09,2015,9,1520.3583333333333,23.354166666666668
2015-09-07,12:00,846.9,20.3,2015-09,2015,9,1520.3583333333333,23.354166666666668
2015-09-07,13:00,1578.7,23.4,2015-09,2015,9,1520.3583333333333,23.354166666666668
2015-09-07,14:00,2155.6,26.9,2015-09,2015,9,1520.3583333333333,23.354166666666668
2015-09-07,15:00,2531.4,28.7,2015-09,2015,9,1520.3583333333333,23.354166666666668
2015-09-07,16:00,2695.3,30.6,2015-09,2015,9,1520.3583333333333,23.354166666666668
2015-09-07,17:00,2631.7,31.7,2015-09,2015,9,1520.3583333333333,23.354166666666668
2015-09-07,18:00,2424.5,31.6,2015-09,2015,9,1520.3583333333333,23.354166666666668
2015-09-07,19:00,1984.7,31.7,2015-09,2015,9,1520.3583333333333,23.354166666666668
2015-09-07,20:00,948.9,31.0,2015-09,2015,9,1520.3583333333333,23.354166666666668
2015-09-07,21:00,366.1,29.6,2015-09,2015,9,1520.3583333333333,23.354166666666668
2015-09-07,22:00,16.5,27.8,2015-09,2015,9,1520.3583333333333,23.354166666666668
2015-10-07,11:00,139.5,22.3,2015-10,2015,10,1314.1416666666667,25.883333333333336
2015-10-07,12:00,852.6,24.5,2015-10,2015,10,1314.1416666666667,25.883333333333336
2015-10-07,13:00,1580.1,27.7,2015-10,2015,10,1314.1416666666667,25.883333333333336
2015-10-07,14:00,2153.9,30.5,2015-10,2015,10,1314.1416666666667,25.883333333333336
2015-10-07,15:00,2486.9,31.1,2015-10,2015,10,1314.1416666666667,25.883333333333336
2015-10-07,16:00,2672.8,32.3,2015-10,2015,10,1314.1416666666667,25.883333333333336
2015-10-07,17:00,2300.6,32.5,2015-10,2015,10,1314.1416666666667,25.883333333333336
2015-10-07,18:00,1351.3,31.7,2015-10,2015,10,1314.1416666666667,25.883333333333336
2015-10-07,19:00,710.4,31.4,2015-10,2015,10,1314.1416666666667,25.883333333333336
2015-10-07,20:00,1046.3,30.9,2015-10,2015,10,1314.1416666666667,25.883333333333336
2015-10-07,21:00,451.1,30.2,2015-10,2015,10,1314.1416666666667,25.883333333333336
2015-10-07,22:00,24.2,28.3,2015-10,2015,10,1314.1416666666667,25.883333333333336
2015-11-07,11:00,136.9,23.4,2015-11,2015,11,1376.6916666666666,26.558333333333334
2015-11-07,12:00,849.2,25.1,2015-11,2015,11,1376.6916666666666,26.558333333333334
2015-11-07,13:00,1559.2,28.5,2015-11,2015,11,1376.6916666666666,26.558333333333334
2015-11-07,14:00,2123.5,30.8,2015-11,2015,11,1376.6916666666666,26.558333333333334
2015-11-07,15:00,2168.4,31.4,2015-11,2015,11,1376.6916666666666,26.558333333333334
2015-11-07,16:00,2302.8,32.2,2015-11,2015,11,1376.6916666666666,26.558333333333334
2015-11-07,17:00,1982.8,31.9,2015-11,2015,11,1376.6916666666666,26.558333333333334
2015-11-07,18:00,2128.1,32.1,2015-11,2015,11,1376.6916666666666,26.558333333333334
2015-11-07,19:00,1824.7,32.7,2015-11,2015,11,1376.6916666666666,26.558333333333334
2015-11-07,20:00,1006.8,32.7,2015-11,2015,11,1376.6916666666666,26.558333333333334
2015-11-07,21:00,424.8,31.0,2015-11,2015,11,1376.6916666666666,26.558333333333334
2015-11-07,22:00,13.1,28.8,2015-11,2015,11,1376.6916666666666,26.558333333333334
2015-12-07,11:00,126.7,23.6,2015-12,2015,12,1450.6083333333333,27.041666666666668
2015-12-07,12:00,845.4,26.7,2015-12,2015,12,1450.6083333333333,27.041666666666668
2015-12-07,13:00,1561.5,27.8,2015-12,2015,12,1450.6083333333333,27.041666666666668
2015-12-07,14:00,2141.5,31.4,2015-12,2015,12,1450.6083333333333,27.041666666666668
2015-12-07,15:00,2526.4,32.1,2015-12,2015,12,1450.6083333333333,27.041666666666668
2015-12-07,16:00,2709.1,33.1,2015-12,2015,12,1450.6083333333333,27.041666666666668
2015-12-07,17:00,2535.8,34.2,2015-12,2015,12,1450.6083333333333,27.041666666666668
2015-12-07,18:00,1702.7,33.2,2015-12,2015,12,1450.6083333333333,27.041666666666668
2015-12-07,19:00,1850.7,33.6,2015-12,2015,12,1450.6083333333333,27.041666666666668
2015-12-07,20:00,946.2,32.9,2015-12,2015,12,1450.6083333333333,27.041666666666668
2015-12-07,21:00,441.2,31.0,2015-12,2015,12,1450.6083333333333,27.041666666666668
2015-12-07,22:00,20.1,28.5,2015-12,2015,12,1450.6083333333333,27.041666666666668
2015-01-08,11:00,139.0,21.6,2015-01,2015,1,1671.4083333333335,25.912499999999998
2015-01-08,12:00,928.7,25.2,2015-01,2015,1,1671.4083333333335,25.912499999999998
2015-01-08,13:00,1668.0,28.4,2015-01,2015,1,1671.4083333333335,25.912499999999998
2015-01-08,14:00,2299.5,30.7,2015-01,2015,1,1671.4083333333335,25.912499999999998
2015-01-08,15:00,2716.0,32.2,2015-01,2015,1,1671.4083333333335,25.912499999999998
2015-01-08,16:00,2704.8,32.6,2015-01,2015,1,1671.4083333333335,25.912499999999998
2015-01-08,17:00,2808.4,32.8,2015-01,2015,1,1671.4083333333335,25.912499999999998
2015-01-08,18:00,2555.1,33.4,2015-01,2015,1,1671.4083333333335,25.912499999999998
2015-01-08,19:00,2145.3,33.1,2015-01,2015,1,1671.4083333333335,25.912499999999998
2015-01-08,20:00,1479.9,32.5,2015-01,2015,1,1671.4083333333335,25.912499999999998
2015-01-08,21:00,588.8,31.1,2015-01,2015,1,1671.4083333333335,25.912499999999998
2015-01-08,22:00,23.4,28.4,2015-01,2015,1,1671.4083333333335,25.912499999999998
2015-02-08,11:00,147.6,19.3,2015-02,2015,2,1710.4083333333335,25.583333333333332
2015-02-08,12:00,925.2,23.3,2015-02,2015,2,1710.4083333333335,25.583333333333332
2015-02-08,13:00,1715.3,28.0,2015-02,2015,2,1710.4083333333335,25.583333333333332
2015-02-08,14:00,2332.5,31.0,2015-02,2015,2,1710.4083333333335,25.583333333333332
2015-02-08,15:00,2735.6,32.5,2015-02,2015,2,1710.4083333333335,25.583333333333332
2015-02-08,16:00,2912.8,32.5,2015-02,2015,2,1710.4083333333335,25.583333333333332
2015-02-08,17:00,2844.1,33.2,2015-02,2015,2,1710.4083333333335,25.583333333333332
2015-02-08,18:00,2604.0,33.0,2015-02,2015,2,1710.4083333333335,25.583333333333332
2015-02-08,19:00,2174.9,32.8,2015-02,2015,2,1710.4083333333335,25.583333333333332
2015-02-08,20:00,1507.1,32.4,2015-02,2015,2,1710.4083333333335,25.583333333333332
2015-02-08,21:00,604.9,30.4,2015-02,2015,2,1710.4083333333335,25.583333333333332
2015-02-08,22:00,20.9,28.4,2015-02,2015,2,1710.4083333333335,25.583333333333332
2015-03-08,11:00,148.3,19.9,2015-03,2015,3,1686.1166666666668,26.058333333333334
2015-03-08,12:00,911.7,23.3,2015-03,2015,3,1686.1166666666668,26.058333333333334
2015-03-08,13:00,1707.3,29.5,2015-03,2015,3,1686.1166666666668,26.058333333333334
2015-03-08,14:00,2333.0,31.7,2015-03,2015,3,1686.1166666666668,26.058333333333334
2015-03-08,15:00,2702.0,33.0,2015-03,2015,3,1686.1166666666668,26.058333333333334
2015-03-08,16:00,2883.9,33.9,2015-03,2015,3,1686.1166666666668,26.058333333333334
2015-03-08,17:00,2815.5,33.8,2015-03,2015,3,1686.1166666666668,26.058333333333334
2015-03-08,18:00,2563.7,34.3,2015-03,2015,3,1686.1166666666668,26.058333333333334
2015-03-08,19:00,2095.1,34.4,2015-03,2015,3,1686.1166666666668,26.058333333333334
2015-03-08,20:00,1457.5,33.5,2015-03,2015,3,1686.1166666666668,26.058333333333334
2015-03-08,21:00,590.5,32.0,2015-03,2015,3,1686.1166666666668,26.058333333333334
2015-03-08,22:00,24.9,29.7,2015-03,2015,3,1686.1166666666668,26.058333333333334
2015-04-08,11:00,154.4,21.5,2015-04,2015,4,1741.1916666666666,27.170833333333334
2015-04-08,12:00,902.9,25.5,2015-04,2015,4,1741.1916666666666,27.170833333333334
2015-04-08,13:00,1728.1,30.0,2015-04,2015,4,1741.1916666666666,27.170833333333334
2015-04-08,14:00,2337.1,31.8,2015-04,2015,4,1741.1916666666666,27.170833333333334
2015-04-08,15:00,2737.2,33.3,2015-04,2015,4,1741.1916666666666,27.170833333333334
2015-04-08,16:00,2924.1,33.8,2015-04,2015,4,1741.1916666666666,27.170833333333334
2015-04-08,17:00,2848.2,34.1,2015-04,2015,4,1741.1916666666666,27.170833333333334
2015-04-08,18:00,2704.7,35.2,2015-04,2015,4,1741.1916666666666,27.170833333333334
2015-04-08,19:00,2340.1,34.3,2015-04,2015,4,1741.1916666666666,27.170833333333334
2015-04-08,20:00,1636.2,33.9,2015-04,2015,4,1741.1916666666666,27.170833333333334
2015-04-08,21:00,556.0,32.4,2015-04,2015,4,1741.1916666666666,27.170833333333334
2015-04-08,22:00,25.3,30.1,2015-04,2015,4,1741.1916666666666,27.170833333333334
2015-05-08,11:00,157.7,21.3,2015-05,2015,5,1730.825,27.145833333333332
2015-05-08,12:00,953.9,24.6,2015-05,2015,5,1730.825,27.145833333333332
2015-05-08,13:00,1775.8,29.4,2015-05,2015,5,1730.825,27.145833333333332
2015-05-08,14:00,2372.2,32.4,2015-05,2015,5,1730.825,27.145833333333332
2015-05-08,15:00,2786.5,33.6,2015-05,2015,5,1730.825,27.145833333333332
2015-05-08,16:00,2940.7,33.9,2015-05,2015,5,1730.825,27.145833333333332
2015-05-08,17:00,2858.3,34.9,2015-05,2015,5,1730.825,27.145833333333332
2015-05-08,18:00,2612.3,35.2,2015-05,2015,5,1730.825,27.145833333333332
2015-05-08,19:00,2167.1,34.6,2015-05,2015,5,1730.825,27.145833333333332
2015-05-08,20:00,1488.8,34.2,2015-05,2015,5,1730.825,27.145833333333332
2015-05-08,21:00,632.8,32.4,2015-05,2015,5,1730.825,27.145833333333332
2015-05-08,22:00,23.8,29.7,2015-05,2015,5,1730.825,27.145833333333332
2015-06-08,11:00,160.7,21.2,2015-06,2015,6,1711.6000000000001,26.96666666666667
2015-06-08,12:00,895.8,25.2,2015-06,2015,6,1711.6000000000001,26.96666666666667
2015-06-08,13:00,1738.1,29.0,2015-06,2015,6,1711.6000000000001,26.96666666666667
2015-06-08,14:00,2340.1,31.2,2015-06,2015,6,1711.6000000000001,26.96666666666667
2015-06-08,15:00,2741.4,33.4,2015-06,2015,6,1711.6000000000001,26.96666666666667
2015-06-08,16:00,2920.8,34.0,2015-06,2015,6,1711.6000000000001,26.96666666666667
2015-06-08,17:00,2837.4,34.6,2015-06,2015,6,1711.6000000000001,26.96666666666667
2015-06-08,18:00,2590.3,34.9,2015-06,2015,6,1711.6000000000001,26.96666666666667
2015-06-08,19:00,2152.0,35.1,2015-06,2015,6,1711.6000000000001,26.96666666666667
2015-06-08,20:00,1492.3,34.4,2015-06,2015,6,1711.6000000000001,26.96666666666667
2015-06-08,21:00,648.1,32.6,2015-06,2015,6,1711.6000000000001,26.96666666666667
2015-06-08,22:00,22.2,30.4,2015-06,2015,6,1711.6000000000001,26.96666666666667
2015-07-08,11:00,156.8,22.0,2015-07,2015,7,1630.3333333333333,27.733333333333334
2015-07-08,12:00,905.8,26.1,2015-07,2015,7,1630.3333333333333,27.733333333333334
2015-07-08,13:00,1722.7,30.6,2015-07,2015,7,1630.3333333333333,27.733333333333334
2015-07-08,14:00,2315.5,32.6,2015-07,2015,7,1630.3333333333333,27.733333333333334
2015-07-08,15:00,2743.3,34.3,2015-07,2015,7,1630.3333333333333,27.733333333333334
2015-07-08,16:00,2919.1,34.5,2015-07,2015,7,1630.3333333333333,27.733333333333334
2015-07-08,17:00,2857.7,35.0,2015-07,2015,7,1630.3333333333333,27.733333333333334
2015-07-08,18:00,2332.9,35.3,2015-07,2015,7,1630.3333333333333,27.733333333333334
2015-07-08,19:00,1946.8,35.5,2015-07,2015,7,1630.3333333333333,27.733333333333334
2015-07-08,20:00,1232.2,34.6,2015-07,2015,7,1630.3333333333333,27.733333333333334
2015-07-08,21:00,408.2,33.0,2015-07,2015,7,1630.3333333333333,27.733333333333334
2015-07-08,22:00,23.0,30.6,2015-07,2015,7,1630.3333333333333,27.733333333333334
2015-08-08,11:00,156.9,22.7,2015-08,2015,8,1631.1000000000001,27.912499999999998
2015-08-08,12:00,917.5,26.7,2015-08,2015,8,1631.1000000000001,27.912499999999998
2015-08-08,13:00,1744.4,29.7,2015-08,2015,8,1631.1000000000001,27.912499999999998
2015-08-08,14:00,2342.6,32.5,2015-08,2015,8,1631.1000000000001,27.912499999999998
2015-08-08,15:00,2747.0,34.3,2015-08,2015,8,1631.1000000000001,27.912499999999998
2015-08-08,16:00,2981.1,35.4,2015-08,2015,8,1631.1000000000001,27.912499999999998
2015-08-08,17:00,1726.8,35.7,2015-08,2015,8,1631.1000000000001,27.912499999999998
2015-08-08,18:00,2554.8,35.9,2015-08,2015,8,1631.1000000000001,27.912499999999998
2015-08-08,19:00,2246.8,35.4,2015-08,2015,8,1631.1000000000001,27.912499999999998
2015-08-08,20:00,1508.1,34.0,2015-08,2015,8,1631.1000000000001,27.912499999999998
2015-08-08,21:00,621.2,32.9,2015-08,2015,8,1631.1000000000001,27.912499999999998
2015-08-08,22:00,26.0,30.1,2015-08,2015,8,1631.1000000000001,27.912499999999998
2015-09-08,11:00,152.0,21.1,2015-09,2015,9,1690.2583333333334,27.520833333333332
2015-09-08,12:00,904.7,24.9,2015-09,2015,9,1690.2583333333334,27.520833333333332
2015-09-08,13:00,1718.5,29.8,2015-09,2015,9,1690.2583333333334,27.520833333333332
2015-09-08,14:00,2339.6,33.4,2015-09,2015,9,1690.2583333333334,27.520833333333332
2015-09-08,15:00,2751.8,34.6,2015-09,2015,9,1690.2583333333334,27.520833333333332
2015-09-08,16:00,2913.8,34.4,2015-09,2015,9,1690.2583333333334,27.520833333333332
2015-09-08,17:00,2823.5,35.4,2015-09,2015,9,1690.2583333333334,27.520833333333332
2015-09-08,18:00,2554.4,35.1,2015-09,2015,9,1690.2583333333334,27.520833333333332
2015-09-08,19:00,2098.5,35.4,2015-09,2015,9,1690.2583333333334,27.520833333333332
2015-09-08,20:00,1418.4,34.6,2015-09,2015,9,1690.2583333333334,27.520833333333332
2015-09-08,21:00,584.5,32.5,2015-09,2015,9,1690.2583333333334,27.520833333333332
2015-09-08,22:00,23.4,29.8,2015-09,2015,9,1690.2583333333334,27.520833333333332
2015-10-08,11:00,162.2,21.9,2015-10,2015,10,1665.7250000000001,27.141666666666666
2015-10-08,12:00,907.9,26.7,2015-10,2015,10,1665.7250000000001,27.141666666666666
2015-10-08,13:00,1716.9,30.5,2015-10,2015,10,1665.7250000000001,27.141666666666666
2015-10-08,14:00,2311.6,32.6,2015-10,2015,10,1665.7250000000001,27.141666666666666
2015-10-08,15:00,2719.6,33.2,2015-10,2015,10,1665.7250000000001,27.141666666666666
2015-10-08,16:00,2879.6,34.2,2015-10,2015,10,1665.7250000000001,27.141666666666666
2015-10-08,17:00,2786.6,34.9,2015-10,2015,10,1665.7250000000001,27.141666666666666
2015-10-08,18:00,2513.2,34.6,2015-10,2015,10,1665.7250000000001,27.141666666666666
2015-10-08,19:00,2041.6,34.5,2015-10,2015,10,1665.7250000000001,27.141666666666666
2015-10-08,20:00,1375.0,33.8,2015-10,2015,10,1665.7250000000001,27.141666666666666
2015-10-08,21:00,541.1,32.2,2015-10,2015,10,1665.7250000000001,27.141666666666666
2015-10-08,22:00,33.4,29.4,2015-10,2015,10,1665.7250000000001,27.141666666666666
2015-11-08,11:00,175.0,21.1,2015-11,2015,11,1739.2250000000001,26.545833333333334
2015-11-08,12:00,952.1,24.9,2015-11,2015,11,1739.2250000000001,26.545833333333334
2015-11-08,13:00,1761.5,29.4,2015-11,2015,11,1739.2250000000001,26.545833333333334
2015-11-08,14:00,2389.1,31.6,2015-11,2015,11,1739.2250000000001,26.545833333333334
2015-11-08,15:00,2786.9,32.8,2015-11,2015,11,1739.2250000000001,26.545833333333334
2015-11-08,16:00,2951.7,33.0,2015-11,2015,11,1739.2250000000001,26.545833333333334
2015-11-08,17:00,2878.7,33.8,2015-11,2015,11,1739.2250000000001,26.545833333333334
2015-11-08,18:00,2630.3,33.7,2015-11,2015,11,1739.2250000000001,26.545833333333334
2015-11-08,19:00,2174.5,33.6,2015-11,2015,11,1739.2250000000001,26.545833333333334
2015-11-08,20:00,1509.7,33.0,2015-11,2015,11,1739.2250000000001,26.545833333333334
2015-11-08,21:00,634.4,31.5,2015-11,2015,11,1739.2250000000001,26.545833333333334
2015-11-08,22:00,26.8,29.5,2015-11,2015,11,1739.2250000000001,26.545833333333334
2015-12-08,11:00,188.4,20.8,2015-12,2015,12,1770.8166666666666,26.358333333333334
2015-12-08,12:00,992.9,24.8,2015-12,2015,12,1770.8166666666666,26.358333333333334
2015-12-08,13:00,1807.1,29.3,2015-12,2015,12,1770.8166666666666,26.358333333333334
2015-12-08,14:00,2426.5,31.5,2015-12,2015,12,1770.8166666666666,26.358333333333334
2015-12-08,15:00,2839.1,32.0,2015-12,2015,12,1770.8166666666666,26.358333333333334
2015-12-08,16:00,3022.7,33.1,2015-12,2015,12,1770.8166666666666,26.358333333333334
2015-12-08,17:00,2929.1,32.9,2015-12,2015,12,1770.8166666666666,26.358333333333334
2015-12-08,18:00,2657.9,33.4,2015-12,2015,12,1770.8166666666666,26.358333333333334
2015-12-08,19:00,2236.8,33.2,2015-12,2015,12,1770.8166666666666,26.358333333333334
2015-12-08,20:00,1497.8,32.5,2015-12,2015,12,1770.8166666666666,26.358333333333334
2015-12-08,21:00,616.0,30.9,2015-12,2015,12,1770.8166666666666,26.358333333333334
2015-12-08,22:00,35.5,28.3,2015-12,2015,12,1770.8166666666666,26.358333333333334
2015-01-09,10:00,1.9,22.4,2015-01,2015,1,1488.5076923076922,29.90416666666667
2015-01-09,11:00,356.1,25.6,2015-01,2015,1,1488.5076923076922,29.90416666666667
2015-01-09,12:00,1141.7,29.5,2015-01,2015,1,1488.5076923076922,29.90416666666667
2015-01-09,13:00,1976.9,34.1,2015-01,2015,1,1488.5076923076922,29.90416666666667
2015-01-09,14:00,2573.0,35.6,2015-01,2015,1,1488.5076923076922,29.90416666666667
2015-01-09,15:00,2127.5,34.9,2015-01,2015,1,1488.5076923076922,29.90416666666667
2015-01-09,16:00,3225.9,37.7,2015-01,2015,1,1488.5076923076922,29.90416666666667
2015-01-09,17:00,2901.1,36.7,2015-01,2015,1,1488.5076923076922,29.90416666666667
2015-01-09,18:00,2157.6,37.7,2015-01,2015,1,1488.5076923076922,29.90416666666667
2015-01-09,19:00,1439.4,36.1,2015-01,2015,1,1488.5076923076922,29.90416666666667
2015-01-09,20:00,917.9,36.3,2015-01,2015,1,1488.5076923076922,29.90416666666667
2015-01-09,21:00,490.0,35.0,2015-01,2015,1,1488.5076923076922,29.90416666666667
2015-01-09,22:00,41.6,32.2,2015-01,2015,1,1488.5076923076922,29.90416666666667
2015-02-09,10:00,2.3,20.4,2015-02,2015,2,1785.423076923077,29.666666666666668
2015-02-09,11:00,371.5,23.1,2015-02,2015,2,1785.423076923077,29.666666666666668
2015-02-09,12:00,1186.0,28.5,2015-02,2015,2,1785.423076923077,29.666666666666668
2015-02-09,13:00,1980.8,32.6,2015-02,2015,2,1785.423076923077,29.666666666666668
2015-02-09,14:00,2601.1,35.1,2015-02,2015,2,1785.423076923077,29.666666666666668
2015-02-09,15:00,3073.3,36.5,2015-02,2015,2,1785.423076923077,29.666666666666668
2015-02-09,16:00,3329.8,38.2,2015-02,2015,2,1785.423076923077,29.666666666666668
2015-02-09,17:00,3213.6,37.8,2015-02,2015,2,1785.423076923077,29.666666666666668
2015-02-09,18:00,2921.1,37.6,2015-02,2015,2,1785.423076923077,29.666666666666668
2015-02-09,19:00,2173.1,37.3,2015-02,2015,2,1785.423076923077,29.666666666666668
2015-02-09,20:00,1603.5,36.8,2015-02,2015,2,1785.423076923077,29.666666666666668
2015-02-09,21:00,716.2,35.1,2015-02,2015,2,1785.423076923077,29.666666666666668
2015-02-09,22:00,38.2,32.4,2015-02,2015,2,1785.423076923077,29.666666666666668
2015-03-09,10:00,2.2,21.1,2015-03,2015,3,1575.246153846154,29.175
2015-03-09,11:00,343.1,22.4,2015-03,2015,3,1575.246153846154,29.175
2015-03-09,12:00,1133.1,26.7,2015-03,2015,3,1575.246153846154,29.175
2015-03-09,13:00,1897.3,30.4,2015-03,2015,3,1575.246153846154,29.175
2015-03-09,14:00,2454.3,34.1,2015-03,2015,3,1575.246153846154,29.175
2015-03-09,15:00,2888.2,35.7,2015-03,2015,3,1575.246153846154,29.175
2015-03-09,16:00,3066.5,35.9,2015-03,2015,3,1575.246153846154,29.175
2015-03-09,17:00,2923.2,37.2,2015-03,2015,3,1575.246153846154,29.175
2015-03-09,18:00,2474.8,36.0,2015-03,2015,3,1575.246153846154,29.175
2015-03-09,19:00,1660.3,35.8,2015-03,2015,3,1575.246153846154,29.175
2015-03-09,20:00,1073.9,36.0,2015-03,2015,3,1575.246153846154,29.175
2015-03-09,21:00,528.4,34.3,2015-03,2015,3,1575.246153846154,29.175
2015-03-09,22:00,32.9,31.5,2015-03,2015,3,1575.246153846154,29.175
2015-04-09,10:00,8.8,21.0,2015-04,2015,4,1502.8076923076924,29.170833333333334
2015-04-09,11:00,318.0,23.5,2015-04,2015,4,1502.8076923076924,29.170833333333334
2015-04-09,12:00,1011.5,26.1,2015-04,2015,4,1502.8076923076924,29.170833333333334
2015-04-09,13:00,1631.7,29.5,2015-04,2015,4,1502.8076923076924,29.170833333333334
2015-04-09,14:00,2379.7,33.8,2015-04,2015,4,1502.8076923076924,29.170833333333334
2015-04-09,15:00,2679.7,35.4,2015-04,2015,4,1502.8076923076924,29.170833333333334
2015-04-09,16:00,2820.5,36.8,2015-04,2015,4,1502.8076923076924,29.170833333333334
2015-04-09,17:00,2741.7,37.0,2015-04,2015,4,1502.8076923076924,29.170833333333334
2015-04-09,18:00,2378.9,37.1,2015-04,2015,4,1502.8076923076924,29.170833333333334
2015-04-09,19:00,1777.1,37.3,2015-04,2015,4,1502.8076923076924,29.170833333333334
2015-04-09,20:00,1223.7,36.3,2015-04,2015,4,1502.8076923076924,29.170833333333334
2015-04-09,21:00,520.8,34.7,2015-04,2015,4,1502.8076923076924,29.170833333333334
2015-04-09,22:00,44.4,32.2,2015-04,2015,4,1502.8076923076924,29.170833333333334
2015-05-09,10:00,3.1,22.3,2015-05,2015,5,1394.4923076923078,29.025000000000002
2015-05-09,11:00,299.6,23.5,2015-05,2015,5,1394.4923076923078,29.025000000000002
2015-05-09,12:00,705.2,25.0,2015-05,2015,5,1394.4923076923078,29.025000000000002
2015-05-09,13:00,1646.5,29.4,2015-05,2015,5,1394.4923076923078,29.025000000000002
2015-05-09,14:00,2364.8,32.5,2015-05,2015,5,1394.4923076923078,29.025000000000002
2015-05-09,15:00,2483.3,34.4,2015-05,2015,5,1394.4923076923078,29.025000000000002
2015-05-09,16:00,2242.3,35.5,2015-05,2015,5,1394.4923076923078,29.025000000000002
2015-05-09,17:00,2042.3,36.2,2015-05,2015,5,1394.4923076923078,29.025000000000002
2015-05-09,18:00,2548.2,35.9,2015-05,2015,5,1394.4923076923078,29.025000000000002
2015-05-09,19:00,1978.2,36.3,2015-05,2015,5,1394.4923076923078,29.025000000000002
2015-05-09,20:00,1267.9,35.8,2015-05,2015,5,1394.4923076923078,29.025000000000002
2015-05-09,21:00,512.8,34.1,2015-05,2015,5,1394.4923076923078,29.025000000000002
2015-05-09,22:00,34.2,31.7,2015-05,2015,5,1394.4923076923078,29.025000000000002
2015-06-09,10:00,3.3,22.8,2015-06,2015,6,1459.6615384615384,29.075
2015-06-09,11:00,295.6,24.3,2015-06,2015,6,1459.6615384615384,29.075
2015-06-09,12:00,989.4,26.3,2015-06,2015,6,1459.6615384615384,29.075
2015-06-09,13:00,1691.7,29.7,2015-06,2015,6,1459.6615384615384,29.075
2015-06-09,14:00,2306.3,31.9,2015-06,2015,6,1459.6615384615384,29.075
2015-06-09,15:00,2720.5,34.2,2015-06,2015,6,1459.6615384615384,29.075
2015-06-09,16:00,2848.2,35.1,2015-06,2015,6,1459.6615384615384,29.075
2015-06-09,17:00,2731.9,35.5,2015-06,2015,6,1459.6615384615384,29.075
2015-06-09,18:00,2017.9,36.3,2015-06,2015,6,1459.6615384615384,29.075
2015-06-09,19:00,1797.1,36.2,2015-06,2015,6,1459.6615384615384,29.075
2015-06-09,20:00,1068.6,35.6,2015-06,2015,6,1459.6615384615384,29.075
2015-06-09,21:00,456.6,31.9,2015-06,2015,6,1459.6615384615384,29.075
2015-06-09,22:00,48.5,31.3,2015-06,2015,6,1459.6615384615384,29.075
2015-07-09,02:00,2.8,25.5,2015-07,2015,7,1408.0857142857144,27.741666666666664
2015-07-09,10:00,2.8,22.2,2015-07,2015,7,1408.0857142857144,27.741666666666664
2015-07-09,11:00,315.4,24.4,2015-07,2015,7,1408.0857142857144,27.741666666666664
2015-07-09,12:00,1041.5,26.4,2015-07,2015,7,1408.0857142857144,27.741666666666664
2015-07-09,13:00,1806.8,29.2,2015-07,2015,7,1408.0857142857144,27.741666666666664
2015-07-09,14:00,2421.4,30.8,2015-07,2015,7,1408.0857142857144,27.741666666666664
2015-07-09,15:00,2845.9,32.4,2015-07,2015,7,1408.0857142857144,27.741666666666664
2015-07-09,16:00,2832.4,34.3,2015-07,2015,7,1408.0857142857144,27.741666666666664
2015-07-09,17:00,2590.6,34.5,2015-07,2015,7,1408.0857142857144,27.741666666666664
2015-07-09,18:00,2498.6,33.8,2015-07,2015,7,1408.0857142857144,27.741666666666664
2015-07-09,19:00,2173.8,34.1,2015-07,2015,7,1408.0857142857144,27.741666666666664
2015-07-09,20:00,516.7,32.8,2015-07,2015,7,1408.0857142857144,27.741666666666664
2015-07-09,21:00,639.7,31.8,2015-07,2015,7,1408.0857142857144,27.741666666666664
2015-07-09,22:00,24.8,29.1,2015-07,2015,7,1408.0857142857144,27.741666666666664
2015-08-09,10:00,3.6,23.2,2015-08,2015,8,1513.4384615384615,28.604166666666668
2015-08-09,11:00,355.6,25.4,2015-08,2015,8,1513.4384615384615,28.604166666666668
2015-08-09,12:00,1111.3,26.9,2015-08,2015,8,1513.4384615384615,28.604166666666668
2015-08-09,13:00,1898.3,30.2,2015-08,2015,8,1513.4384615384615,28.604166666666668
2015-08-09,14:00,2495.8,32.3,2015-08,2015,8,1513.4384615384615,28.604166666666668
2015-08-09,15:00,3021.8,34.2,2015-08,2015,8,1513.4384615384615,28.604166666666668
2015-08-09,16:00,2690.6,34.6,2015-08,2015,8,1513.4384615384615,28.604166666666668
2015-08-09,17:00,2899.2,34.4,2015-08,2015,8,1513.4384615384615,28.604166666666668
2015-08-09,18:00,1710.9,33.6,2015-08,2015,8,1513.4384615384615,28.604166666666668
2015-08-09,19:00,1747.0,35.1,2015-08,2015,8,1513.4384615384615,28.604166666666668
2015-08-09,20:00,1320.9,34.6,2015-08,2015,8,1513.4384615384615,28.604166666666668
2015-08-09,21:00,365.7,32.7,2015-08,2015,8,1513.4384615384615,28.604166666666668
2015-08-09,22:00,54.0,31.2,2015-08,2015,8,1513.4384615384615,28.604166666666668
2015-09-09,10:00,6.2,22.6,2015-09,2015,9,1621.746153846154,29.691666666666666
2015-09-09,11:00,365.7,25.6,2015-09,2015,9,1621.746153846154,29.691666666666666
2015-09-09,12:00,1151.6,28.8,2015-09,2015,9,1621.746153846154,29.691666666666666
2015-09-09,13:00,1969.5,31.5,2015-09,2015,9,1621.746153846154,29.691666666666666
2015-09-09,14:00,2619.4,33.1,2015-09,2015,9,1621.746153846154,29.691666666666666
2015-09-09,15:00,2900.3,34.1,2015-09,2015,9,1621.746153846154,29.691666666666666
2015-09-09,16:00,3065.2,35.9,2015-09,2015,9,1621.746153846154,29.691666666666666
2015-09-09,17:00,2546.1,36.2,2015-09,2015,9,1621.746153846154,29.691666666666666
2015-09-09,18:00,2064.8,36.5,2015-09,2015,9,1621.746153846154,29.691666666666666
2015-09-09,19:00,2463.0,36.3,2015-09,2015,9,1621.746153846154,29.691666666666666
2015-09-09,20:00,1437.2,34.6,2015-09,2015,9,1621.746153846154,29.691666666666666
2015-09-09,21:00,468.7,32.9,2015-09,2015,9,1621.746153846154,29.691666666666666
2015-09-09,22:00,25.0,31.7,2015-09,2015,9,1621.746153846154,29.691666666666666
2015-10-09,10:00,8.8,21.7,2015-10,2015,10,1520.5153846153846,29.129166666666666
2015-10-09,11:00,350.4,23.6,2015-10,2015,10,1520.5153846153846,29.129166666666666
2015-10-09,12:00,1159.5,27.2,2015-10,2015,10,1520.5153846153846,29.129166666666666
2015-10-09,13:00,1781.6,30.4,2015-10,2015,10,1520.5153846153846,29.129166666666666
2015-10-09,14:00,1837.6,32.2,2015-10,2015,10,1520.5153846153846,29.129166666666666
2015-10-09,15:00,2696.6,33.5,2015-10,2015,10,1520.5153846153846,29.129166666666666
2015-10-09,16:00,3125.7,35.0,2015-10,2015,10,1520.5153846153846,29.129166666666666
2015-10-09,17:00,2707.7,35.2,2015-10,2015,10,1520.5153846153846,29.129166666666666
2015-10-09,18:00,1894.0,35.8,2015-10,2015,10,1520.5153846153846,29.129166666666666
2015-10-09,19:00,2136.6,35.9,2015-10,2015,10,1520.5153846153846,29.129166666666666
2015-10-09,20:00,1447.7,35.1,2015-10,2015,10,1520.5153846153846,29.129166666666666
2015-10-09,21:00,581.2,34.2,2015-10,2015,10,1520.5153846153846,29.129166666666666
2015-10-09,22:00,39.3,32.4,2015-10,2015,10,1520.5153846153846,29.129166666666666
2015-11-09,10:00,4.9,22.8,2015-11,2015,11,1495.7076923076925,30.337500000000002
2015-11-09,11:00,318.6,27.1,2015-11,2015,11,1495.7076923076925,30.337500000000002
2015-11-09,12:00,1044.2,28.6,2015-11,2015,11,1495.7076923076925,30.337500000000002
2015-11-09,13:00,1827.7,32.2,2015-11,2015,11,1495.7076923076925,30.337500000000002
2015-11-09,14:00,2476.6,35.0,2015-11,2015,11,1495.7076923076925,30.337500000000002
2015-11-09,15:00,2409.9,35.7,2015-11,2015,11,1495.7076923076925,30.337500000000002
2015-11-09,16:00,2990.5,37.3,2015-11,2015,11,1495.7076923076925,30.337500000000002
2015-11-09,17:00,2772.9,37.5,2015-11,2015,11,1495.7076923076925,30.337500000000002
2015-11-09,18:00,2348.0,37.5,2015-11,2015,11,1495.7076923076925,30.337500000000002
2015-11-09,19:00,1805.3,37.0,2015-11,2015,11,1495.7076923076925,30.337500000000002
2015-11-09,20:00,1010.5,35.8,2015-11,2015,11,1495.7076923076925,30.337500000000002
2015-11-09,21:00,380.3,35.0,2015-11,2015,11,1495.7076923076925,30.337500000000002
2015-11-09,22:00,54.8,30.7,2015-11,2015,11,1495.7076923076925,30.337500000000002
2015-12-09,08:00,2.7,24.4,2015-12,2015,12,1153.3933333333334,27.775000000000002
2015-12-09,09:00,0.8,23.7,2015-12,2015,12,1153.3933333333334,27.775000000000002
2015-12-09,10:00,7.7,23.1,2015-12,2015,12,1153.3933333333334,27.775000000000002
2015-12-09,11:00,169.1,23.2,2015-12,2015,12,1153.3933333333334,27.775000000000002
2015-12-09,12:00,319.3,23.9,2015-12,2015,12,1153.3933333333334,27.775000000000002
2015-12-09,13:00,804.2,24.8,2015-12,2015,12,1153.3933333333334,27.775000000000002
2015-12-09,14:00,2415.4,26.5,2015-12,2015,12,1153.3933333333334,27.775000000000002
2015-12-09,15:00,2413.8,27.8,2015-12,2015,12,1153.3933333333334,27.775000000000002
2015-12-09,16:00,2946.5,29.4,2015-12,2015,12,1153.3933333333334,27.775000000000002
2015-12-09,17:00,2427.6,30.2,2015-12,2015,12,1153.3933333333334,27.775000000000002
2015-12-09,18:00,1806.3,31.9,2015-12,2015,12,1153.3933333333334,27.775000000000002
2015-12-09,19:00,2077.1,32.6,2015-12,2015,12,1153.3933333333334,27.775000000000002
2015-12-09,20:00,1353.2,32.6,2015-12,2015,12,1153.3933333333334,27.775000000000002
2015-12-09,21:00,505.7,31.9,2015-12,2015,12,1153.3933333333334,27.775000000000002
2015-12-09,22:00,51.5,30.6,2015-12,2015,12,1153.3933333333334,27.775000000000002
2015-01-10,10:00,42.1,23.1,2015-01,2015,1,1662.276923076923,28.958333333333332
2015-01-10,11:00,540.8,24.7,2015-01,2015,1,1662.276923076923,28.958333333333332
2015-01-10,12:00,1186.8,26.9,2015-01,2015,1,1662.276923076923,28.958333333333332
2015-01-10,13:00,1945.9,29.1,2015-01,2015,1,1662.276923076923,28.958333333333332
2015-01-10,14:00,2214.2,31.6,2015-01,2015,1,1662.276923076923,28.958333333333332
2015-01-10,15:00,3407.2,34.5,2015-01,2015,1,1662.276923076923,28.958333333333332
2015-01-10,16:00,3237.1,35.4,2015-01,2015,1,1662.276923076923,28.958333333333332
2015-01-10,17:00,3000.2,37.3,2015-01,2015,1,1662.276923076923,28.958333333333332
2015-01-10,18:00,2961.5,37.1,2015-01,2015,1,1662.276923076923,28.958333333333332
2015-01-10,19:00,2038.6,36.5,2015-01,2015,1,1662.276923076923,28.958333333333332
2015-01-10,20:00,813.5,35.3,2015-01,2015,1,1662.276923076923,28.958333333333332
2015-01-10,21:00,200.9,34.0,2015-01,2015,1,1662.276923076923,28.958333333333332
2015-01-10,22:00,20.8,30.1,2015-01,2015,1,1662.276923076923,28.958333333333332
2015-02-10,10:00,35.9,23.9,2015-02,2015,2,1610.2692307692307,29.391666666666666
2015-02-10,11:00,464.4,26.7,2015-02,2015,2,1610.2692307692307,29.391666666666666
2015-02-10,12:00,1214.3,29.8,2015-02,2015,2,1610.2692307692307,29.391666666666666
2015-02-10,13:00,1831.8,30.8,2015-02,2015,2,1610.2692307692307,29.391666666666666
2015-02-10,14:00,1971.7,32.5,2015-02,2015,2,1610.2692307692307,29.391666666666666
2015-02-10,15:00,3149.9,34.4,2015-02,2015,2,1610.2692307692307,29.391666666666666
2015-02-10,16:00,3390.4,36.3,2015-02,2015,2,1610.2692307692307,29.391666666666666
2015-02-10,17:00,3252.2,36.5,2015-02,2015,2,1610.2692307692307,29.391666666666666
2015-02-10,18:00,2905.5,36.9,2015-02,2015,2,1610.2692307692307,29.391666666666666
2015-02-10,19:00,2077.0,35.9,2015-02,2015,2,1610.2692307692307,29.391666666666666
2015-02-10,20:00,454.4,33.8,2015-02,2015,2,1610.2692307692307,29.391666666666666
2015-02-10,21:00,162.7,32.1,2015-02,2015,2,1610.2692307692307,29.391666666666666
2015-02-10,22:00,23.3,30.6,2015-02,2015,2,1610.2692307692307,29.391666666666666
2015-03-10,10:00,19.9,24.7,2015-03,2015,3,1242.6846153846154,28.358333333333334
2015-03-10,11:00,50.5,24.0,2015-03,2015,3,1242.6846153846154,28.358333333333334
2015-03-10,12:00,110.3,22.3,2015-03,2015,3,1242.6846153846154,28.358333333333334
2015-03-10,13:00,179.0,23.2,2015-03,2015,3,1242.6846153846154,28.358333333333334
2015-03-10,14:00,873.3,24.7,2015-03,2015,3,1242.6846153846154,28.358333333333334
2015-03-10,15:00,1897.0,28.2,2015-03,2015,3,1242.6846153846154,28.358333333333334
2015-03-10,16:00,2906.3,32.2,2015-03,2015,3,1242.6846153846154,28.358333333333334
2015-03-10,17:00,3127.7,33.5,2015-03,2015,3,1242.6846153846154,28.358333333333334
2015-03-10,18:00,2662.6,35.1,2015-03,2015,3,1242.6846153846154,28.358333333333334
2015-03-10,19:00,2211.0,35.8,2015-03,2015,3,1242.6846153846154,28.358333333333334
2015-03-10,20:00,1461.3,35.3,2015-03,2015,3,1242.6846153846154,28.358333333333334
2015-03-10,21:00,595.4,33.9,2015-03,2015,3,1242.6846153846154,28.358333333333334
2015-03-10,22:00,60.6,31.0,2015-03,2015,3,1242.6846153846154,28.358333333333334
2015-04-10,10:00,50.9,23.2,2015-04,2015,4,1686.776923076923,28.65416666666667
2015-04-10,11:00,339.4,23.8,2015-04,2015,4,1686.776923076923,28.65416666666667
2015-04-10,12:00,983.9,25.3,2015-04,2015,4,1686.776923076923,28.65416666666667
2015-04-10,13:00,1779.0,27.7,2015-04,2015,4,1686.776923076923,28.65416666666667
2015-04-10,14:00,2045.7,30.1,2015-04,2015,4,1686.776923076923,28.65416666666667
2015-04-10,15:00,3045.1,32.8,2015-04,2015,4,1686.776923076923,28.65416666666667
2015-04-10,16:00,3258.2,33.9,2015-04,2015,4,1686.776923076923,28.65416666666667
2015-04-10,17:00,3133.7,35.7,2015-04,2015,4,1686.776923076923,28.65416666666667
2015-04-10,18:00,2808.2,36.2,2015-04,2015,4,1686.776923076923,28.65416666666667
2015-04-10,19:00,2231.0,36.6,2015-04,2015,4,1686.776923076923,28.65416666666667
2015-04-10,20:00,1517.8,36.4,2015-04,2015,4,1686.776923076923,28.65416666666667
2015-04-10,21:00,647.8,35.5,2015-04,2015,4,1686.776923076923,28.65416666666667
2015-04-10,22:00,87.4,31.8,2015-04,2015,4,1686.776923076923,28.65416666666667
2015-05-10,10:00,48.6,24.2,2015-05,2015,5,1591.3692307692306,30.495833333333334
2015-05-10,11:00,553.3,26.3,2015-05,2015,5,1591.3692307692306,30.495833333333334
2015-05-10,12:00,1353.8,29.9,2015-05,2015,5,1591.3692307692306,30.495833333333334
2015-05-10,13:00,2139.3,32.2,2015-05,2015,5,1591.3692307692306,30.495833333333334
2015-05-10,14:00,2751.8,34.4,2015-05,2015,5,1591.3692307692306,30.495833333333334
2015-05-10,15:00,2976.2,36.2,2015-05,2015,5,1591.3692307692306,30.495833333333334
2015-05-10,16:00,2696.8,36.0,2015-05,2015,5,1591.3692307692306,30.495833333333334
2015-05-10,17:00,3066.5,37.6,2015-05,2015,5,1591.3692307692306,30.495833333333334
2015-05-10,18:00,2532.9,36.8,2015-05,2015,5,1591.3692307692306,30.495833333333334
2015-05-10,19:00,1769.2,37.2,2015-05,2015,5,1591.3692307692306,30.495833333333334
2015-05-10,20:00,421.4,34.1,2015-05,2015,5,1591.3692307692306,30.495833333333334
2015-05-10,21:00,328.9,33.9,2015-05,2015,5,1591.3692307692306,30.495833333333334
2015-05-10,22:00,49.1,31.1,2015-05,2015,5,1591.3692307692306,30.495833333333334
2015-06-10,10:00,48.1,24.5,2015-06,2015,6,1312.9461538461537,28.90833333333333
2015-06-10,11:00,550.5,27.5,2015-06,2015,6,1312.9461538461537,28.90833333333333
2015-06-10,12:00,1321.8,30.7,2015-06,2015,6,1312.9461538461537,28.90833333333333
2015-06-10,13:00,2079.4,32.5,2015-06,2015,6,1312.9461538461537,28.90833333333333
2015-06-10,14:00,2654.9,34.9,2015-06,2015,6,1312.9461538461537,28.90833333333333
2015-06-10,15:00,3059.9,36.4,2015-06,2015,6,1312.9461538461537,28.90833333333333
2015-06-10,16:00,2169.4,35.8,2015-06,2015,6,1312.9461538461537,28.90833333333333
2015-06-10,17:00,2156.7,37.8,2015-06,2015,6,1312.9461538461537,28.90833333333333
2015-06-10,18:00,2333.5,36.5,2015-06,2015,6,1312.9461538461537,28.90833333333333
2015-06-10,19:00,337.8,29.9,2015-06,2015,6,1312.9461538461537,28.90833333333333
2015-06-10,20:00,330.9,29.0,2015-06,2015,6,1312.9461538461537,28.90833333333333
2015-06-10,21:00,17.7,24.9,2015-06,2015,6,1312.9461538461537,28.90833333333333
2015-06-10,22:00,7.7,21.2,2015-06,2015,6,1312.9461538461537,28.90833333333333
2015-07-10,00:00,0.1,22.2,2015-07,2015,7,1208.0071428571428,24.391666666666666
2015-07-10,10:00,47.5,21.0,2015-07,2015,7,1208.0071428571428,24.391666666666666
2015-07-10,11:00,371.1,21.7,2015-07,2015,7,1208.0071428571428,24.391666666666666
2015-07-10,12:00,808.2,23.2,2015-07,2015,7,1208.0071428571428,24.391666666666666
2015-07-10,13:00,1166.7,24.1,2015-07,2015,7,1208.0071428571428,24.391666666666666
2015-07-10,14:00,1712.1,25.1,2015-07,2015,7,1208.0071428571428,24.391666666666666
2015-07-10,15:00,2479.8,27.3,2015-07,2015,7,1208.0071428571428,24.391666666666666
2015-07-10,16:00,3100.2,28.4,2015-07,2015,7,1208.0071428571428,24.391666666666666
2015-07-10,17:00,2803.6,28.7,2015-07,2015,7,1208.0071428571428,24.391666666666666
2015-07-10,18:00,1854.8,28.6,2015-07,2015,7,1208.0071428571428,24.391666666666666
2015-07-10,19:00,1299.1,28.8,2015-07,2015,7,1208.0071428571428,24.391666666666666
2015-07-10,20:00,798.1,28.8,2015-07,2015,7,1208.0071428571428,24.391666666666666
2015-07-10,21:00,414.1,28.3,2015-07,2015,7,1208.0071428571428,24.391666666666666
2015-07-10,22:00,56.7,27.5,2015-07,2015,7,1208.0071428571428,24.391666666666666
2015-08-10,10:00,59.5,22.3,2015-08,2015,8,1757.646153846154,28.245833333333334
2015-08-10,11:00,585.5,25.1,2015-08,2015,8,1757.646153846154,28.245833333333334
2015-08-10,12:00,1411.0,26.9,2015-08,2015,8,1757.646153846154,28.245833333333334
2015-08-10,13:00,2193.1,30.4,2015-08,2015,8,1757.646153846154,28.245833333333334
2015-08-10,14:00,2805.5,32.0,2015-08,2015,8,1757.646153846154,28.245833333333334
2015-08-10,15:00,3203.6,34.1,2015-08,2015,8,1757.646153846154,28.245833333333334
2015-08-10,16:00,3373.8,35.5,2015-08,2015,8,1757.646153846154,28.245833333333334
2015-08-10,17:00,3250.9,35.8,2015-08,2015,8,1757.646153846154,28.245833333333334
2015-08-10,18:00,1975.9,36.5,2015-08,2015,8,1757.646153846154,28.245833333333334
2015-08-10,19:00,1997.3,34.6,2015-08,2015,8,1757.646153846154,28.245833333333334
2015-08-10,20:00,1299.7,35.2,2015-08,2015,8,1757.646153846154,28.245833333333334
2015-08-10,21:00,621.4,34.1,2015-08,2015,8,1757.646153846154,28.245833333333334
2015-08-10,22:00,72.2,32.8,2015-08,2015,8,1757.646153846154,28.245833333333334
2015-09-10,10:00,64.5,24.1,2015-09,2015,9,1346.569230769231,27.695833333333336
2015-09-10,11:00,582.5,25.3,2015-09,2015,9,1346.569230769231,27.695833333333336
2015-09-10,12:00,1391.5,27.7,2015-09,2015,9,1346.569230769231,27.695833333333336
2015-09-10,13:00,2176.7,30.7,2015-09,2015,9,1346.569230769231,27.695833333333336
2015-09-10,14:00,2670.3,32.0,2015-09,2015,9,1346.569230769231,27.695833333333336
2015-09-10,15:00,3100.1,35.4,2015-09,2015,9,1346.569230769231,27.695833333333336
2015-09-10,16:00,1909.5,33.1,2015-09,2015,9,1346.569230769231,27.695833333333336
2015-09-10,17:00,2905.6,34.8,2015-09,2015,9,1346.569230769231,27.695833333333336
2015-09-10,18:00,1564.2,27.5,2015-09,2015,9,1346.569230769231,27.695833333333336
2015-09-10,19:00,885.4,30.6,2015-09,2015,9,1346.569230769231,27.695833333333336
2015-09-10,20:00,189.4,27.1,2015-09,2015,9,1346.569230769231,27.695833333333336
2015-09-10,21:00,57.2,27.2,2015-09,2015,9,1346.569230769231,27.695833333333336
2015-09-10,22:00,8.5,26.7,2015-09,2015,9,1346.569230769231,27.695833333333336
2015-10-10,10:00,40.2,23.3,2015-10,2015,10,660.4923076923077,25.170833333333334
2015-10-10,11:00,309.5,23.9,2015-10,2015,10,660.4923076923077,25.170833333333334
2015-10-10,12:00,320.7,24.8,2015-10,2015,10,660.4923076923077,25.170833333333334
2015-10-10,13:00,501.1,24.4,2015-10,2015,10,660.4923076923077,25.170833333333334
2015-10-10,14:00,1264.7,25.6,2015-10,2015,10,660.4923076923077,25.170833333333334
2015-10-10,15:00,1357.1,26.5,2015-10,2015,10,660.4923076923077,25.170833333333334
2015-10-10,16:00,1088.7,25.7,2015-10,2015,10,660.4923076923077,25.170833333333334
2015-10-10,17:00,953.3,25.5,2015-10,2015,10,660.4923076923077,25.170833333333334
2015-10-10,18:00,697.8,25.7,2015-10,2015,10,660.4923076923077,25.170833333333334
2015-10-10,19:00,824.6,25.9,2015-10,2015,10,660.4923076923077,25.170833333333334
2015-10-10,20:00,848.2,26.3,2015-10,2015,10,660.4923076923077,25.170833333333334
2015-10-10,21:00,347.5,26.1,2015-10,2015,10,660.4923076923077,25.170833333333334
2015-10-10,22:00,33.0,25.3,2015-10,2015,10,660.4923076923077,25.170833333333334
2015-11-10,07:00,0.1,21.7,2015-11,2015,11,1553.3357142857144,25.233333333333334
2015-11-10,10:00,45.1,21.8,2015-11,2015,11,1553.3357142857144,25.233333333333334
2015-11-10,11:00,286.7,22.2,2015-11,2015,11,1553.3357142857144,25.233333333333334
2015-11-10,12:00,651.8,23.0,2015-11,2015,11,1553.3357142857144,25.233333333333334
2015-11-10,13:00,1310.0,24.9,2015-11,2015,11,1553.3357142857144,25.233333333333334
2015-11-10,14:00,2833.5,27.3,2015-11,2015,11,1553.3357142857144,25.233333333333334
2015-11-10,15:00,3451.9,27.1,2015-11,2015,11,1553.3357142857144,25.233333333333334
2015-11-10,16:00,2987.6,26.8,2015-11,2015,11,1553.3357142857144,25.233333333333334
2015-11-10,17:00,2566.7,27.9,2015-11,2015,11,1553.3357142857144,25.233333333333334
2015-11-10,18:00,3045.8,28.9,2015-11,2015,11,1553.3357142857144,25.233333333333334
2015-11-10,19:00,2538.9,29.7,2015-11,2015,11,1553.3357142857144,25.233333333333334
2015-11-10,20:00,1522.7,29.6,2015-11,2015,11,1553.3357142857144,25.233333333333334
2015-11-10,21:00,424.0,29.4,2015-11,2015,11,1553.3357142857144,25.233333333333334
2015-11-10,22:00,81.9,27.9,2015-11,2015,11,1553.3357142857144,25.233333333333334
2015-12-10,10:00,48.3,19.3,2015-12,2015,12,1487.923076923077,23.525000000000002
2015-12-10,11:00,425.8,20.3,2015-12,2015,12,1487.923076923077,23.525000000000002
2015-12-10,12:00,730.3,21.1,2015-12,2015,12,1487.923076923077,23.525000000000002
2015-12-10,13:00,1283.1,22.1,2015-12,2015,12,1487.923076923077,23.525000000000002
2015-12-10,14:00,1959.2,23.1,2015-12,2015,12,1487.923076923077,23.525000000000002
2015-12-10,15:00,1868.2,24.2,2015-12,2015,12,1487.923076923077,23.525000000000002
2015-12-10,16:00,3028.7,26.8,2015-12,2015,12,1487.923076923077,23.525000000000002
2015-12-10,17:00,2813.3,28.4,2015-12,2015,12,1487.923076923077,23.525000000000002
2015-12-10,18:00,2446.0,29.3,2015-12,2015,12,1487.923076923077,23.525000000000002
2015-12-10,19:00,2385.0,30.0,2015-12,2015,12,1487.923076923077,23.525000000000002
2015-12-10,20:00,1574.9,29.4,2015-12,2015,12,1487.923076923077,23.525000000000002
2015-12-10,21:00,701.0,28.3,2015-12,2015,12,1487.923076923077,23.525000000000002
2015-12-10,22:00,79.2,26.7,2015-12,2015,12,1487.923076923077,23.525000000000002
2015-01-11,10:00,52.6,23.2,2015-01,2015,1,1724.253846153846,27.133333333333336
2015-01-11,11:00,487.8,24.4,2015-01,2015,1,1724.253846153846,27.133333333333336
2015-01-11,12:00,1457.4,27.1,2015-01,2015,1,1724.253846153846,27.133333333333336
2015-01-11,13:00,2372.4,29.3,2015-01,2015,1,1724.253846153846,27.133333333333336
2015-01-11,14:00,3609.2,30.9,2015-01,2015,1,1724.253846153846,27.133333333333336
2015-01-11,15:00,3252.5,31.7,2015-01,2015,1,1724.253846153846,27.133333333333336
2015-01-11,16:00,2164.9,31.3,2015-01,2015,1,1724.253846153846,27.133333333333336
2015-01-11,17:00,2810.0,34.5,2015-01,2015,1,1724.253846153846,27.133333333333336
2015-01-11,18:00,2129.7,34.5,2015-01,2015,1,1724.253846153846,27.133333333333336
2015-01-11,19:00,1568.0,29.4,2015-01,2015,1,1724.253846153846,27.133333333333336
2015-01-11,20:00,1527.3,30.1,2015-01,2015,1,1724.253846153846,27.133333333333336
2015-01-11,21:00,782.9,30.6,2015-01,2015,1,1724.253846153846,27.133333333333336
2015-01-11,22:00,200.6,27.9,2015-01,2015,1,1724.253846153846,27.133333333333336
2015-02-11,10:00,33.0,24.8,2015-02,2015,2,219.09999999999997,24.508333333333336
2015-02-11,11:00,417.5,25.9,2015-02,2015,2,219.09999999999997,24.508333333333336
2015-02-11,12:00,426.7,25.4,2015-02,2015,2,219.09999999999997,24.508333333333336
2015-02-11,13:00,141.7,23.7,2015-02,2015,2,219.09999999999997,24.508333333333336
2015-02-11,14:00,114.5,22.8,2015-02,2015,2,219.09999999999997,24.508333333333336
2015-02-11,15:00,230.6,22.8,2015-02,2015,2,219.09999999999997,24.508333333333336
2015-02-11,16:00,226.1,23.3,2015-02,2015,2,219.09999999999997,24.508333333333336
2015-02-11,17:00,196.6,23.0,2015-02,2015,2,219.09999999999997,24.508333333333336
2015-02-11,18:00,186.2,23.1,2015-02,2015,2,219.09999999999997,24.508333333333336
2015-02-11,19:00,269.2,23.7,2015-02,2015,2,219.09999999999997,24.508333333333336
2015-02-11,20:00,346.0,24.3,2015-02,2015,2,219.09999999999997,24.508333333333336
2015-02-11,21:00,216.6,24.3,2015-02,2015,2,219.09999999999997,24.508333333333336
2015-02-11,22:00,43.6,23.6,2015-02,2015,2,219.09999999999997,24.508333333333336
2015-03-11,10:00,53.8,22.2,2015-03,2015,3,955.4923076923077,25.233333333333334
2015-03-11,11:00,295.7,22.6,2015-03,2015,3,955.4923076923077,25.233333333333334
2015-03-11,12:00,587.6,23.5,2015-03,2015,3,955.4923076923077,25.233333333333334
2015-03-11,13:00,912.8,25.0,2015-03,2015,3,955.4923076923077,25.233333333333334
2015-03-11,14:00,1256.3,26.5,2015-03,2015,3,955.4923076923077,25.233333333333334
2015-03-11,15:00,1415.1,27.5,2015-03,2015,3,955.4923076923077,25.233333333333334
2015-03-11,16:00,1595.1,27.8,2015-03,2015,3,955.4923076923077,25.233333333333334
2015-03-11,17:00,1020.6,28.5,2015-03,2015,3,955.4923076923077,25.233333333333334
2015-03-11,18:00,1574.2,30.1,2015-03,2015,3,955.4923076923077,25.233333333333334
2015-03-11,19:00,1348.5,28.7,2015-03,2015,3,955.4923076923077,25.233333333333334
2015-03-11,20:00,1565.2,29.7,2015-03,2015,3,955.4923076923077,25.233333333333334
2015-03-11,21:00,693.8,29.4,2015-03,2015,3,955.4923076923077,25.233333333333334
2015-03-11,22:00,102.7,28.3,2015-03,2015,3,955.4923076923077,25.233333333333334
2015-04-11,10:00,90.5,23.4,2015-04,2015,4,1498.7615384615385,26.879166666666666
2015-04-11,11:00,418.0,24.3,2015-04,2015,4,1498.7615384615385,26.879166666666666
2015-04-11,12:00,895.0,25.7,2015-04,2015,4,1498.7615384615385,26.879166666666666
2015-04-11,13:00,1601.9,28.4,2015-04,2015,4,1498.7615384615385,26.879166666666666
2015-04-11,14:00,2910.3,30.4,2015-04,2015,4,1498.7615384615385,26.879166666666666
2015-04-11,15:00,3221.0,31.5,2015-04,2015,4,1498.7615384615385,26.879166666666666
2015-04-11,16:00,3531.3,33.5,2015-04,2015,4,1498.7615384615385,26.879166666666666
2015-04-11,17:00,2967.3,33.8,2015-04,2015,4,1498.7615384615385,26.879166666666666
2015-04-11,18:00,2636.2,33.0,2015-04,2015,4,1498.7615384615385,26.879166666666666
2015-04-11,19:00,450.7,27.1,2015-04,2015,4,1498.7615384615385,26.879166666666666
2015-04-11,20:00,639.2,27.3,2015-04,2015,4,1498.7615384615385,26.879166666666666
2015-04-11,21:00,77.5,27.3,2015-04,2015,4,1498.7615384615385,26.879166666666666
2015-04-11,22:00,45.0,25.1,2015-04,2015,4,1498.7615384615385,26.879166666666666
2015-05-11,10:00,102.7,23.0,2015-05,2015,5,1425.2153846153847,26.579166666666666
2015-05-11,11:00,693.6,25.2,2015-05,2015,5,1425.2153846153847,26.579166666666666
2015-05-11,12:00,1384.1,26.8,2015-05,2015,5,1425.2153846153847,26.579166666666666
2015-05-11,13:00,1642.9,27.8,2015-05,2015,5,1425.2153846153847,26.579166666666666
2015-05-11,14:00,2213.9,29.8,2015-05,2015,5,1425.2153846153847,26.579166666666666
2015-05-11,15:00,1814.7,30.0,2015-05,2015,5,1425.2153846153847,26.579166666666666
2015-05-11,16:00,572.2,29.8,2015-05,2015,5,1425.2153846153847,26.579166666666666
2015-05-11,17:00,2333.6,29.0,2015-05,2015,5,1425.2153846153847,26.579166666666666
2015-05-11,18:00,3015.3,33.0,2015-05,2015,5,1425.2153846153847,26.579166666666666
2015-05-11,19:00,2509.7,33.9,2015-05,2015,5,1425.2153846153847,26.579166666666666
2015-05-11,20:00,1721.8,33.8,2015-05,2015,5,1425.2153846153847,26.579166666666666
2015-05-11,21:00,467.1,31.9,2015-05,2015,5,1425.2153846153847,26.579166666666666
2015-05-11,22:00,56.2,27.3,2015-05,2015,5,1425.2153846153847,26.579166666666666
2015-06-11,10:00,125.2,22.3,2015-06,2015,6,1303.723076923077,25.608333333333334
2015-06-11,11:00,753.0,24.1,2015-06,2015,6,1303.723076923077,25.608333333333334
2015-06-11,12:00,1686.7,27.1,2015-06,2015,6,1303.723076923077,25.608333333333334
2015-06-11,13:00,2409.6,29.0,2015-06,2015,6,1303.723076923077,25.608333333333334
2015-06-11,14:00,2571.6,30.9,2015-06,2015,6,1303.723076923077,25.608333333333334
2015-06-11,15:00,2870.0,31.3,2015-06,2015,6,1303.723076923077,25.608333333333334
2015-06-11,16:00,2007.0,31.2,2015-06,2015,6,1303.723076923077,25.608333333333334
2015-06-11,17:00,2285.8,32.4,2015-06,2015,6,1303.723076923077,25.608333333333334
2015-06-11,18:00,360.9,22.3,2015-06,2015,6,1303.723076923077,25.608333333333334
2015-06-11,19:00,949.1,25.5,2015-06,2015,6,1303.723076923077,25.608333333333334
2015-06-11,20:00,670.8,26.3,2015-06,2015,6,1303.723076923077,25.608333333333334
2015-06-11,21:00,211.8,25.3,2015-06,2015,6,1303.723076923077,25.608333333333334
2015-06-11,22:00,46.9,24.6,2015-06,2015,6,1303.723076923077,25.608333333333334
2015-07-11,10:00,53.6,22.7,2015-07,2015,7,1763.776923076923,26.80416666666667
2015-07-11,11:00,378.6,23.6,2015-07,2015,7,1763.776923076923,26.80416666666667
2015-07-11,12:00,1281.0,25.1,2015-07,2015,7,1763.776923076923,26.80416666666667
2015-07-11,13:00,2280.7,28.1,2015-07,2015,7,1763.776923076923,26.80416666666667
2015-07-11,14:00,2418.3,30.1,2015-07,2015,7,1763.776923076923,26.80416666666667
2015-07-11,15:00,3133.9,30.8,2015-07,2015,7,1763.776923076923,26.80416666666667
2015-07-11,16:00,3166.0,33.1,2015-07,2015,7,1763.776923076923,26.80416666666667
2015-07-11,17:00,2510.0,32.6,2015-07,2015,7,1763.776923076923,26.80416666666667
2015-07-11,18:00,2627.1,33.0,2015-07,2015,7,1763.776923076923,26.80416666666667
2015-07-11,19:00,2496.1,32.2,2015-07,2015,7,1763.776923076923,26.80416666666667
2015-07-11,20:00,1305.8,32.9,2015-07,2015,7,1763.776923076923,26.80416666666667
2015-07-11,21:00,1112.3,31.7,2015-07,2015,7,1763.776923076923,26.80416666666667
2015-07-11,22:00,165.7,29.6,2015-07,2015,7,1763.776923076923,26.80416666666667
2015-08-11,10:00,136.3,24.4,2015-08,2015,8,1601.6153846153845,29.075
2015-08-11,11:00,877.9,26.4,2015-08,2015,8,1601.6153846153845,29.075
2015-08-11,12:00,1435.8,29.8,2015-08,2015,8,1601.6153846153845,29.075
2015-08-11,13:00,2463.9,32.3,2015-08,2015,8,1601.6153846153845,29.075
2015-08-11,14:00,3044.2,33.5,2015-08,2015,8,1601.6153846153845,29.075
2015-08-11,15:00,2658.2,34.5,2015-08,2015,8,1601.6153846153845,29.075
2015-08-11,16:00,3394.8,35.8,2015-08,2015,8,1601.6153846153845,29.075
2015-08-11,17:00,2933.9,36.2,2015-08,2015,8,1601.6153846153845,29.075
2015-08-11,18:00,2226.7,35.2,2015-08,2015,8,1601.6153846153845,29.075
2015-08-11,19:00,1012.2,34.5,2015-08,2015,8,1601.6153846153845,29.075
2015-08-11,20:00,355.5,30.3,2015-08,2015,8,1601.6153846153845,29.075
2015-08-11,21:00,222.7,30.6,2015-08,2015,8,1601.6153846153845,29.075
2015-08-11,22:00,58.9,30.0,2015-08,2015,8,1601.6153846153845,29.075
2015-09-11,10:00,44.8,21.7,2015-09,2015,9,1794.0615384615385,27.25
2015-09-11,11:00,316.5,22.3,2015-09,2015,9,1794.0615384615385,27.25
2015-09-11,12:00,910.0,24.8,2015-09,2015,9,1794.0615384615385,27.25
2015-09-11,13:00,2003.7,26.9,2015-09,2015,9,1794.0615384615385,27.25
2015-09-11,14:00,1940.4,28.6,2015-09,2015,9,1794.0615384615385,27.25
2015-09-11,15:00,3229.0,30.3,2015-09,2015,9,1794.0615384615385,27.25
2015-09-11,16:00,3270.5,30.2,2015-09,2015,9,1794.0615384615385,27.25
2015-09-11,17:00,3341.9,32.4,2015-09,2015,9,1794.0615384615385,27.25
2015-09-11,18:00,3056.6,32.2,2015-09,2015,9,1794.0615384615385,27.25
2015-09-11,19:00,2554.2,33.2,2015-09,2015,9,1794.0615384615385,27.25
2015-09-11,20:00,1712.8,33.1,2015-09,2015,9,1794.0615384615385,27.25
2015-09-11,21:00,830.2,32.0,2015-09,2015,9,1794.0615384615385,27.25
2015-09-11,22:00,112.2,30.1,2015-09,2015,9,1794.0615384615385,27.25
2015-10-11,10:00,103.5,22.9,2015-10,2015,10,1968.0461538461536,28.662499999999998
2015-10-11,11:00,1033.4,25.4,2015-10,2015,10,1968.0461538461536,28.662499999999998
2015-10-11,12:00,1697.0,28.6,2015-10,2015,10,1968.0461538461536,28.662499999999998
2015-10-11,13:00,2317.9,30.1,2015-10,2015,10,1968.0461538461536,28.662499999999998
2015-10-11,14:00,2365.8,31.7,2015-10,2015,10,1968.0461538461536,28.662499999999998
2015-10-11,15:00,2417.5,32.9,2015-10,2015,10,1968.0461538461536,28.662499999999998
2015-10-11,16:00,3812.3,34.0,2015-10,2015,10,1968.0461538461536,28.662499999999998
2015-10-11,17:00,3484.0,35.1,2015-10,2015,10,1968.0461538461536,28.662499999999998
2015-10-11,18:00,3108.1,34.9,2015-10,2015,10,1968.0461538461536,28.662499999999998
2015-10-11,19:00,2501.6,35.6,2015-10,2015,10,1968.0461538461536,28.662499999999998
2015-10-11,20:00,1745.0,34.8,2015-10,2015,10,1968.0461538461536,28.662499999999998
2015-10-11,21:00,878.3,33.8,2015-10,2015,10,1968.0461538461536,28.662499999999998
2015-10-11,22:00,120.2,32.3,2015-10,2015,10,1968.0461538461536,28.662499999999998
2015-11-11,10:00,84.9,25.0,2015-11,2015,11,1917.569230769231,30.875
2015-11-11,11:00,883.0,29.0,2015-11,2015,11,1917.569230769231,30.875
2015-11-11,12:00,1670.8,30.3,2015-11,2015,11,1917.569230769231,30.875
2015-11-11,13:00,2447.6,33.0,2015-11,2015,11,1917.569230769231,30.875
2015-11-11,14:00,2931.9,34.1,2015-11,2015,11,1917.569230769231,30.875
2015-11-11,15:00,3242.0,35.2,2015-11,2015,11,1917.569230769231,30.875
2015-11-11,16:00,3400.9,37.5,2015-11,2015,11,1917.569230769231,30.875
2015-11-11,17:00,2961.2,37.3,2015-11,2015,11,1917.569230769231,30.875
2015-11-11,18:00,2544.3,38.3,2015-11,2015,11,1917.569230769231,30.875
2015-11-11,19:00,2650.5,37.3,2015-11,2015,11,1917.569230769231,30.875
2015-11-11,20:00,1578.8,37.1,2015-11,2015,11,1917.569230769231,30.875
2015-11-11,21:00,464.1,35.3,2015-11,2015,11,1917.569230769231,30.875
2015-11-11,22:00,68.4,33.6,2015-11,2015,11,1917.569230769231,30.875
2015-12-11,10:00,180.0,26.4,2015-12,2015,12,1991.8000000000002,30.620833333333334
2015-12-11,11:00,863.2,28.2,2015-12,2015,12,1991.8000000000002,30.620833333333334
2015-12-11,12:00,1693.0,29.9,2015-12,2015,12,1991.8000000000002,30.620833333333334
2015-12-11,13:00,2376.4,31.3,2015-12,2015,12,1991.8000000000002,30.620833333333334
2015-12-11,14:00,3011.2,32.7,2015-12,2015,12,1991.8000000000002,30.620833333333334
2015-12-11,15:00,3410.4,34.6,2015-12,2015,12,1991.8000000000002,30.620833333333334
2015-12-11,16:00,3619.3,35.8,2015-12,2015,12,1991.8000000000002,30.620833333333334
2015-12-11,17:00,2504.6,35.4,2015-12,2015,12,1991.8000000000002,30.620833333333334
2015-12-11,18:00,2761.7,37.2,2015-12,2015,12,1991.8000000000002,30.620833333333334
2015-12-11,19:00,2652.6,35.5,2015-12,2015,12,1991.8000000000002,30.620833333333334
2015-12-11,20:00,1684.9,35.2,2015-12,2015,12,1991.8000000000002,30.620833333333334
2015-12-11,21:00,1091.0,34.2,2015-12,2015,12,1991.8000000000002,30.620833333333334
2015-12-11,22:00,45.1,30.7,2015-12,2015,12,1991.8000000000002,30.620833333333334
2015-01-12,10:00,189.9,24.0,2015-01,2015,1,1950.0307692307692,28.633333333333336
2015-01-12,11:00,941.8,26.7,2015-01,2015,1,1950.0307692307692,28.633333333333336
2015-01-12,12:00,1655.5,28.8,2015-01,2015,1,1950.0307692307692,28.633333333333336
2015-01-12,13:00,2465.5,30.4,2015-01,2015,1,1950.0307692307692,28.633333333333336
2015-01-12,14:00,2970.1,31.4,2015-01,2015,1,1950.0307692307692,28.633333333333336
2015-01-12,15:00,3401.9,32.7,2015-01,2015,1,1950.0307692307692,28.633333333333336
2015-01-12,16:00,3287.1,34.3,2015-01,2015,1,1950.0307692307692,28.633333333333336
2015-01-12,17:00,3358.5,34.8,2015-01,2015,1,1950.0307692307692,28.633333333333336
2015-01-12,18:00,3323.9,34.9,2015-01,2015,1,1950.0307692307692,28.633333333333336
2015-01-12,19:00,2157.6,35.2,2015-01,2015,1,1950.0307692307692,28.633333333333336
2015-01-12,20:00,593.3,33.2,2015-01,2015,1,1950.0307692307692,28.633333333333336
2015-01-12,21:00,912.6,33.0,2015-01,2015,1,1950.0307692307692,28.633333333333336
2015-01-12,22:00,92.7,31.6,2015-01,2015,1,1950.0307692307692,28.633333333333336
2015-02-12,10:00,157.1,24.2,2015-02,2015,2,1670.3384615384616,28.650000000000002
2015-02-12,11:00,771.7,26.3,2015-02,2015,2,1670.3384615384616,28.650000000000002
2015-02-12,12:00,1366.9,27.8,2015-02,2015,2,1670.3384615384616,28.650000000000002
2015-02-12,13:00,2257.0,30.7,2015-02,2015,2,1670.3384615384616,28.650000000000002
2015-02-12,14:00,2757.2,33.0,2015-02,2015,2,1670.3384615384616,28.650000000000002
2015-02-12,15:00,3355.3,34.0,2015-02,2015,2,1670.3384615384616,28.650000000000002
2015-02-12,16:00,3661.8,34.6,2015-02,2015,2,1670.3384615384616,28.650000000000002
2015-02-12,17:00,2858.9,35.0,2015-02,2015,2,1670.3384615384616,28.650000000000002
2015-02-12,18:00,2604.1,34.8,2015-02,2015,2,1670.3384615384616,28.650000000000002
2015-02-12,19:00,1057.6,34.8,2015-02,2015,2,1670.3384615384616,28.650000000000002
2015-02-12,20:00,438.8,32.8,2015-02,2015,2,1670.3384615384616,28.650000000000002
2015-02-12,21:00,315.5,30.9,2015-02,2015,2,1670.3384615384616,28.650000000000002
2015-02-12,22:00,112.5,29.7,2015-02,2015,2,1670.3384615384616,28.650000000000002
2015-03-12,10:00,230.4,25.0,2015-03,2015,3,1595.4769230769232,27.670833333333334
2015-03-12,11:00,899.3,27.4,2015-03,2015,3,1595.4769230769232,27.670833333333334
2015-03-12,12:00,1706.6,29.7,2015-03,2015,3,1595.4769230769232,27.670833333333334
2015-03-12,13:00,2609.6,30.8,2015-03,2015,3,1595.4769230769232,27.670833333333334
2015-03-12,14:00,2954.1,32.7,2015-03,2015,3,1595.4769230769232,27.670833333333334
2015-03-12,15:00,3257.4,33.3,2015-03,2015,3,1595.4769230769232,27.670833333333334
2015-03-12,16:00,3073.7,34.5,2015-03,2015,3,1595.4769230769232,27.670833333333334
2015-03-12,17:00,3467.8,35.2,2015-03,2015,3,1595.4769230769232,27.670833333333334
2015-03-12,18:00,1970.1,32.1,2015-03,2015,3,1595.4769230769232,27.670833333333334
2015-03-12,19:00,426.9,29.8,2015-03,2015,3,1595.4769230769232,27.670833333333334
2015-03-12,20:00,122.4,28.6,2015-03,2015,3,1595.4769230769232,27.670833333333334
2015-03-12,21:00,16.9,24.5,2015-03,2015,3,1595.4769230769232,27.670833333333334
2015-03-12,22:00,6.0,23.4,2015-03,2015,3,1595.4769230769232,27.670833333333334
2015-04-12,02:00,0.1,24.3,2015-04,2015,4,1573.1642857142856,26.695833333333336
2015-04-12,10:00,113.8,23.6,2015-04,2015,4,1573.1642857142856,26.695833333333336
2015-04-12,11:00,490.1,25.9,2015-04,2015,4,1573.1642857142856,26.695833333333336
2015-04-12,12:00,1692.4,27.9,2015-04,2015,4,1573.1642857142856,26.695833333333336
2015-04-12,13:00,2378.1,30.3,2015-04,2015,4,1573.1642857142856,26.695833333333336
2015-04-12,14:00,2929.2,31.7,2015-04,2015,4,1573.1642857142856,26.695833333333336
2015-04-12,15:00,3323.0,31.9,2015-04,2015,4,1573.1642857142856,26.695833333333336
2015-04-12,16:00,2968.6,33.2,2015-04,2015,4,1573.1642857142856,26.695833333333336
2015-04-12,17:00,2965.4,33.0,2015-04,2015,4,1573.1642857142856,26.695833333333336
2015-04-12,18:00,2484.3,33.5,2015-04,2015,4,1573.1642857142856,26.695833333333336
2015-04-12,19:00,1191.4,32.9,2015-04,2015,4,1573.1642857142856,26.695833333333336
2015-04-12,20:00,1186.9,27.1,2015-04,2015,4,1573.1642857142856,26.695833333333336
2015-04-12,21:00,262.8,23.4,2015-04,2015,4,1573.1642857142856,26.695833333333336
2015-04-12,22:00,38.2,24.1,2015-04,2015,4,1573.1642857142856,26.695833333333336
2015-05-12,10:00,29.8,22.8,2015-05,2015,5,933.4384615384614,24.883333333333336
2015-05-12,11:00,248.7,23.2,2015-05,2015,5,933.4384615384614,24.883333333333336
2015-05-12,12:00,514.8,24.0,2015-05,2015,5,933.4384615384614,24.883333333333336
2015-05-12,13:00,468.7,24.0,2015-05,2015,5,933.4384615384614,24.883333333333336
2015-05-12,14:00,954.3,25.4,2015-05,2015,5,933.4384615384614,24.883333333333336
2015-05-12,15:00,886.4,25.6,2015-05,2015,5,933.4384615384614,24.883333333333336
2015-05-12,16:00,1149.1,26.5,2015-05,2015,5,933.4384615384614,24.883333333333336
2015-05-12,17:00,1512.3,27.1,2015-05,2015,5,933.4384615384614,24.883333333333336
2015-05-12,18:00,2420.7,28.3,2015-05,2015,5,933.4384615384614,24.883333333333336
2015-05-12,19:00,2488.2,29.0,2015-05,2015,5,933.4384615384614,24.883333333333336
2015-05-12,20:00,655.7,27.5,2015-05,2015,5,933.4384615384614,24.883333333333336
2015-05-12,21:00,736.4,27.0,2015-05,2015,5,933.4384615384614,24.883333333333336
2015-05-12,22:00,69.6,26.8,2015-05,2015,5,933.4384615384614,24.883333333333336
2015-06-12,10:00,60.5,22.8,2015-06,2015,6,705.8076923076923,24.7375
2015-06-12,11:00,267.6,23.7,2015-06,2015,6,705.8076923076923,24.7375
2015-06-12,12:00,389.3,24.1,2015-06,2015,6,705.8076923076923,24.7375
2015-06-12,13:00,606.2,23.9,2015-06,2015,6,705.8076923076923,24.7375
2015-06-12,14:00,696.3,24.2,2015-06,2015,6,705.8076923076923,24.7375
2015-06-12,15:00,1282.1,26.6,2015-06,2015,6,705.8076923076923,24.7375
2015-06-12,16:00,1265.4,27.9,2015-06,2015,6,705.8076923076923,24.7375
2015-06-12,17:00,1336.6,27.1,2015-06,2015,6,705.8076923076923,24.7375
2015-06-12,18:00,950.6,27.7,2015-06,2015,6,705.8076923076923,24.7375
2015-06-12,19:00,965.7,26.3,2015-06,2015,6,705.8076923076923,24.7375
2015-06-12,20:00,709.3,25.5,2015-06,2015,6,705.8076923076923,24.7375
2015-06-12,21:00,461.9,25.1,2015-06,2015,6,705.8076923076923,24.7375
2015-06-12,22:00,184.0,24.1,2015-06,2015,6,705.8076923076923,24.7375
2015-07-12,10:00,94.6,22.4,2015-07,2015,7,1286.9846153846154,26.020833333333332
2015-07-12,11:00,523.6,23.9,2015-07,2015,7,1286.9846153846154,26.020833333333332
2015-07-12,12:00,1259.9,27.0,2015-07,2015,7,1286.9846153846154,26.020833333333332
2015-07-12,13:00,2321.6,29.2,2015-07,2015,7,1286.9846153846154,26.020833333333332
2015-07-12,14:00,2644.3,29.7,2015-07,2015,7,1286.9846153846154,26.020833333333332
2015-07-12,15:00,2806.0,31.1,2015-07,2015,7,1286.9846153846154,26.020833333333332
2015-07-12,16:00,2007.3,32.6,2015-07,2015,7,1286.9846153846154,26.020833333333332
2015-07-12,17:00,2127.7,31.0,2015-07,2015,7,1286.9846153846154,26.020833333333332
2015-07-12,18:00,546.3,27.7,2015-07,2015,7,1286.9846153846154,26.020833333333332
2015-07-12,19:00,817.8,28.6,2015-07,2015,7,1286.9846153846154,26.020833333333332
2015-07-12,20:00,866.4,29.7,2015-07,2015,7,1286.9846153846154,26.020833333333332
2015-07-12,21:00,583.4,29.0,2015-07,2015,7,1286.9846153846154,26.020833333333332
2015-07-12,22:00,131.9,27.6,2015-07,2015,7,1286.9846153846154,26.020833333333332
2015-08-12,10:00,108.5,24.0,2015-08,2015,8,1780.9846153846154,27.866666666666664
2015-08-12,11:00,505.9,25.0,2015-08,2015,8,1780.9846153846154,27.866666666666664
2015-08-12,12:00,1496.8,27.5,2015-08,2015,8,1780.9846153846154,27.866666666666664
2015-08-12,13:00,2149.9,29.1,2015-08,2015,8,1780.9846153846154,27.866666666666664
2015-08-12,14:00,2659.8,30.7,2015-08,2015,8,1780.9846153846154,27.866666666666664
2015-08-12,15:00,2983.1,32.0,2015-08,2015,8,1780.9846153846154,27.866666666666664
2015-08-12,16:00,2766.5,32.3,2015-08,2015,8,1780.9846153846154,27.866666666666664
2015-08-12,17:00,2748.4,32.9,2015-08,2015,8,1780.9846153846154,27.866666666666664
2015-08-12,18:00,3105.3,34.1,2015-08,2015,8,1780.9846153846154,27.866666666666664
2015-08-12,19:00,2212.5,33.3,2015-08,2015,8,1780.9846153846154,27.866666666666664
2015-08-12,20:00,1512.4,33.6,2015-08,2015,8,1780.9846153846154,27.866666666666664
2015-08-12,21:00,782.3,32.2,2015-08,2015,8,1780.9846153846154,27.866666666666664
2015-08-12,22:00,121.4,29.1,2015-08,2015,8,1780.9846153846154,27.866666666666664
2015-09-12,10:00,93.5,23.7,2015-09,2015,9,1376.8384615384616,27.650000000000002
2015-09-12,11:00,394.3,24.4,2015-09,2015,9,1376.8384615384616,27.650000000000002
2015-09-12,12:00,919.7,26.4,2015-09,2015,9,1376.8384615384616,27.650000000000002
2015-09-12,13:00,1851.3,28.6,2015-09,2015,9,1376.8384615384616,27.650000000000002
2015-09-12,14:00,2647.2,30.7,2015-09,2015,9,1376.8384615384616,27.650000000000002
2015-09-12,15:00,2863.0,31.0,2015-09,2015,9,1376.8384615384616,27.650000000000002
2015-09-12,16:00,2147.1,31.0,2015-09,2015,9,1376.8384615384616,27.650000000000002
2015-09-12,17:00,1868.0,31.7,2015-09,2015,9,1376.8384615384616,27.650000000000002
2015-09-12,18:00,2284.4,32.5,2015-09,2015,9,1376.8384615384616,27.650000000000002
2015-09-12,19:00,1453.2,31.7,2015-09,2015,9,1376.8384615384616,27.650000000000002
2015-09-12,20:00,804.9,31.7,2015-09,2015,9,1376.8384615384616,27.650000000000002
2015-09-12,21:00,452.6,31.0,2015-09,2015,9,1376.8384615384616,27.650000000000002
2015-09-12,22:00,119.7,29.6,2015-09,2015,9,1376.8384615384616,27.650000000000002
2015-10-12,10:00,79.6,23.6,2015-10,2015,10,1272.6692307692308,25.995833333333334
2015-10-12,11:00,254.7,24.8,2015-10,2015,10,1272.6692307692308,25.995833333333334
2015-10-12,12:00,410.5,26.0,2015-10,2015,10,1272.6692307692308,25.995833333333334
2015-10-12,13:00,1780.2,28.2,2015-10,2015,10,1272.6692307692308,25.995833333333334
2015-10-12,14:00,2408.5,31.1,2015-10,2015,10,1272.6692307692308,25.995833333333334
2015-10-12,15:00,3272.3,31.8,2015-10,2015,10,1272.6692307692308,25.995833333333334
2015-10-12,16:00,3202.1,32.2,2015-10,2015,10,1272.6692307692308,25.995833333333334
2015-10-12,17:00,3050.9,33.5,2015-10,2015,10,1272.6692307692308,25.995833333333334
2015-10-12,18:00,872.0,29.5,2015-10,2015,10,1272.6692307692308,25.995833333333334
2015-10-12,19:00,554.0,26.1,2015-10,2015,10,1272.6692307692308,25.995833333333334
2015-10-12,20:00,336.1,26.1,2015-10,2015,10,1272.6692307692308,25.995833333333334
2015-10-12,21:00,292.7,25.4,2015-10,2015,10,1272.6692307692308,25.995833333333334
2015-10-12,22:00,31.1,25.2,2015-10,2015,10,1272.6692307692308,25.995833333333334
2015-11-12,10:00,85.1,23.4,2015-11,2015,11,1593.3692307692306,27.22083333333333
2015-11-12,11:00,594.6,25.9,2015-11,2015,11,1593.3692307692306,27.22083333333333
2015-11-12,12:00,1180.2,26.1,2015-11,2015,11,1593.3692307692306,27.22083333333333
2015-11-12,13:00,1575.5,27.5,2015-11,2015,11,1593.3692307692306,27.22083333333333
2015-11-12,14:00,1807.0,28.4,2015-11,2015,11,1593.3692307692306,27.22083333333333
2015-11-12,15:00,3022.3,31.2,2015-11,2015,11,1593.3692307692306,27.22083333333333
2015-11-12,16:00,3238.4,32.2,2015-11,2015,11,1593.3692307692306,27.22083333333333
2015-11-12,17:00,3174.2,32.0,2015-11,2015,11,1593.3692307692306,27.22083333333333
2015-11-12,18:00,2856.6,34.7,2015-11,2015,11,1593.3692307692306,27.22083333333333
2015-11-12,19:00,1089.3,33.0,2015-11,2015,11,1593.3692307692306,27.22083333333333
2015-11-12,20:00,1070.4,31.8,2015-11,2015,11,1593.3692307692306,27.22083333333333
2015-11-12,21:00,910.1,31.3,2015-11,2015,11,1593.3692307692306,27.22083333333333
2015-11-12,22:00,110.1,30.3,2015-11,2015,11,1593.3692307692306,27.22083333333333
2015-12-12,10:00,125.9,25.7,2015-12,2015,12,1980.8692307692306,29.0625
2015-12-12,11:00,705.6,28.3,2015-12,2015,12,1980.8692307692306,29.0625
2015-12-12,12:00,1552.7,29.7,2015-12,2015,12,1980.8692307692306,29.0625
2015-12-12,13:00,2371.7,30.7,2015-12,2015,12,1980.8692307692306,29.0625
2015-12-12,14:00,2944.8,32.2,2015-12,2015,12,1980.8692307692306,29.0625
2015-12-12,15:00,3186.1,33.4,2015-12,2015,12,1980.8692307692306,29.0625
2015-12-12,16:00,3451.1,34.2,2015-12,2015,12,1980.8692307692306,29.0625
2015-12-12,17:00,3464.5,34.4,2015-12,2015,12,1980.8692307692306,29.0625
2015-12-12,18:00,2864.8,35.3,2015-12,2015,12,1980.8692307692306,29.0625
2015-12-12,19:00,2593.6,35.9,2015-12,2015,12,1980.8692307692306,29.0625
2015-12-12,20:00,1433.8,32.9,2015-12,2015,12,1980.8692307692306,29.0625
2015-12-12,21:00,819.4,30.7,2015-12,2015,12,1980.8692307692306,29.0625
2015-12-12,22:00,237.3,28.8,2015-12,2015,12,1980.8692307692306,29.0625
2016-01-01,10:00,19.6,22.4,2016-01,2016,1,878.323076923077,22.429166666666664
2016-01-01,11:00,207.0,22.5,2016-01,2016,1,878.323076923077,22.429166666666664
2016-01-01,12:00,543.8,22.9,2016-01,2016,1,878.323076923077,22.429166666666664
2016-01-01,13:00,863.6,22.9,2016-01,2016,1,878.323076923077,22.429166666666664
2016-01-01,14:00,1064.8,23.6,2016-01,2016,1,878.323076923077,22.429166666666664
2016-01-01,15:00,1928.2,23.8,2016-01,2016,1,878.323076923077,22.429166666666664
2016-01-01,16:00,2271.9,21.8,2016-01,2016,1,878.323076923077,22.429166666666664
2016-01-01,17:00,794.9,21.0,2016-01,2016,1,878.323076923077,22.429166666666664
2016-01-01,18:00,341.3,22.1,2016-01,2016,1,878.323076923077,22.429166666666664
2016-01-01,19:00,966.5,23.1,2016-01,2016,1,878.323076923077,22.429166666666664
2016-01-01,20:00,1032.5,22.9,2016-01,2016,1,878.323076923077,22.429166666666664
2016-01-01,21:00,1104.4,22.5,2016-01,2016,1,878.323076923077,22.429166666666664
2016-01-01,22:00,279.7,22.6,2016-01,2016,1,878.323076923077,22.429166666666664
2016-02-01,10:00,27.6,22.3,2016-02,2016,2,1248.5307692307692,22.370833333333334
2016-02-01,11:00,299.9,22.4,2016-02,2016,2,1248.5307692307692,22.370833333333334
2016-02-01,12:00,1255.1,22.3,2016-02,2016,2,1248.5307692307692,22.370833333333334
2016-02-01,13:00,1237.5,22.6,2016-02,2016,2,1248.5307692307692,22.370833333333334
2016-02-01,14:00,1609.3,22.9,2016-02,2016,2,1248.5307692307692,22.370833333333334
2016-02-01,15:00,932.3,22.7,2016-02,2016,2,1248.5307692307692,22.370833333333334
2016-02-01,16:00,1318.7,22.3,2016-02,2016,2,1248.5307692307692,22.370833333333334
2016-02-01,17:00,2096.9,22.4,2016-02,2016,2,1248.5307692307692,22.370833333333334
2016-02-01,18:00,2310.4,22.5,2016-02,2016,2,1248.5307692307692,22.370833333333334
2016-02-01,19:00,2571.2,22.1,2016-02,2016,2,1248.5307692307692,22.370833333333334
2016-02-01,20:00,1692.0,22.3,2016-02,2016,2,1248.5307692307692,22.370833333333334
2016-02-01,21:00,551.2,22.5,2016-02,2016,2,1248.5307692307692,22.370833333333334
2016-02-01,22:00,328.8,22.4,2016-02,2016,2,1248.5307692307692,22.370833333333334
2016-03-01,10:00,36.0,22.2,2016-03,2016,3,1258.0285714285715,22.304166666666664
2016-03-01,11:00,663.4,22.9,2016-03,2016,3,1258.0285714285715,22.304166666666664
2016-03-01,12:00,1185.4,23.3,2016-03,2016,3,1258.0285714285715,22.304166666666664
2016-03-01,13:00,2298.6,22.6,2016-03,2016,3,1258.0285714285715,22.304166666666664
2016-03-01,14:00,2064.3,22.9,2016-03,2016,3,1258.0285714285715,22.304166666666664
2016-03-01,15:00,2915.5,21.5,2016-03,2016,3,1258.0285714285715,22.304166666666664
2016-03-01,16:00,2428.2,22.0,2016-03,2016,3,1258.0285714285715,22.304166666666664
2016-03-01,17:00,2194.7,22.7,2016-03,2016,3,1258.0285714285715,22.304166666666664
2016-03-01,18:00,1283.0,23.6,2016-03,2016,3,1258.0285714285715,22.304166666666664
2016-03-01,19:00,871.0,22.1,2016-03,2016,3,1258.0285714285715,22.304166666666664
2016-03-01,20:00,649.0,23.2,2016-03,2016,3,1258.0285714285715,22.304166666666664
2016-03-01,21:00,736.2,24.1,2016-03,2016,3,1258.0285714285715,22.304166666666664
2016-03-01,22:00,278.3,22.6,2016-03,2016,3,1258.0285714285715,22.304166666666664
2016-03-01,23:00,8.8,21.3,2016-03,2016,3,1258.0285714285715,22.304166666666664
2016-04-01,10:00,12.1,21.7,2016-04,2016,4,1291.8642857142856,22.116666666666664
2016-04-01,11:00,203.9,22.2,2016-04,2016,4,1291.8642857142856,22.116666666666664
2016-04-01,12:00,454.0,21.7,2016-04,2016,4,1291.8642857142856,22.116666666666664
2016-04-01,13:00,418.0,21.9,2016-04,2016,4,1291.8642857142856,22.116666666666664
2016-04-01,14:00,935.3,22.5,2016-04,2016,4,1291.8642857142856,22.116666666666664
2016-04-01,15:00,1275.7,21.8,2016-04,2016,4,1291.8642857142856,22.116666666666664
2016-04-01,16:00,1890.4,22.2,2016-04,2016,4,1291.8642857142856,22.116666666666664
2016-04-01,17:00,3256.9,23.2,2016-04,2016,4,1291.8642857142856,22.116666666666664
2016-04-01,18:00,3320.6,23.2,2016-04,2016,4,1291.8642857142856,22.116666666666664
2016-04-01,19:00,2993.6,21.7,2016-04,2016,4,1291.8642857142856,22.116666666666664
2016-04-01,20:00,2281.6,21.6,2016-04,2016,4,1291.8642857142856,22.116666666666664
2016-04-01,21:00,814.5,22.8,2016-04,2016,4,1291.8642857142856,22.116666666666664
2016-04-01,22:00,229.1,22.5,2016-04,2016,4,1291.8642857142856,22.116666666666664
2016-04-01,23:00,0.4,22.2,2016-04,2016,4,1291.8642857142856,22.116666666666664
2016-05-01,10:00,3.0,21.7,2016-05,2016,5,874.2142857142857,22.120833333333334
2016-05-01,11:00,23.2,21.5,2016-05,2016,5,874.2142857142857,22.120833333333334
2016-05-01,12:00,128.1,21.5,2016-05,2016,5,874.2142857142857,22.120833333333334
2016-05-01,13:00,497.0,21.6,2016-05,2016,5,874.2142857142857,22.120833333333334
2016-05-01,14:00,729.3,21.9,2016-05,2016,5,874.2142857142857,22.120833333333334
2016-05-01,15:00,828.8,22.2,2016-05,2016,5,874.2142857142857,22.120833333333334
2016-05-01,16:00,1163.1,22.6,2016-05,2016,5,874.2142857142857,22.120833333333334
2016-05-01,17:00,1284.7,22.3,2016-05,2016,5,874.2142857142857,22.120833333333334
2016-05-01,18:00,1834.4,23.0,2016-05,2016,5,874.2142857142857,22.120833333333334
2016-05-01,19:00,2286.4,22.8,2016-05,2016,5,874.2142857142857,22.120833333333334
2016-05-01,20:00,2182.3,22.5,2016-05,2016,5,874.2142857142857,22.120833333333334
2016-05-01,21:00,1011.6,22.6,2016-05,2016,5,874.2142857142857,22.120833333333334
2016-05-01,22:00,261.9,22.2,2016-05,2016,5,874.2142857142857,22.120833333333334
2016-05-01,23:00,5.2,22.0,2016-05,2016,5,874.2142857142857,22.120833333333334
2016-06-01,10:00,14.1,21.5,2016-06,2016,6,903.8000000000001,22.087500000000002
2016-06-01,11:00,118.5,21.7,2016-06,2016,6,903.8000000000001,22.087500000000002
2016-06-01,12:00,185.4,21.7,2016-06,2016,6,903.8000000000001,22.087500000000002
2016-06-01,13:00,302.5,22.1,2016-06,2016,6,903.8000000000001,22.087500000000002
2016-06-01,14:00,386.4,22.0,2016-06,2016,6,903.8000000000001,22.087500000000002
2016-06-01,15:00,509.9,22.1,2016-06,2016,6,903.8000000000001,22.087500000000002
2016-06-01,16:00,1097.9,22.4,2016-06,2016,6,903.8000000000001,22.087500000000002
2016-06-01,17:00,1544.6,22.8,2016-06,2016,6,903.8000000000001,22.087500000000002
2016-06-01,18:00,2842.8,22.7,2016-06,2016,6,903.8000000000001,22.087500000000002
2016-06-01,19:00,2433.5,22.1,2016-06,2016,6,903.8000000000001,22.087500000000002
2016-06-01,20:00,1739.5,22.5,2016-06,2016,6,903.8000000000001,22.087500000000002
2016-06-01,21:00,1226.1,22.4,2016-06,2016,6,903.8000000000001,22.087500000000002
2016-06-01,22:00,251.4,22.6,2016-06,2016,6,903.8000000000001,22.087500000000002
2016-06-01,23:00,0.6,22.6,2016-06,2016,6,903.8000000000001,22.087500000000002
2016-07-01,02:00,0.4,21.3,2016-07,2016,7,1278.8,22.09583333333333
2016-07-01,10:00,30.8,21.4,2016-07,2016,7,1278.8,22.09583333333333
2016-07-01,11:00,231.8,21.7,2016-07,2016,7,1278.8,22.09583333333333
2016-07-01,12:00,396.0,22.3,2016-07,2016,7,1278.8,22.09583333333333
2016-07-01,13:00,1621.5,22.6,2016-07,2016,7,1278.8,22.09583333333333
2016-07-01,14:00,2449.2,22.9,2016-07,2016,7,1278.8,22.09583333333333
2016-07-01,15:00,2432.9,23.0,2016-07,2016,7,1278.8,22.09583333333333
2016-07-01,16:00,2487.6,23.1,2016-07,2016,7,1278.8,22.09583333333333
2016-07-01,17:00,2018.0,22.9,2016-07,2016,7,1278.8,22.09583333333333
2016-07-01,18:00,2856.4,23.8,2016-07,2016,7,1278.8,22.09583333333333
2016-07-01,19:00,2775.6,21.8,2016-07,2016,7,1278.8,22.09583333333333
2016-07-01,20:00,1381.5,22.6,2016-07,2016,7,1278.8,22.09583333333333
2016-07-01,21:00,250.1,23.4,2016-07,2016,7,1278.8,22.09583333333333
2016-07-01,22:00,244.4,23.4,2016-07,2016,7,1278.8,22.09583333333333
2016-07-01,23:00,5.8,21.4,2016-07,2016,7,1278.8,22.09583333333333
2016-08-01,10:00,13.6,21.5,2016-08,2016,8,1237.707142857143,21.920833333333334
2016-08-01,11:00,203.2,21.7,2016-08,2016,8,1237.707142857143,21.920833333333334
2016-08-01,12:00,363.6,21.8,2016-08,2016,8,1237.707142857143,21.920833333333334
2016-08-01,13:00,498.5,22.0,2016-08,2016,8,1237.707142857143,21.920833333333334
2016-08-01,14:00,884.0,22.5,2016-08,2016,8,1237.707142857143,21.920833333333334
2016-08-01,15:00,1501.5,22.2,2016-08,2016,8,1237.707142857143,21.920833333333334
2016-08-01,16:00,1820.1,22.4,2016-08,2016,8,1237.707142857143,21.920833333333334
2016-08-01,17:00,2729.3,22.5,2016-08,2016,8,1237.707142857143,21.920833333333334
2016-08-01,18:00,2739.3,21.8,2016-08,2016,8,1237.707142857143,21.920833333333334
2016-08-01,19:00,2907.4,21.7,2016-08,2016,8,1237.707142857143,21.920833333333334
2016-08-01,20:00,2070.8,22.2,2016-08,2016,8,1237.707142857143,21.920833333333334
2016-08-01,21:00,1239.7,21.8,2016-08,2016,8,1237.707142857143,21.920833333333334
2016-08-01,22:00,351.7,22.2,2016-08,2016,8,1237.707142857143,21.920833333333334
2016-08-01,23:00,5.2,22.4,2016-08,2016,8,1237.707142857143,21.920833333333334
2016-09-01,10:00,11.5,21.7,2016-09,2016,9,1228.8999999999999,22.254166666666666
2016-09-01,11:00,97.5,21.8,2016-09,2016,9,1228.8999999999999,22.254166666666666
2016-09-01,12:00,199.3,22.2,2016-09,2016,9,1228.8999999999999,22.254166666666666
2016-09-01,13:00,678.2,22.8,2016-09,2016,9,1228.8999999999999,22.254166666666666
2016-09-01,14:00,1697.1,23.0,2016-09,2016,9,1228.8999999999999,22.254166666666666
2016-09-01,15:00,2231.5,22.7,2016-09,2016,9,1228.8999999999999,22.254166666666666
2016-09-01,16:00,2349.7,22.7,2016-09,2016,9,1228.8999999999999,22.254166666666666
2016-09-01,17:00,2729.6,23.9,2016-09,2016,9,1228.8999999999999,22.254166666666666
2016-09-01,18:00,2690.3,22.8,2016-09,2016,9,1228.8999999999999,22.254166666666666
2016-09-01,19:00,1319.9,21.8,2016-09,2016,9,1228.8999999999999,22.254166666666666
2016-09-01,20:00,1879.3,23.5,2016-09,2016,9,1228.8999999999999,22.254166666666666
2016-09-01,21:00,969.3,22.6,2016-09,2016,9,1228.8999999999999,22.254166666666666
2016-09-01,22:00,344.7,22.2,2016-09,2016,9,1228.8999999999999,22.254166666666666
2016-09-01,23:00,6.7,22.2,2016-09,2016,9,1228.8999999999999,22.254166666666666
2016-10-01,10:00,30.5,22.6,2016-10,2016,10,1120.7928571428572,22.4375
2016-10-01,11:00,199.1,22.9,2016-10,2016,10,1120.7928571428572,22.4375
2016-10-01,12:00,1082.9,22.9,2016-10,2016,10,1120.7928571428572,22.4375
2016-10-01,13:00,1538.9,23.0,2016-10,2016,10,1120.7928571428572,22.4375
2016-10-01,14:00,1234.8,22.8,2016-10,2016,10,1120.7928571428572,22.4375
2016-10-01,15:00,910.6,22.8,2016-10,2016,10,1120.7928571428572,22.4375
2016-10-01,16:00,1754.4,23.0,2016-10,2016,10,1120.7928571428572,22.4375
2016-10-01,17:00,2609.7,23.0,2016-10,2016,10,1120.7928571428572,22.4375
2016-10-01,18:00,2518.1,22.7,2016-10,2016,10,1120.7928571428572,22.4375
2016-10-01,19:00,2311.8,23.0,2016-10,2016,10,1120.7928571428572,22.4375
2016-10-01,20:00,956.7,21.7,2016-10,2016,10,1120.7928571428572,22.4375
2016-10-01,21:00,383.5,23.5,2016-10,2016,10,1120.7928571428572,22.4375
2016-10-01,22:00,158.6,21.8,2016-10,2016,10,1120.7928571428572,22.4375
2016-10-01,23:00,1.5,21.5,2016-10,2016,10,1120.7928571428572,22.4375
2016-11-01,10:00,6.4,21.8,2016-11,2016,11,558.7714285714286,22.025000000000002
2016-11-01,11:00,33.6,21.8,2016-11,2016,11,558.7714285714286,22.025000000000002
2016-11-01,12:00,56.0,21.7,2016-11,2016,11,558.7714285714286,22.025000000000002
2016-11-01,13:00,166.3,22.4,2016-11,2016,11,558.7714285714286,22.025000000000002
2016-11-01,14:00,335.7,22.4,2016-11,2016,11,558.7714285714286,22.025000000000002
2016-11-01,15:00,712.5,22.3,2016-11,2016,11,558.7714285714286,22.025000000000002
2016-11-01,16:00,1277.0,21.1,2016-11,2016,11,558.7714285714286,22.025000000000002
2016-11-01,17:00,935.3,22.0,2016-11,2016,11,558.7714285714286,22.025000000000002
2016-11-01,18:00,936.4,22.5,2016-11,2016,11,558.7714285714286,22.025000000000002
2016-11-01,19:00,997.8,22.6,2016-11,2016,11,558.7714285714286,22.025000000000002
2016-11-01,20:00,1037.6,23.2,2016-11,2016,11,558.7714285714286,22.025000000000002
2016-11-01,21:00,956.4,22.7,2016-11,2016,11,558.7714285714286,22.025000000000002
2016-11-01,22:00,368.4,22.4,2016-11,2016,11,558.7714285714286,22.025000000000002
2016-11-01,23:00,3.4,22.1,2016-11,2016,11,558.7714285714286,22.025000000000002
2016-12-01,10:00,18.2,22.5,2016-12,2016,12,953.0285714285714,22.683333333333334
2016-12-01,11:00,245.6,22.7,2016-12,2016,12,953.0285714285714,22.683333333333334
2016-12-01,12:00,597.5,22.6,2016-12,2016,12,953.0285714285714,22.683333333333334
2016-12-01,13:00,1370.3,22.7,2016-12,2016,12,953.0285714285714,22.683333333333334
2016-12-01,14:00,1583.4,22.8,2016-12,2016,12,953.0285714285714,22.683333333333334
2016-12-01,15:00,1920.6,23.0,2016-12,2016,12,953.0285714285714,22.683333333333334
2016-12-01,16:00,1342.4,23.4,2016-12,2016,12,953.0285714285714,22.683333333333334
2016-12-01,17:00,745.4,23.8,2016-12,2016,12,953.0285714285714,22.683333333333334
2016-12-01,18:00,945.5,23.5,2016-12,2016,12,953.0285714285714,22.683333333333334
2016-12-01,19:00,1696.2,22.9,2016-12,2016,12,953.0285714285714,22.683333333333334
2016-12-01,20:00,1572.8,23.0,2016-12,2016,12,953.0285714285714,22.683333333333334
2016-12-01,21:00,1015.1,22.5,2016-12,2016,12,953.0285714285714,22.683333333333334
2016-12-01,22:00,284.4,22.7,2016-12,2016,12,953.0285714285714,22.683333333333334
2016-12-01,23:00,5.0,22.1,2016-12,2016,12,953.0285714285714,22.683333333333334
2016-01-02,10:00,5.8,21.6,2016-01,2016,1,1187.9928571428572,21.212500000000002
2016-01-02,11:00,157.0,21.6,2016-01,2016,1,1187.9928571428572,21.212500000000002
2016-01-02,12:00,695.2,21.5,2016-01,2016,1,1187.9928571428572,21.212500000000002
2016-01-02,13:00,1627.6,21.6,2016-01,2016,1,1187.9928571428572,21.212500000000002
2016-01-02,14:00,1854.6,21.3,2016-01,2016,1,1187.9928571428572,21.212500000000002
2016-01-02,15:00,2127.6,22.0,2016-01,2016,1,1187.9928571428572,21.212500000000002
2016-01-02,16:00,2272.5,21.7,2016-01,2016,1,1187.9928571428572,21.212500000000002
2016-01-02,17:00,1483.5,21.4,2016-01,2016,1,1187.9928571428572,21.212500000000002
2016-01-02,18:00,1442.2,21.5,2016-01,2016,1,1187.9928571428572,21.212500000000002
2016-01-02,19:00,1480.8,21.3,2016-01,2016,1,1187.9928571428572,21.212500000000002
2016-01-02,20:00,2088.5,21.1,2016-01,2016,1,1187.9928571428572,21.212500000000002
2016-01-02,21:00,1102.2,19.9,2016-01,2016,1,1187.9928571428572,21.212500000000002
2016-01-02,22:00,292.7,20.4,2016-01,2016,1,1187.9928571428572,21.212500000000002
2016-01-02,23:00,1.7,20.7,2016-01,2016,1,1187.9928571428572,21.212500000000002
2016-02-02,10:00,20.5,21.3,2016-02,2016,2,1575.1857142857145,20.954166666666666
2016-02-02,11:00,508.4,22.9,2016-02,2016,2,1575.1857142857145,20.954166666666666
2016-02-02,12:00,1331.1,22.6,2016-02,2016,2,1575.1857142857145,20.954166666666666
2016-02-02,13:00,2219.8,21.4,2016-02,2016,2,1575.1857142857145,20.954166666666666
2016-02-02,14:00,2833.8,21.1,2016-02,2016,2,1575.1857142857145,20.954166666666666
2016-02-02,15:00,1664.3,21.3,2016-02,2016,2,1575.1857142857145,20.954166666666666
2016-02-02,16:00,2502.9,20.2,2016-02,2016,2,1575.1857142857145,20.954166666666666
2016-02-02,17:00,2142.0,19.7,2016-02,2016,2,1575.1857142857145,20.954166666666666
2016-02-02,18:00,2930.5,19.6,2016-02,2016,2,1575.1857142857145,20.954166666666666
2016-02-02,19:00,2593.3,19.2,2016-02,2016,2,1575.1857142857145,20.954166666666666
2016-02-02,20:00,1457.4,20.2,2016-02,2016,2,1575.1857142857145,20.954166666666666
2016-02-02,21:00,1359.5,18.2,2016-02,2016,2,1575.1857142857145,20.954166666666666
2016-02-02,22:00,481.7,20.1,2016-02,2016,2,1575.1857142857145,20.954166666666666
2016-02-02,23:00,7.4,21.0,2016-02,2016,2,1575.1857142857145,20.954166666666666
2016-03-02,10:00,29.0,20.7,2016-03,2016,3,1884.4615384615386,20.75
2016-03-02,11:00,495.8,21.3,2016-03,2016,3,1884.4615384615386,20.75
2016-03-02,12:00,1385.3,22.2,2016-03,2016,3,1884.4615384615386,20.75
2016-03-02,13:00,2179.6,21.4,2016-03,2016,3,1884.4615384615386,20.75
2016-03-02,14:00,2890.0,21.6,2016-03,2016,3,1884.4615384615386,20.75
2016-03-02,15:00,2888.7,20.5,2016-03,2016,3,1884.4615384615386,20.75
2016-03-02,16:00,3580.1,20.1,2016-03,2016,3,1884.4615384615386,20.75
2016-03-02,17:00,2663.8,19.5,2016-03,2016,3,1884.4615384615386,20.75
2016-03-02,18:00,3024.3,19.5,2016-03,2016,3,1884.4615384615386,20.75
2016-03-02,19:00,2817.4,19.2,2016-03,2016,3,1884.4615384615386,20.75
2016-03-02,20:00,1821.9,21.7,2016-03,2016,3,1884.4615384615386,20.75
2016-03-02,21:00,605.0,22.0,2016-03,2016,3,1884.4615384615386,20.75
2016-03-02,22:00,117.1,21.8,2016-03,2016,3,1884.4615384615386,20.75
2016-04-02,10:00,4.8,21.3,2016-04,2016,4,1290.6076923076923,21.395833333333332
2016-04-02,11:00,237.8,21.8,2016-04,2016,4,1290.6076923076923,21.395833333333332
2016-04-02,12:00,725.9,22.2,2016-04,2016,4,1290.6076923076923,21.395833333333332
2016-04-02,13:00,1293.3,22.2,2016-04,2016,4,1290.6076923076923,21.395833333333332
2016-04-02,14:00,2754.3,21.7,2016-04,2016,4,1290.6076923076923,21.395833333333332
2016-04-02,15:00,3267.3,21.1,2016-04,2016,4,1290.6076923076923,21.395833333333332
2016-04-02,16:00,2078.2,20.3,2016-04,2016,4,1290.6076923076923,21.395833333333332
2016-04-02,17:00,1267.9,20.3,2016-04,2016,4,1290.6076923076923,21.395833333333332
2016-04-02,18:00,706.4,22.2,2016-04,2016,4,1290.6076923076923,21.395833333333332
2016-04-02,19:00,1337.5,23.3,2016-04,2016,4,1290.6076923076923,21.395833333333332
2016-04-02,20:00,1862.9,20.2,2016-04,2016,4,1290.6076923076923,21.395833333333332
2016-04-02,21:00,1149.6,20.1,2016-04,2016,4,1290.6076923076923,21.395833333333332
2016-04-02,22:00,92.0,20.9,2016-04,2016,4,1290.6076923076923,21.395833333333332
2016-05-02,10:00,4.5,21.1,2016-05,2016,5,1717.2785714285712,21.108333333333334
2016-05-02,11:00,174.4,21.3,2016-05,2016,5,1717.2785714285712,21.108333333333334
2016-05-02,12:00,615.7,21.5,2016-05,2016,5,1717.2785714285712,21.108333333333334
2016-05-02,13:00,1615.3,21.4,2016-05,2016,5,1717.2785714285712,21.108333333333334
2016-05-02,14:00,1790.6,21.5,2016-05,2016,5,1717.2785714285712,21.108333333333334
2016-05-02,15:00,2906.1,20.3,2016-05,2016,5,1717.2785714285712,21.108333333333334
2016-05-02,16:00,2705.5,21.7,2016-05,2016,5,1717.2785714285712,21.108333333333334
2016-05-02,17:00,3606.2,22.0,2016-05,2016,5,1717.2785714285712,21.108333333333334
2016-05-02,18:00,3494.6,20.5,2016-05,2016,5,1717.2785714285712,21.108333333333334
2016-05-02,19:00,3084.0,20.8,2016-05,2016,5,1717.2785714285712,21.108333333333334
2016-05-02,20:00,2327.3,19.5,2016-05,2016,5,1717.2785714285712,21.108333333333334
2016-05-02,21:00,1501.5,21.0,2016-05,2016,5,1717.2785714285712,21.108333333333334
2016-05-02,22:00,214.6,21.4,2016-05,2016,5,1717.2785714285712,21.108333333333334
2016-05-02,23:00,1.6,21.5,2016-05,2016,5,1717.2785714285712,21.108333333333334
2016-06-02,10:00,20.8,21.7,2016-06,2016,6,1359.8000000000002,21.59166666666667
2016-06-02,11:00,593.4,22.4,2016-06,2016,6,1359.8000000000002,21.59166666666667
2016-06-02,12:00,1348.1,22.2,2016-06,2016,6,1359.8000000000002,21.59166666666667
2016-06-02,13:00,1685.8,21.6,2016-06,2016,6,1359.8000000000002,21.59166666666667
2016-06-02,14:00,930.5,21.9,2016-06,2016,6,1359.8000000000002,21.59166666666667
2016-06-02,15:00,2295.8,22.4,2016-06,2016,6,1359.8000000000002,21.59166666666667
2016-06-02,16:00,2542.8,22.1,2016-06,2016,6,1359.8000000000002,21.59166666666667
2016-06-02,17:00,1350.7,20.2,2016-06,2016,6,1359.8000000000002,21.59166666666667
2016-06-02,18:00,1524.8,22.0,2016-06,2016,6,1359.8000000000002,21.59166666666667
2016-06-02,19:00,3087.5,21.8,2016-06,2016,6,1359.8000000000002,21.59166666666667
2016-06-02,20:00,1709.8,21.2,2016-06,2016,6,1359.8000000000002,21.59166666666667
2016-06-02,21:00,496.8,22.1,2016-06,2016,6,1359.8000000000002,21.59166666666667
2016-06-02,22:00,90.6,20.7,2016-06,2016,6,1359.8000000000002,21.59166666666667
2016-07-02,10:00,13.5,21.2,2016-07,2016,7,1357.6357142857141,21.5125
2016-07-02,11:00,651.5,21.9,2016-07,2016,7,1357.6357142857141,21.5125
2016-07-02,12:00,1243.4,23.0,2016-07,2016,7,1357.6357142857141,21.5125
2016-07-02,13:00,1698.8,23.3,2016-07,2016,7,1357.6357142857141,21.5125
2016-07-02,14:00,2667.5,21.1,2016-07,2016,7,1357.6357142857141,21.5125
2016-07-02,15:00,2077.7,21.9,2016-07,2016,7,1357.6357142857141,21.5125
2016-07-02,16:00,1663.6,22.2,2016-07,2016,7,1357.6357142857141,21.5125
2016-07-02,17:00,2398.0,19.6,2016-07,2016,7,1357.6357142857141,21.5125
2016-07-02,18:00,2290.0,19.0,2016-07,2016,7,1357.6357142857141,21.5125
2016-07-02,19:00,2127.0,19.9,2016-07,2016,7,1357.6357142857141,21.5125
2016-07-02,20:00,1384.8,22.3,2016-07,2016,7,1357.6357142857141,21.5125
2016-07-02,21:00,550.8,23.5,2016-07,2016,7,1357.6357142857141,21.5125
2016-07-02,22:00,239.1,21.6,2016-07,2016,7,1357.6357142857141,21.5125
2016-07-02,23:00,1.2,22.7,2016-07,2016,7,1357.6357142857141,21.5125
2016-08-02,10:00,7.8,21.8,2016-08,2016,8,1661.25,21.77916666666667
2016-08-02,11:00,368.8,22.7,2016-08,2016,8,1661.25,21.77916666666667
2016-08-02,12:00,1346.5,23.2,2016-08,2016,8,1661.25,21.77916666666667
2016-08-02,13:00,2204.4,22.5,2016-08,2016,8,1661.25,21.77916666666667
2016-08-02,14:00,2669.4,22.1,2016-08,2016,8,1661.25,21.77916666666667
2016-08-02,15:00,2824.6,21.1,2016-08,2016,8,1661.25,21.77916666666667
2016-08-02,16:00,2997.0,20.8,2016-08,2016,8,1661.25,21.77916666666667
2016-08-02,17:00,2402.8,20.9,2016-08,2016,8,1661.25,21.77916666666667
2016-08-02,18:00,3321.7,18.1,2016-08,2016,8,1661.25,21.77916666666667
2016-08-02,19:00,2952.9,19.8,2016-08,2016,8,1661.25,21.77916666666667
2016-08-02,20:00,1883.8,21.2,2016-08,2016,8,1661.25,21.77916666666667
2016-08-02,21:00,221.1,21.4,2016-08,2016,8,1661.25,21.77916666666667
2016-08-02,22:00,56.1,23.2,2016-08,2016,8,1661.25,21.77916666666667
2016-08-02,23:00,0.6,23.9,2016-08,2016,8,1661.25,21.77916666666667
2016-09-02,10:00,10.7,21.2,2016-09,2016,9,802.676923076923,22.05
2016-09-02,11:00,320.2,22.4,2016-09,2016,9,802.676923076923,22.05
2016-09-02,12:00,697.8,22.7,2016-09,2016,9,802.676923076923,22.05
2016-09-02,13:00,712.5,22.4,2016-09,2016,9,802.676923076923,22.05
2016-09-02,14:00,1479.2,22.8,2016-09,2016,9,802.676923076923,22.05
2016-09-02,15:00,2331.2,22.3,2016-09,2016,9,802.676923076923,22.05
2016-09-02,16:00,1514.6,21.0,2016-09,2016,9,802.676923076923,22.05
2016-09-02,17:00,583.2,22.4,2016-09,2016,9,802.676923076923,22.05
2016-09-02,18:00,774.8,21.7,2016-09,2016,9,802.676923076923,22.05
2016-09-02,19:00,874.0,21.2,2016-09,2016,9,802.676923076923,22.05
2016-09-02,20:00,1017.9,21.1,2016-09,2016,9,802.676923076923,22.05
2016-09-02,21:00,98.2,21.0,2016-09,2016,9,802.676923076923,22.05
2016-09-02,22:00,20.5,21.2,2016-09,2016,9,802.676923076923,22.05
2016-10-02,10:00,0.3,21.2,2016-10,2016,10,718.4923076923077,21.652173913043477
2016-10-02,11:00,12.2,20.3,2016-10,2016,10,718.4923076923077,21.652173913043477
2016-10-02,12:00,22.5,20.1,2016-10,2016,10,718.4923076923077,21.652173913043477
2016-10-02,14:00,243.7,20.8,2016-10,2016,10,718.4923076923077,21.652173913043477
2016-10-02,15:00,786.8,22.1,2016-10,2016,10,718.4923076923077,21.652173913043477
2016-10-02,16:00,1284.7,22.7,2016-10,2016,10,718.4923076923077,21.652173913043477
2016-10-02,17:00,1366.9,23.3,2016-10,2016,10,718.4923076923077,21.652173913043477
2016-10-02,18:00,1779.2,23.1,2016-10,2016,10,718.4923076923077,21.652173913043477
2016-10-02,19:00,1327.1,22.5,2016-10,2016,10,718.4923076923077,21.652173913043477
2016-10-02,20:00,1280.2,23.2,2016-10,2016,10,718.4923076923077,21.652173913043477
2016-10-02,21:00,942.6,22.9,2016-10,2016,10,718.4923076923077,21.652173913043477
2016-10-02,22:00,288.3,22.8,2016-10,2016,10,718.4923076923077,21.652173913043477
2016-10-02,23:00,5.9,23.5,2016-10,2016,10,718.4923076923077,21.652173913043477
2016-11-02,10:00,13.0,21.1,2016-11,2016,11,1607.5285714285715,21.033333333333335
2016-11-02,11:00,501.3,22.0,2016-11,2016,11,1607.5285714285715,21.033333333333335
2016-11-02,12:00,1347.3,22.7,2016-11,2016,11,1607.5285714285715,21.033333333333335
2016-11-02,13:00,2162.2,22.7,2016-11,2016,11,1607.5285714285715,21.033333333333335
2016-11-02,14:00,2814.9,22.0,2016-11,2016,11,1607.5285714285715,21.033333333333335
2016-11-02,15:00,2734.8,20.7,2016-11,2016,11,1607.5285714285715,21.033333333333335
2016-11-02,16:00,3275.0,18.2,2016-11,2016,11,1607.5285714285715,21.033333333333335
2016-11-02,17:00,3621.2,18.8,2016-11,2016,11,1607.5285714285715,21.033333333333335
2016-11-02,18:00,2933.4,18.2,2016-11,2016,11,1607.5285714285715,21.033333333333335
2016-11-02,19:00,1257.4,18.0,2016-11,2016,11,1607.5285714285715,21.033333333333335
2016-11-02,20:00,1422.0,18.1,2016-11,2016,11,1607.5285714285715,21.033333333333335
2016-11-02,21:00,241.0,20.1,2016-11,2016,11,1607.5285714285715,21.033333333333335
2016-11-02,22:00,181.3,20.2,2016-11,2016,11,1607.5285714285715,21.033333333333335
2016-11-02,23:00,0.6,21.1,2016-11,2016,11,1607.5285714285715,21.033333333333335
2016-12-02,10:00,11.0,20.8,2016-12,2016,12,1936.7214285714285,20.608333333333334
2016-12-02,11:00,520.7,21.3,2016-12,2016,12,1936.7214285714285,20.608333333333334
2016-12-02,12:00,1362.1,22.3,2016-12,2016,12,1936.7214285714285,20.608333333333334
2016-12-02,13:00,2177.9,22.1,2016-12,2016,12,1936.7214285714285,20.608333333333334
2016-12-02,14:00,2818.2,22.3,2016-12,2016,12,1936.7214285714285,20.608333333333334
2016-12-02,15:00,3307.5,22.3,2016-12,2016,12,1936.7214285714285,20.608333333333334
2016-12-02,16:00,3487.5,20.4,2016-12,2016,12,1936.7214285714285,20.608333333333334
2016-12-02,17:00,3756.7,19.0,2016-12,2016,12,1936.7214285714285,20.608333333333334
2016-12-02,18:00,3187.3,18.4,2016-12,2016,12,1936.7214285714285,20.608333333333334
2016-12-02,19:00,2794.2,18.6,2016-12,2016,12,1936.7214285714285,20.608333333333334
2016-12-02,20:00,2222.6,18.7,2016-12,2016,12,1936.7214285714285,20.608333333333334
2016-12-02,21:00,1270.5,20.0,2016-12,2016,12,1936.7214285714285,20.608333333333334
2016-12-02,22:00,196.0,19.2,2016-12,2016,12,1936.7214285714285,20.608333333333334
2016-12-02,23:00,1.9,18.1,2016-12,2016,12,1936.7214285714285,20.608333333333334
2016-01-03,10:00,5.7,21.4,2016-01,2016,1,1124.3307692307692,21.912499999999998
2016-01-03,11:00,365.1,22.1,2016-01,2016,1,1124.3307692307692,21.912499999999998
2016-01-03,12:00,1361.9,22.4,2016-01,2016,1,1124.3307692307692,21.912499999999998
2016-01-03,13:00,2152.6,22.3,2016-01,2016,1,1124.3307692307692,21.912499999999998
2016-01-03,14:00,2768.7,22.7,2016-01,2016,1,1124.3307692307692,21.912499999999998
2016-01-03,15:00,2943.7,22.5,2016-01,2016,1,1124.3307692307692,21.912499999999998
2016-01-03,16:00,1856.5,22.1,2016-01,2016,1,1124.3307692307692,21.912499999999998
2016-01-03,17:00,1465.7,23.7,2016-01,2016,1,1124.3307692307692,21.912499999999998
2016-01-03,18:00,842.0,24.3,2016-01,2016,1,1124.3307692307692,21.912499999999998
2016-01-03,19:00,256.2,20.7,2016-01,2016,1,1124.3307692307692,21.912499999999998
2016-01-03,20:00,172.5,21.5,2016-01,2016,1,1124.3307692307692,21.912499999999998
2016-01-03,21:00,338.7,21.8,2016-01,2016,1,1124.3307692307692,21.912499999999998
2016-01-03,22:00,87.0,21.7,2016-01,2016,1,1124.3307692307692,21.912499999999998
2016-02-03,05:00,0.0,22.1,2016-02,2016,2,916.8125,21.537499999999998
2016-02-03,06:00,1.4,21.2,2016-02,2016,2,916.8125,21.537499999999998
2016-02-03,08:00,0.0,21.4,2016-02,2016,2,916.8125,21.537499999999998
2016-02-03,10:00,1.0,21.5,2016-02,2016,2,916.8125,21.537499999999998
2016-02-03,11:00,176.6,21.4,2016-02,2016,2,916.8125,21.537499999999998
2016-02-03,12:00,764.3,21.5,2016-02,2016,2,916.8125,21.537499999999998
2016-02-03,13:00,1083.0,21.1,2016-02,2016,2,916.8125,21.537499999999998
2016-02-03,14:00,1120.6,21.7,2016-02,2016,2,916.8125,21.537499999999998
2016-02-03,15:00,862.1,22.0,2016-02,2016,2,916.8125,21.537499999999998
2016-02-03,16:00,1408.2,22.7,2016-02,2016,2,916.8125,21.537499999999998
2016-02-03,17:00,1976.6,22.1,2016-02,2016,2,916.8125,21.537499999999998
2016-02-03,18:00,2090.2,22.6,2016-02,2016,2,916.8125,21.537499999999998
2016-02-03,19:00,2398.6,20.7,2016-02,2016,2,916.8125,21.537499999999998
2016-02-03,20:00,1393.7,21.3,2016-02,2016,2,916.8125,21.537499999999998
2016-02-03,21:00,1267.8,20.4,2016-02,2016,2,916.8125,21.537499999999998
2016-02-03,22:00,124.9,21.2,2016-02,2016,2,916.8125,21.537499999999998
2016-03-03,10:00,2.6,20.8,2016-03,2016,3,1339.107692307692,21.337500000000002
2016-03-03,11:00,251.2,21.3,2016-03,2016,3,1339.107692307692,21.337500000000002
2016-03-03,12:00,458.2,21.0,2016-03,2016,3,1339.107692307692,21.337500000000002
2016-03-03,13:00,768.9,21.1,2016-03,2016,3,1339.107692307692,21.337500000000002
2016-03-03,14:00,1650.1,22.0,2016-03,2016,3,1339.107692307692,21.337500000000002
2016-03-03,15:00,2330.7,21.9,2016-03,2016,3,1339.107692307692,21.337500000000002
2016-03-03,16:00,1517.5,21.5,2016-03,2016,3,1339.107692307692,21.337500000000002
2016-03-03,17:00,2074.6,21.8,2016-03,2016,3,1339.107692307692,21.337500000000002
2016-03-03,18:00,2707.6,21.4,2016-03,2016,3,1339.107692307692,21.337500000000002
2016-03-03,19:00,2555.6,20.5,2016-03,2016,3,1339.107692307692,21.337500000000002
2016-03-03,20:00,1539.2,22.3,2016-03,2016,3,1339.107692307692,21.337500000000002
2016-03-03,21:00,1216.0,21.6,2016-03,2016,3,1339.107692307692,21.337500000000002
2016-03-03,22:00,336.2,21.4,2016-03,2016,3,1339.107692307692,21.337500000000002
2016-04-03,10:00,7.6,21.2,2016-04,2016,4,1480.9461538461537,22.09166666666667
2016-04-03,11:00,277.7,22.1,2016-04,2016,4,1480.9461538461537,22.09166666666667
2016-04-03,12:00,1260.5,22.9,2016-04,2016,4,1480.9461538461537,22.09166666666667
2016-04-03,13:00,1974.6,23.8,2016-04,2016,4,1480.9461538461537,22.09166666666667
2016-04-03,14:00,2345.9,22.9,2016-04,2016,4,1480.9461538461537,22.09166666666667
2016-04-03,15:00,2610.3,22.6,2016-04,2016,4,1480.9461538461537,22.09166666666667
2016-04-03,16:00,1792.5,23.0,2016-04,2016,4,1480.9461538461537,22.09166666666667
2016-04-03,17:00,2953.6,22.3,2016-04,2016,4,1480.9461538461537,22.09166666666667
2016-04-03,18:00,3099.9,22.5,2016-04,2016,4,1480.9461538461537,22.09166666666667
2016-04-03,19:00,1443.7,23.0,2016-04,2016,4,1480.9461538461537,22.09166666666667
2016-04-03,20:00,862.6,23.0,2016-04,2016,4,1480.9461538461537,22.09166666666667
2016-04-03,21:00,333.8,22.6,2016-04,2016,4,1480.9461538461537,22.09166666666667
2016-04-03,22:00,289.6,22.5,2016-04,2016,4,1480.9461538461537,22.09166666666667
2016-05-03,10:00,4.8,22.1,2016-05,2016,5,1015.9692307692308,22.391666666666666
2016-05-03,11:00,195.1,22.5,2016-05,2016,5,1015.9692307692308,22.391666666666666
2016-05-03,12:00,445.2,22.9,2016-05,2016,5,1015.9692307692308,22.391666666666666
2016-05-03,13:00,710.2,22.8,2016-05,2016,5,1015.9692307692308,22.391666666666666
2016-05-03,14:00,1087.2,22.9,2016-05,2016,5,1015.9692307692308,22.391666666666666
2016-05-03,15:00,1284.9,23.3,2016-05,2016,5,1015.9692307692308,22.391666666666666
2016-05-03,16:00,802.5,22.7,2016-05,2016,5,1015.9692307692308,22.391666666666666
2016-05-03,17:00,2241.3,22.2,2016-05,2016,5,1015.9692307692308,22.391666666666666
2016-05-03,18:00,1647.9,21.9,2016-05,2016,5,1015.9692307692308,22.391666666666666
2016-05-03,19:00,1973.6,21.2,2016-05,2016,5,1015.9692307692308,22.391666666666666
2016-05-03,20:00,2118.3,22.0,2016-05,2016,5,1015.9692307692308,22.391666666666666
2016-05-03,21:00,529.6,22.5,2016-05,2016,5,1015.9692307692308,22.391666666666666
2016-05-03,22:00,167.0,22.2,2016-05,2016,5,1015.9692307692308,22.391666666666666
2016-06-03,10:00,2.4,21.5,2016-06,2016,6,1526.1615384615384,22.2
2016-06-03,11:00,224.2,22.0,2016-06,2016,6,1526.1615384615384,22.2
2016-06-03,12:00,939.6,22.5,2016-06,2016,6,1526.1615384615384,22.2
2016-06-03,13:00,1777.4,23.2,2016-06,2016,6,1526.1615384615384,22.2
2016-06-03,14:00,2201.9,23.0,2016-06,2016,6,1526.1615384615384,22.2
2016-06-03,15:00,1978.2,22.5,2016-06,2016,6,1526.1615384615384,22.2
2016-06-03,16:00,1592.9,23.4,2016-06,2016,6,1526.1615384615384,22.2
2016-06-03,17:00,3346.1,21.5,2016-06,2016,6,1526.1615384615384,22.2
2016-06-03,18:00,3135.5,21.0,2016-06,2016,6,1526.1615384615384,22.2
2016-06-03,19:00,2652.4,22.9,2016-06,2016,6,1526.1615384615384,22.2
2016-06-03,20:00,1690.6,22.3,2016-06,2016,6,1526.1615384615384,22.2
2016-06-03,21:00,248.0,21.9,2016-06,2016,6,1526.1615384615384,22.2
2016-06-03,22:00,50.9,22.2,2016-06,2016,6,1526.1615384615384,22.2
2016-07-03,11:00,49.4,22.1,2016-07,2016,7,1463.7833333333335,22.2625
2016-07-03,12:00,304.2,22.5,2016-07,2016,7,1463.7833333333335,22.2625
2016-07-03,13:00,852.0,22.0,2016-07,2016,7,1463.7833333333335,22.2625
2016-07-03,14:00,1228.9,22.9,2016-07,2016,7,1463.7833333333335,22.2625
2016-07-03,15:00,2089.2,22.8,2016-07,2016,7,1463.7833333333335,22.2625
2016-07-03,16:00,2411.5,23.4,2016-07,2016,7,1463.7833333333335,22.2625
2016-07-03,17:00,2824.3,22.3,2016-07,2016,7,1463.7833333333335,22.2625
2016-07-03,18:00,2477.3,22.8,2016-07,2016,7,1463.7833333333335,22.2625
2016-07-03,19:00,3194.6,21.3,2016-07,2016,7,1463.7833333333335,22.2625
2016-07-03,20:00,1142.6,22.9,2016-07,2016,7,1463.7833333333335,22.2625
2016-07-03,21:00,956.2,21.9,2016-07,2016,7,1463.7833333333335,22.2625
2016-07-03,22:00,35.2,22.2,2016-07,2016,7,1463.7833333333335,22.2625
2016-08-03,10:00,5.4,22.4,2016-08,2016,8,957.9461538461538,22.650000000000002
2016-08-03,11:00,298.3,22.7,2016-08,2016,8,957.9461538461538,22.650000000000002
2016-08-03,12:00,456.5,22.9,2016-08,2016,8,957.9461538461538,22.650000000000002
2016-08-03,13:00,883.8,22.9,2016-08,2016,8,957.9461538461538,22.650000000000002
2016-08-03,14:00,1819.5,23.0,2016-08,2016,8,957.9461538461538,22.650000000000002
2016-08-03,15:00,2098.9,22.6,2016-08,2016,8,957.9461538461538,22.650000000000002
2016-08-03,16:00,2049.6,23.2,2016-08,2016,8,957.9461538461538,22.650000000000002
2016-08-03,17:00,865.8,22.6,2016-08,2016,8,957.9461538461538,22.650000000000002
2016-08-03,18:00,1282.7,22.4,2016-08,2016,8,957.9461538461538,22.650000000000002
2016-08-03,19:00,1123.7,22.7,2016-08,2016,8,957.9461538461538,22.650000000000002
2016-08-03,20:00,820.1,23.2,2016-08,2016,8,957.9461538461538,22.650000000000002
2016-08-03,21:00,654.2,22.4,2016-08,2016,8,957.9461538461538,22.650000000000002
2016-08-03,22:00,94.8,22.2,2016-08,2016,8,957.9461538461538,22.650000000000002
2016-09-03,10:00,3.1,21.9,2016-09,2016,9,1188.9615384615386,22.491666666666664
2016-09-03,11:00,169.6,22.3,2016-09,2016,9,1188.9615384615386,22.491666666666664
2016-09-03,12:00,531.6,22.7,2016-09,2016,9,1188.9615384615386,22.491666666666664
2016-09-03,13:00,940.8,22.7,2016-09,2016,9,1188.9615384615386,22.491666666666664
2016-09-03,14:00,1175.8,23.6,2016-09,2016,9,1188.9615384615386,22.491666666666664
2016-09-03,15:00,1986.4,23.4,2016-09,2016,9,1188.9615384615386,22.491666666666664
2016-09-03,16:00,2019.2,23.1,2016-09,2016,9,1188.9615384615386,22.491666666666664
2016-09-03,17:00,1770.2,24.4,2016-09,2016,9,1188.9615384615386,22.491666666666664
2016-09-03,18:00,3257.0,23.4,2016-09,2016,9,1188.9615384615386,22.491666666666664
2016-09-03,19:00,2345.7,23.4,2016-09,2016,9,1188.9615384615386,22.491666666666664
2016-09-03,20:00,781.1,22.6,2016-09,2016,9,1188.9615384615386,22.491666666666664
2016-09-03,21:00,402.9,22.2,2016-09,2016,9,1188.9615384615386,22.491666666666664
2016-09-03,22:00,73.1,22.2,2016-09,2016,9,1188.9615384615386,22.491666666666664
2016-10-03,11:00,36.8,22.0,2016-10,2016,10,600.6416666666667,22.304166666666664
2016-10-03,12:00,97.9,22.0,2016-10,2016,10,600.6416666666667,22.304166666666664
2016-10-03,13:00,96.0,21.7,2016-10,2016,10,600.6416666666667,22.304166666666664
2016-10-03,14:00,406.8,22.1,2016-10,2016,10,600.6416666666667,22.304166666666664
2016-10-03,15:00,704.4,22.5,2016-10,2016,10,600.6416666666667,22.304166666666664
2016-10-03,16:00,879.9,22.7,2016-10,2016,10,600.6416666666667,22.304166666666664
2016-10-03,17:00,926.3,22.8,2016-10,2016,10,600.6416666666667,22.304166666666664
2016-10-03,18:00,1492.9,22.9,2016-10,2016,10,600.6416666666667,22.304166666666664
2016-10-03,19:00,1452.7,23.0,2016-10,2016,10,600.6416666666667,22.304166666666664
2016-10-03,20:00,825.3,22.7,2016-10,2016,10,600.6416666666667,22.304166666666664
2016-10-03,21:00,185.9,23.1,2016-10,2016,10,600.6416666666667,22.304166666666664
2016-10-03,22:00,102.8,22.9,2016-10,2016,10,600.6416666666667,22.304166666666664
2016-11-03,10:00,1.7,21.9,2016-11,2016,11,563.8230769230769,22.270833333333332
2016-11-03,11:00,128.6,22.3,2016-11,2016,11,563.8230769230769,22.270833333333332
2016-11-03,12:00,358.1,22.7,2016-11,2016,11,563.8230769230769,22.270833333333332
2016-11-03,13:00,491.1,22.5,2016-11,2016,11,563.8230769230769,22.270833333333332
2016-11-03,14:00,248.5,22.1,2016-11,2016,11,563.8230769230769,22.270833333333332
2016-11-03,15:00,307.9,22.7,2016-11,2016,11,563.8230769230769,22.270833333333332
2016-11-03,16:00,605.7,23.3,2016-11,2016,11,563.8230769230769,22.270833333333332
2016-11-03,17:00,1008.4,23.4,2016-11,2016,11,563.8230769230769,22.270833333333332
2016-11-03,18:00,959.4,23.2,2016-11,2016,11,563.8230769230769,22.270833333333332
2016-11-03,19:00,1302.3,22.9,2016-11,2016,11,563.8230769230769,22.270833333333332
2016-11-03,20:00,1016.4,22.7,2016-11,2016,11,563.8230769230769,22.270833333333332
2016-11-03,21:00,630.6,22.6,2016-11,2016,11,563.8230769230769,22.270833333333332
2016-11-03,22:00,271.0,22.1,2016-11,2016,11,563.8230769230769,22.270833333333332
2016-12-03,05:00,0.9,21.4,2016-12,2016,12,966.5785714285714,22.099999999999998
2016-12-03,10:00,0.0,21.3,2016-12,2016,12,966.5785714285714,22.099999999999998
2016-12-03,11:00,58.0,21.5,2016-12,2016,12,966.5785714285714,22.099999999999998
2016-12-03,12:00,368.1,21.9,2016-12,2016,12,966.5785714285714,22.099999999999998
2016-12-03,13:00,1121.2,22.7,2016-12,2016,12,966.5785714285714,22.099999999999998
2016-12-03,14:00,1070.8,22.6,2016-12,2016,12,966.5785714285714,22.099999999999998
2016-12-03,15:00,2400.5,22.8,2016-12,2016,12,966.5785714285714,22.099999999999998
2016-12-03,16:00,2673.3,22.2,2016-12,2016,12,966.5785714285714,22.099999999999998
2016-12-03,17:00,1718.6,22.0,2016-12,2016,12,966.5785714285714,22.099999999999998
2016-12-03,18:00,1841.7,22.9,2016-12,2016,12,966.5785714285714,22.099999999999998
2016-12-03,19:00,827.6,22.8,2016-12,2016,12,966.5785714285714,22.099999999999998
2016-12-03,20:00,767.5,23.8,2016-12,2016,12,966.5785714285714,22.099999999999998
2016-12-03,21:00,630.7,21.9,2016-12,2016,12,966.5785714285714,22.099999999999998
2016-12-03,22:00,53.2,22.3,2016-12,2016,12,966.5785714285714,22.099999999999998
2016-01-04,10:00,3.5,21.1,2016-01,2016,1,1697.6307692307694,21.266666666666666
2016-01-04,11:00,379.2,21.8,2016-01,2016,1,1697.6307692307694,21.266666666666666
2016-01-04,12:00,1085.0,22.5,2016-01,2016,1,1697.6307692307694,21.266666666666666
2016-01-04,13:00,1862.1,22.5,2016-01,2016,1,1697.6307692307694,21.266666666666666
2016-01-04,14:00,2604.0,22.5,2016-01,2016,1,1697.6307692307694,21.266666666666666
2016-01-04,15:00,3057.3,23.3,2016-01,2016,1,1697.6307692307694,21.266666666666666
2016-01-04,16:00,3298.1,21.6,2016-01,2016,1,1697.6307692307694,21.266666666666666
2016-01-04,17:00,3465.7,21.3,2016-01,2016,1,1697.6307692307694,21.266666666666666
2016-01-04,18:00,2075.6,19.9,2016-01,2016,1,1697.6307692307694,21.266666666666666
2016-01-04,19:00,1899.7,19.2,2016-01,2016,1,1697.6307692307694,21.266666666666666
2016-01-04,20:00,1437.9,20.8,2016-01,2016,1,1697.6307692307694,21.266666666666666
2016-01-04,21:00,854.3,20.0,2016-01,2016,1,1697.6307692307694,21.266666666666666
2016-01-04,22:00,46.8,21.1,2016-01,2016,1,1697.6307692307694,21.266666666666666
2016-02-04,11:00,169.0,20.8,2016-02,2016,2,1215.5333333333333,21.55
2016-02-04,12:00,823.6,21.2,2016-02,2016,2,1215.5333333333333,21.55
2016-02-04,13:00,575.3,21.7,2016-02,2016,2,1215.5333333333333,21.55
2016-02-04,14:00,568.1,21.4,2016-02,2016,2,1215.5333333333333,21.55
2016-02-04,15:00,1069.8,23.0,2016-02,2016,2,1215.5333333333333,21.55
2016-02-04,16:00,2141.4,23.3,2016-02,2016,2,1215.5333333333333,21.55
2016-02-04,17:00,2572.0,22.6,2016-02,2016,2,1215.5333333333333,21.55
2016-02-04,18:00,2224.0,23.0,2016-02,2016,2,1215.5333333333333,21.55
2016-02-04,19:00,2295.2,21.9,2016-02,2016,2,1215.5333333333333,21.55
2016-02-04,20:00,1519.3,22.4,2016-02,2016,2,1215.5333333333333,21.55
2016-02-04,21:00,521.0,22.2,2016-02,2016,2,1215.5333333333333,21.55
2016-02-04,22:00,107.7,22.2,2016-02,2016,2,1215.5333333333333,21.55
2016-03-04,10:00,2.7,20.7,2016-03,2016,3,1836.9153846153847,21.4375
2016-03-04,11:00,392.9,22.3,2016-03,2016,3,1836.9153846153847,21.4375
2016-03-04,12:00,1241.9,22.5,2016-03,2016,3,1836.9153846153847,21.4375
2016-03-04,13:00,2023.2,21.6,2016-03,2016,3,1836.9153846153847,21.4375
2016-03-04,14:00,2620.6,21.9,2016-03,2016,3,1836.9153846153847,21.4375
2016-03-04,15:00,3093.0,21.1,2016-03,2016,3,1836.9153846153847,21.4375
2016-03-04,16:00,3296.3,21.3,2016-03,2016,3,1836.9153846153847,21.4375
2016-03-04,17:00,3255.3,20.5,2016-03,2016,3,1836.9153846153847,21.4375
2016-03-04,18:00,2817.4,20.3,2016-03,2016,3,1836.9153846153847,21.4375
2016-03-04,19:00,2482.9,19.8,2016-03,2016,3,1836.9153846153847,21.4375
2016-03-04,20:00,1727.5,19.8,2016-03,2016,3,1836.9153846153847,21.4375
2016-03-04,21:00,876.5,20.5,2016-03,2016,3,1836.9153846153847,21.4375
2016-03-04,22:00,49.7,20.9,2016-03,2016,3,1836.9153846153847,21.4375
2016-04-04,11:00,50.1,21.6,2016-04,2016,4,1666.091666666667,21.925
2016-04-04,12:00,281.1,22.2,2016-04,2016,4,1666.091666666667,21.925
2016-04-04,13:00,1312.9,22.8,2016-04,2016,4,1666.091666666667,21.925
2016-04-04,14:00,2266.3,22.4,2016-04,2016,4,1666.091666666667,21.925
2016-04-04,15:00,1928.6,22.2,2016-04,2016,4,1666.091666666667,21.925
2016-04-04,16:00,3002.6,21.6,2016-04,2016,4,1666.091666666667,21.925
2016-04-04,17:00,3098.0,22.2,2016-04,2016,4,1666.091666666667,21.925
2016-04-04,18:00,2816.0,21.6,2016-04,2016,4,1666.091666666667,21.925
2016-04-04,19:00,2510.0,20.9,2016-04,2016,4,1666.091666666667,21.925
2016-04-04,20:00,1765.4,21.9,2016-04,2016,4,1666.091666666667,21.925
2016-04-04,21:00,879.9,22.1,2016-04,2016,4,1666.091666666667,21.925
2016-04-04,22:00,82.2,21.8,2016-04,2016,4,1666.091666666667,21.925
2016-05-04,10:00,2.3,20.3,2016-05,2016,5,1680.3615384615384,21.462500000000002
2016-05-04,11:00,391.5,20.9,2016-05,2016,5,1680.3615384615384,21.462500000000002
2016-05-04,12:00,1225.1,21.6,2016-05,2016,5,1680.3615384615384,21.462500000000002
2016-05-04,13:00,1952.4,21.9,2016-05,2016,5,1680.3615384615384,21.462500000000002
2016-05-04,14:00,2593.1,22.3,2016-05,2016,5,1680.3615384615384,21.462500000000002
2016-05-04,15:00,3064.7,22.5,2016-05,2016,5,1680.3615384615384,21.462500000000002
2016-05-04,16:00,2903.9,23.4,2016-05,2016,5,1680.3615384615384,21.462500000000002
2016-05-04,17:00,3404.1,21.2,2016-05,2016,5,1680.3615384615384,21.462500000000002
2016-05-04,18:00,2399.7,21.4,2016-05,2016,5,1680.3615384615384,21.462500000000002
2016-05-04,19:00,1899.9,20.4,2016-05,2016,5,1680.3615384615384,21.462500000000002
2016-05-04,20:00,1081.1,20.8,2016-05,2016,5,1680.3615384615384,21.462500000000002
2016-05-04,21:00,873.8,21.2,2016-05,2016,5,1680.3615384615384,21.462500000000002
2016-05-04,22:00,53.1,22.0,2016-05,2016,5,1680.3615384615384,21.462500000000002
2016-06-04,10:00,0.3,22.6,2016-06,2016,6,1510.9769230769232,22.633333333333336
2016-06-04,11:00,354.9,23.4,2016-06,2016,6,1510.9769230769232,22.633333333333336
2016-06-04,12:00,868.7,22.9,2016-06,2016,6,1510.9769230769232,22.633333333333336
2016-06-04,13:00,986.2,23.1,2016-06,2016,6,1510.9769230769232,22.633333333333336
2016-06-04,14:00,1899.7,23.7,2016-06,2016,6,1510.9769230769232,22.633333333333336
2016-06-04,15:00,2673.2,23.1,2016-06,2016,6,1510.9769230769232,22.633333333333336
2016-06-04,16:00,3456.5,22.8,2016-06,2016,6,1510.9769230769232,22.633333333333336
2016-06-04,17:00,2321.8,23.3,2016-06,2016,6,1510.9769230769232,22.633333333333336
2016-06-04,18:00,2687.9,20.4,2016-06,2016,6,1510.9769230769232,22.633333333333336
2016-06-04,19:00,1673.6,21.7,2016-06,2016,6,1510.9769230769232,22.633333333333336
2016-06-04,20:00,1863.3,21.5,2016-06,2016,6,1510.9769230769232,22.633333333333336
2016-06-04,21:00,801.7,21.3,2016-06,2016,6,1510.9769230769232,22.633333333333336
2016-06-04,22:00,54.9,22.7,2016-06,2016,6,1510.9769230769232,22.633333333333336
2016-07-04,10:00,2.7,22.1,2016-07,2016,7,1419.6692307692308,22.7375
2016-07-04,11:00,181.8,23.5,2016-07,2016,7,1419.6692307692308,22.7375
2016-07-04,12:00,1191.6,22.9,2016-07,2016,7,1419.6692307692308,22.7375
2016-07-04,13:00,1989.5,22.7,2016-07,2016,7,1419.6692307692308,22.7375
2016-07-04,14:00,2200.9,24.2,2016-07,2016,7,1419.6692307692308,22.7375
2016-07-04,15:00,2261.8,22.7,2016-07,2016,7,1419.6692307692308,22.7375
2016-07-04,16:00,1981.4,23.5,2016-07,2016,7,1419.6692307692308,22.7375
2016-07-04,17:00,2451.2,22.2,2016-07,2016,7,1419.6692307692308,22.7375
2016-07-04,18:00,2814.0,22.2,2016-07,2016,7,1419.6692307692308,22.7375
2016-07-04,19:00,2035.8,21.2,2016-07,2016,7,1419.6692307692308,22.7375
2016-07-04,20:00,1026.6,23.5,2016-07,2016,7,1419.6692307692308,22.7375
2016-07-04,21:00,279.7,23.2,2016-07,2016,7,1419.6692307692308,22.7375
2016-07-04,22:00,38.7,22.7,2016-07,2016,7,1419.6692307692308,22.7375
2016-08-04,10:00,3.3,22.4,2016-08,2016,8,1330.4076923076923,22.7625
2016-08-04,11:00,344.1,23.1,2016-08,2016,8,1330.4076923076923,22.7625
2016-08-04,12:00,1025.4,24.0,2016-08,2016,8,1330.4076923076923,22.7625
2016-08-04,13:00,1747.3,24.1,2016-08,2016,8,1330.4076923076923,22.7625
2016-08-04,14:00,2167.4,23.3,2016-08,2016,8,1330.4076923076923,22.7625
2016-08-04,15:00,1257.6,23.4,2016-08,2016,8,1330.4076923076923,22.7625
2016-08-04,16:00,2588.4,22.6,2016-08,2016,8,1330.4076923076923,22.7625
2016-08-04,17:00,3234.3,22.7,2016-08,2016,8,1330.4076923076923,22.7625
2016-08-04,18:00,2978.4,22.5,2016-08,2016,8,1330.4076923076923,22.7625
2016-08-04,19:00,894.6,22.5,2016-08,2016,8,1330.4076923076923,22.7625
2016-08-04,20:00,325.7,21.8,2016-08,2016,8,1330.4076923076923,22.7625
2016-08-04,21:00,607.8,22.5,2016-08,2016,8,1330.4076923076923,22.7625
2016-08-04,22:00,121.0,22.5,2016-08,2016,8,1330.4076923076923,22.7625
2016-09-04,10:00,3.8,22.7,2016-09,2016,9,1142.1615384615384,23.058333333333334
2016-09-04,11:00,191.6,23.2,2016-09,2016,9,1142.1615384615384,23.058333333333334
2016-09-04,12:00,803.5,23.9,2016-09,2016,9,1142.1615384615384,23.058333333333334
2016-09-04,13:00,1657.6,24.0,2016-09,2016,9,1142.1615384615384,23.058333333333334
2016-09-04,14:00,2207.7,24.0,2016-09,2016,9,1142.1615384615384,23.058333333333334
2016-09-04,15:00,2044.9,23.6,2016-09,2016,9,1142.1615384615384,23.058333333333334
2016-09-04,16:00,1863.7,23.3,2016-09,2016,9,1142.1615384615384,23.058333333333334
2016-09-04,17:00,1626.8,22.2,2016-09,2016,9,1142.1615384615384,23.058333333333334
2016-09-04,18:00,2986.1,24.1,2016-09,2016,9,1142.1615384615384,23.058333333333334
2016-09-04,19:00,1235.4,23.7,2016-09,2016,9,1142.1615384615384,23.058333333333334
2016-09-04,20:00,126.7,23.5,2016-09,2016,9,1142.1615384615384,23.058333333333334
2016-09-04,21:00,89.8,23.3,2016-09,2016,9,1142.1615384615384,23.058333333333334
2016-09-04,22:00,10.5,23.0,2016-09,2016,9,1142.1615384615384,23.058333333333334
2016-10-04,10:00,3.6,22.4,2016-10,2016,10,1066.4461538461537,22.920833333333334
2016-10-04,11:00,255.7,23.7,2016-10,2016,10,1066.4461538461537,22.920833333333334
2016-10-04,12:00,1120.8,23.7,2016-10,2016,10,1066.4461538461537,22.920833333333334
2016-10-04,13:00,1935.1,23.8,2016-10,2016,10,1066.4461538461537,22.920833333333334
2016-10-04,14:00,1961.7,23.6,2016-10,2016,10,1066.4461538461537,22.920833333333334
2016-10-04,15:00,1680.4,23.4,2016-10,2016,10,1066.4461538461537,22.920833333333334
2016-10-04,16:00,1613.4,23.0,2016-10,2016,10,1066.4461538461537,22.920833333333334
2016-10-04,17:00,1831.5,21.8,2016-10,2016,10,1066.4461538461537,22.920833333333334
2016-10-04,18:00,1658.8,22.4,2016-10,2016,10,1066.4461538461537,22.920833333333334
2016-10-04,19:00,511.0,23.4,2016-10,2016,10,1066.4461538461537,22.920833333333334
2016-10-04,20:00,711.0,23.1,2016-10,2016,10,1066.4461538461537,22.920833333333334
2016-10-04,21:00,534.5,23.4,2016-10,2016,10,1066.4461538461537,22.920833333333334
2016-10-04,22:00,46.3,23.7,2016-10,2016,10,1066.4461538461537,22.920833333333334
2016-11-04,05:00,2.3,20.5,2016-11,2016,11,1080.242857142857,22.025000000000002
2016-11-04,09:00,0.1,21.1,2016-11,2016,11,1080.242857142857,22.025000000000002
2016-11-04,11:00,40.2,20.8,2016-11,2016,11,1080.242857142857,22.025000000000002
2016-11-04,12:00,174.0,20.8,2016-11,2016,11,1080.242857142857,22.025000000000002
2016-11-04,13:00,502.6,21.6,2016-11,2016,11,1080.242857142857,22.025000000000002
2016-11-04,14:00,1860.3,22.6,2016-11,2016,11,1080.242857142857,22.025000000000002
2016-11-04,15:00,2910.6,21.8,2016-11,2016,11,1080.242857142857,22.025000000000002
2016-11-04,16:00,2128.5,23.2,2016-11,2016,11,1080.242857142857,22.025000000000002
2016-11-04,17:00,2620.8,23.2,2016-11,2016,11,1080.242857142857,22.025000000000002
2016-11-04,18:00,1978.5,22.2,2016-11,2016,11,1080.242857142857,22.025000000000002
2016-11-04,19:00,1639.9,22.3,2016-11,2016,11,1080.242857142857,22.025000000000002
2016-11-04,20:00,829.6,22.2,2016-11,2016,11,1080.242857142857,22.025000000000002
2016-11-04,21:00,386.5,22.3,2016-11,2016,11,1080.242857142857,22.025000000000002
2016-11-04,22:00,49.5,22.4,2016-11,2016,11,1080.242857142857,22.025000000000002
2016-12-04,10:00,1.0,21.8,2016-12,2016,12,1420.5307692307692,21.829166666666666
2016-12-04,11:00,145.8,22.3,2016-12,2016,12,1420.5307692307692,21.829166666666666
2016-12-04,12:00,636.5,22.2,2016-12,2016,12,1420.5307692307692,21.829166666666666
2016-12-04,13:00,1016.5,21.7,2016-12,2016,12,1420.5307692307692,21.829166666666666
2016-12-04,14:00,1581.6,22.7,2016-12,2016,12,1420.5307692307692,21.829166666666666
2016-12-04,15:00,2475.4,22.7,2016-12,2016,12,1420.5307692307692,21.829166666666666
2016-12-04,16:00,2239.4,22.5,2016-12,2016,12,1420.5307692307692,21.829166666666666
2016-12-04,17:00,3016.3,22.6,2016-12,2016,12,1420.5307692307692,21.829166666666666
2016-12-04,18:00,2660.8,22.3,2016-12,2016,12,1420.5307692307692,21.829166666666666
2016-12-04,19:00,2354.5,21.6,2016-12,2016,12,1420.5307692307692,21.829166666666666
2016-12-04,20:00,1507.4,21.5,2016-12,2016,12,1420.5307692307692,21.829166666666666
2016-12-04,21:00,759.4,22.2,2016-12,2016,12,1420.5307692307692,21.829166666666666
2016-12-04,22:00,72.3,22.5,2016-12,2016,12,1420.5307692307692,21.829166666666666
2016-01-05,10:00,1.0,13.8,2016-01,2016,1,1654.0307692307692,15.883333333333333
2016-01-05,11:00,276.1,14.5,2016-01,2016,1,1654.0307692307692,15.883333333333333
2016-01-05,12:00,1153.5,14.7,2016-01,2016,1,1654.0307692307692,15.883333333333333
2016-01-05,13:00,1918.9,15.1,2016-01,2016,1,1654.0307692307692,15.883333333333333
2016-01-05,14:00,2490.5,15.8,2016-01,2016,1,1654.0307692307692,15.883333333333333
2016-01-05,15:00,2869.9,16.9,2016-01,2016,1,1654.0307692307692,15.883333333333333
2016-01-05,16:00,3060.4,17.8,2016-01,2016,1,1654.0307692307692,15.883333333333333
2016-01-05,17:00,2975.6,18.3,2016-01,2016,1,1654.0307692307692,15.883333333333333
2016-01-05,18:00,2706.8,17.3,2016-01,2016,1,1654.0307692307692,15.883333333333333
2016-01-05,19:00,2181.7,17.7,2016-01,2016,1,1654.0307692307692,15.883333333333333
2016-01-05,20:00,1453.7,17.8,2016-01,2016,1,1654.0307692307692,15.883333333333333
2016-01-05,21:00,396.5,17.8,2016-01,2016,1,1654.0307692307692,15.883333333333333
2016-01-05,22:00,17.8,19.5,2016-01,2016,1,1654.0307692307692,15.883333333333333
2016-02-05,11:00,248.2,17.1,2016-02,2016,2,1754.875,18.129166666666666
2016-02-05,12:00,1133.0,17.9,2016-02,2016,2,1754.875,18.129166666666666
2016-02-05,13:00,1891.7,18.7,2016-02,2016,2,1754.875,18.129166666666666
2016-02-05,14:00,2449.5,19.1,2016-02,2016,2,1754.875,18.129166666666666
2016-02-05,15:00,2839.6,18.7,2016-02,2016,2,1754.875,18.129166666666666
2016-02-05,16:00,3014.4,18.8,2016-02,2016,2,1754.875,18.129166666666666
2016-02-05,17:00,2934.7,18.5,2016-02,2016,2,1754.875,18.129166666666666
2016-02-05,18:00,2666.4,17.9,2016-02,2016,2,1754.875,18.129166666666666
2016-02-05,19:00,2114.6,18.0,2016-02,2016,2,1754.875,18.129166666666666
2016-02-05,20:00,1380.8,17.6,2016-02,2016,2,1754.875,18.129166666666666
2016-02-05,21:00,362.2,17.9,2016-02,2016,2,1754.875,18.129166666666666
2016-02-05,22:00,23.4,18.9,2016-02,2016,2,1754.875,18.129166666666666
2016-03-05,10:00,0.1,18.6,2016-03,2016,3,1462.569230769231,19.129166666666666
2016-03-05,11:00,256.8,19.4,2016-03,2016,3,1462.569230769231,19.129166666666666
2016-03-05,12:00,1107.8,19.7,2016-03,2016,3,1462.569230769231,19.129166666666666
2016-03-05,13:00,1850.5,19.4,2016-03,2016,3,1462.569230769231,19.129166666666666
2016-03-05,14:00,2130.1,18.8,2016-03,2016,3,1462.569230769231,19.129166666666666
2016-03-05,15:00,2705.9,18.3,2016-03,2016,3,1462.569230769231,19.129166666666666
2016-03-05,16:00,2732.7,18.2,2016-03,2016,3,1462.569230769231,19.129166666666666
2016-03-05,17:00,2377.4,18.5,2016-03,2016,3,1462.569230769231,19.129166666666666
2016-03-05,18:00,2332.8,17.3,2016-03,2016,3,1462.569230769231,19.129166666666666
2016-03-05,19:00,1826.0,18.1,2016-03,2016,3,1462.569230769231,19.129166666666666
2016-03-05,20:00,1337.6,18.7,2016-03,2016,3,1462.569230769231,19.129166666666666
2016-03-05,21:00,332.8,19.9,2016-03,2016,3,1462.569230769231,19.129166666666666
2016-03-05,22:00,22.9,19.7,2016-03,2016,3,1462.569230769231,19.129166666666666
2016-04-05,11:00,227.2,19.3,2016-04,2016,4,1682.0916666666665,18.916666666666668
2016-04-05,12:00,1051.4,19.1,2016-04,2016,4,1682.0916666666665,18.916666666666668
2016-04-05,13:00,1845.0,19.1,2016-04,2016,4,1682.0916666666665,18.916666666666668
2016-04-05,14:00,2402.9,18.6,2016-04,2016,4,1682.0916666666665,18.916666666666668
2016-04-05,15:00,2797.6,19.4,2016-04,2016,4,1682.0916666666665,18.916666666666668
2016-04-05,16:00,2962.3,19.9,2016-04,2016,4,1682.0916666666665,18.916666666666668
2016-04-05,17:00,2796.1,18.7,2016-04,2016,4,1682.0916666666665,18.916666666666668
2016-04-05,18:00,2658.6,17.9,2016-04,2016,4,1682.0916666666665,18.916666666666668
2016-04-05,19:00,2075.1,18.7,2016-04,2016,4,1682.0916666666665,18.916666666666668
2016-04-05,20:00,1163.4,18.1,2016-04,2016,4,1682.0916666666665,18.916666666666668
2016-04-05,21:00,193.2,18.9,2016-04,2016,4,1682.0916666666665,18.916666666666668
2016-04-05,22:00,12.3,18.8,2016-04,2016,4,1682.0916666666665,18.916666666666668
2016-05-05,11:00,236.6,17.9,2016-05,2016,5,1721.5416666666667,17.470833333333335
2016-05-05,12:00,1086.5,16.4,2016-05,2016,5,1721.5416666666667,17.470833333333335
2016-05-05,13:00,1849.1,17.9,2016-05,2016,5,1721.5416666666667,17.470833333333335
2016-05-05,14:00,2398.8,17.6,2016-05,2016,5,1721.5416666666667,17.470833333333335
2016-05-05,15:00,2791.5,17.0,2016-05,2016,5,1721.5416666666667,17.470833333333335
2016-05-05,16:00,2939.0,16.8,2016-05,2016,5,1721.5416666666667,17.470833333333335
2016-05-05,17:00,2854.7,17.2,2016-05,2016,5,1721.5416666666667,17.470833333333335
2016-05-05,18:00,2604.8,17.1,2016-05,2016,5,1721.5416666666667,17.470833333333335
2016-05-05,19:00,2112.6,17.1,2016-05,2016,5,1721.5416666666667,17.470833333333335
2016-05-05,20:00,1381.5,16.5,2016-05,2016,5,1721.5416666666667,17.470833333333335
2016-05-05,21:00,388.2,16.5,2016-05,2016,5,1721.5416666666667,17.470833333333335
2016-05-05,22:00,15.2,17.4,2016-05,2016,5,1721.5416666666667,17.470833333333335
2016-06-05,11:00,120.4,18.4,2016-06,2016,6,1410.2416666666668,18.45
2016-06-05,12:00,632.1,18.9,2016-06,2016,6,1410.2416666666668,18.45
2016-06-05,13:00,1618.2,19.9,2016-06,2016,6,1410.2416666666668,18.45
2016-06-05,14:00,1888.9,20.7,2016-06,2016,6,1410.2416666666668,18.45
2016-06-05,15:00,2723.0,20.1,2016-06,2016,6,1410.2416666666668,18.45
2016-06-05,16:00,2852.1,20.1,2016-06,2016,6,1410.2416666666668,18.45
2016-06-05,17:00,1905.7,18.3,2016-06,2016,6,1410.2416666666668,18.45
2016-06-05,18:00,1547.6,18.8,2016-06,2016,6,1410.2416666666668,18.45
2016-06-05,19:00,2066.9,18.1,2016-06,2016,6,1410.2416666666668,18.45
2016-06-05,20:00,1296.4,18.0,2016-06,2016,6,1410.2416666666668,18.45
2016-06-05,21:00,262.1,19.0,2016-06,2016,6,1410.2416666666668,18.45
2016-06-05,22:00,9.5,19.2,2016-06,2016,6,1410.2416666666668,18.45
2016-07-05,11:00,236.9,20.7,2016-07,2016,7,1469.5583333333334,20.51666666666667
2016-07-05,12:00,1055.6,21.1,2016-07,2016,7,1469.5583333333334,20.51666666666667
2016-07-05,13:00,1791.1,21.6,2016-07,2016,7,1469.5583333333334,20.51666666666667
2016-07-05,14:00,2340.8,21.5,2016-07,2016,7,1469.5583333333334,20.51666666666667
2016-07-05,15:00,2736.0,21.0,2016-07,2016,7,1469.5583333333334,20.51666666666667
2016-07-05,16:00,2913.9,20.2,2016-07,2016,7,1469.5583333333334,20.51666666666667
2016-07-05,17:00,2722.8,19.8,2016-07,2016,7,1469.5583333333334,20.51666666666667
2016-07-05,18:00,1543.9,20.0,2016-07,2016,7,1469.5583333333334,20.51666666666667
2016-07-05,19:00,1363.4,20.3,2016-07,2016,7,1469.5583333333334,20.51666666666667
2016-07-05,20:00,672.7,20.3,2016-07,2016,7,1469.5583333333334,20.51666666666667
2016-07-05,21:00,249.0,21.0,2016-07,2016,7,1469.5583333333334,20.51666666666667
2016-07-05,22:00,8.6,22.3,2016-07,2016,7,1469.5583333333334,20.51666666666667
2016-08-05,10:00,3.6,20.3,2016-08,2016,8,1024.3923076923077,21.65416666666667
2016-08-05,11:00,269.8,21.1,2016-08,2016,8,1024.3923076923077,21.65416666666667
2016-08-05,12:00,1024.8,21.0,2016-08,2016,8,1024.3923076923077,21.65416666666667
2016-08-05,13:00,1784.4,21.1,2016-08,2016,8,1024.3923076923077,21.65416666666667
2016-08-05,14:00,2343.6,21.9,2016-08,2016,8,1024.3923076923077,21.65416666666667
2016-08-05,15:00,2393.9,21.2,2016-08,2016,8,1024.3923076923077,21.65416666666667
2016-08-05,16:00,1376.6,22.2,2016-08,2016,8,1024.3923076923077,21.65416666666667
2016-08-05,17:00,1196.8,22.3,2016-08,2016,8,1024.3923076923077,21.65416666666667
2016-08-05,18:00,934.1,22.1,2016-08,2016,8,1024.3923076923077,21.65416666666667
2016-08-05,19:00,1083.0,22.2,2016-08,2016,8,1024.3923076923077,21.65416666666667
2016-08-05,20:00,698.8,22.0,2016-08,2016,8,1024.3923076923077,21.65416666666667
2016-08-05,21:00,195.0,22.2,2016-08,2016,8,1024.3923076923077,21.65416666666667
2016-08-05,22:00,12.7,22.2,2016-08,2016,8,1024.3923076923077,21.65416666666667
2016-09-05,11:00,210.5,21.6,2016-09,2016,9,1540.9916666666668,20.724999999999998
2016-09-05,12:00,1038.8,21.9,2016-09,2016,9,1540.9916666666668,20.724999999999998
2016-09-05,13:00,1574.1,21.4,2016-09,2016,9,1540.9916666666668,20.724999999999998
2016-09-05,14:00,1903.4,21.4,2016-09,2016,9,1540.9916666666668,20.724999999999998
2016-09-05,15:00,2801.4,20.6,2016-09,2016,9,1540.9916666666668,20.724999999999998
2016-09-05,16:00,2442.8,19.5,2016-09,2016,9,1540.9916666666668,20.724999999999998
2016-09-05,17:00,2337.4,19.7,2016-09,2016,9,1540.9916666666668,20.724999999999998
2016-09-05,18:00,2265.1,18.4,2016-09,2016,9,1540.9916666666668,20.724999999999998
2016-09-05,19:00,2125.7,19.2,2016-09,2016,9,1540.9916666666668,20.724999999999998
2016-09-05,20:00,1390.3,18.0,2016-09,2016,9,1540.9916666666668,20.724999999999998
2016-09-05,21:00,389.8,18.7,2016-09,2016,9,1540.9916666666668,20.724999999999998
2016-09-05,22:00,12.6,19.5,2016-09,2016,9,1540.9916666666668,20.724999999999998
2016-10-05,10:00,0.2,19.6,2016-10,2016,10,1454.3461538461538,19.3
2016-10-05,11:00,247.7,20.2,2016-10,2016,10,1454.3461538461538,19.3
2016-10-05,12:00,1056.3,20.0,2016-10,2016,10,1454.3461538461538,19.3
2016-10-05,13:00,1717.7,20.5,2016-10,2016,10,1454.3461538461538,19.3
2016-10-05,14:00,2319.7,20.7,2016-10,2016,10,1454.3461538461538,19.3
2016-10-05,15:00,2690.2,20.1,2016-10,2016,10,1454.3461538461538,19.3
2016-10-05,16:00,2777.6,19.3,2016-10,2016,10,1454.3461538461538,19.3
2016-10-05,17:00,2033.5,19.1,2016-10,2016,10,1454.3461538461538,19.3
2016-10-05,18:00,2462.5,18.7,2016-10,2016,10,1454.3461538461538,19.3
2016-10-05,19:00,2025.3,18.1,2016-10,2016,10,1454.3461538461538,19.3
2016-10-05,20:00,1165.9,17.4,2016-10,2016,10,1454.3461538461538,19.3
2016-10-05,21:00,379.6,17.8,2016-10,2016,10,1454.3461538461538,19.3
2016-10-05,22:00,30.3,19.0,2016-10,2016,10,1454.3461538461538,19.3
2016-11-05,10:00,0.4,19.8,2016-11,2016,11,1425.1076923076923,19.233333333333334
2016-11-05,11:00,236.2,19.8,2016-11,2016,11,1425.1076923076923,19.233333333333334
2016-11-05,12:00,1036.7,20.3,2016-11,2016,11,1425.1076923076923,19.233333333333334
2016-11-05,13:00,1680.9,20.0,2016-11,2016,11,1425.1076923076923,19.233333333333334
2016-11-05,14:00,2321.9,19.7,2016-11,2016,11,1425.1076923076923,19.233333333333334
2016-11-05,15:00,2685.9,19.0,2016-11,2016,11,1425.1076923076923,19.233333333333334
2016-11-05,16:00,2827.2,18.8,2016-11,2016,11,1425.1076923076923,19.233333333333334
2016-11-05,17:00,2678.3,18.0,2016-11,2016,11,1425.1076923076923,19.233333333333334
2016-11-05,18:00,1810.7,18.1,2016-11,2016,11,1425.1076923076923,19.233333333333334
2016-11-05,19:00,1689.7,17.8,2016-11,2016,11,1425.1076923076923,19.233333333333334
2016-11-05,20:00,1202.0,17.9,2016-11,2016,11,1425.1076923076923,19.233333333333334
2016-11-05,21:00,343.0,18.3,2016-11,2016,11,1425.1076923076923,19.233333333333334
2016-11-05,22:00,13.5,18.6,2016-11,2016,11,1425.1076923076923,19.233333333333334
2016-12-05,11:00,264.2,19.9,2016-12,2016,12,1519.1750000000002,19.108333333333334
2016-12-05,12:00,844.7,20.1,2016-12,2016,12,1519.1750000000002,19.108333333333334
2016-12-05,13:00,1627.1,19.8,2016-12,2016,12,1519.1750000000002,19.108333333333334
2016-12-05,14:00,2224.8,20.7,2016-12,2016,12,1519.1750000000002,19.108333333333334
2016-12-05,15:00,2597.8,19.5,2016-12,2016,12,1519.1750000000002,19.108333333333334
2016-12-05,16:00,2776.3,18.9,2016-12,2016,12,1519.1750000000002,19.108333333333334
2016-12-05,17:00,2517.9,17.6,2016-12,2016,12,1519.1750000000002,19.108333333333334
2016-12-05,18:00,2129.2,15.3,2016-12,2016,12,1519.1750000000002,19.108333333333334
2016-12-05,19:00,1864.4,16.6,2016-12,2016,12,1519.1750000000002,19.108333333333334
2016-12-05,20:00,1054.3,16.5,2016-12,2016,12,1519.1750000000002,19.108333333333334
2016-12-05,21:00,317.1,18.4,2016-12,2016,12,1519.1750000000002,19.108333333333334
2016-12-05,22:00,12.3,20.4,2016-12,2016,12,1519.1750000000002,19.108333333333334
2016-01-06,11:00,190.1,19.4,2016-01,2016,1,1445.075,18.17083333333333
2016-01-06,12:00,937.1,19.0,2016-01,2016,1,1445.075,18.17083333333333
2016-01-06,13:00,1643.8,20.1,2016-01,2016,1,1445.075,18.17083333333333
2016-01-06,14:00,2147.1,18.4,2016-01,2016,1,1445.075,18.17083333333333
2016-01-06,15:00,2454.3,18.0,2016-01,2016,1,1445.075,18.17083333333333
2016-01-06,16:00,2181.8,16.5,2016-01,2016,1,1445.075,18.17083333333333
2016-01-06,17:00,2129.6,16.7,2016-01,2016,1,1445.075,18.17083333333333
2016-01-06,18:00,2282.0,16.7,2016-01,2016,1,1445.075,18.17083333333333
2016-01-06,19:00,1931.3,16.1,2016-01,2016,1,1445.075,18.17083333333333
2016-01-06,20:00,1125.4,15.9,2016-01,2016,1,1445.075,18.17083333333333
2016-01-06,21:00,310.7,16.2,2016-01,2016,1,1445.075,18.17083333333333
2016-01-06,22:00,7.7,17.0,2016-01,2016,1,1445.075,18.17083333333333
2016-02-06,11:00,185.9,19.6,2016-02,2016,2,1449.0583333333334,18.212500000000002
2016-02-06,12:00,622.8,19.6,2016-02,2016,2,1449.0583333333334,18.212500000000002
2016-02-06,13:00,1074.0,20.2,2016-02,2016,2,1449.0583333333334,18.212500000000002
2016-02-06,14:00,2135.1,19.4,2016-02,2016,2,1449.0583333333334,18.212500000000002
2016-02-06,15:00,2412.4,18.6,2016-02,2016,2,1449.0583333333334,18.212500000000002
2016-02-06,16:00,2623.1,17.7,2016-02,2016,2,1449.0583333333334,18.212500000000002
2016-02-06,17:00,2614.3,17.1,2016-02,2016,2,1449.0583333333334,18.212500000000002
2016-02-06,18:00,2312.1,16.3,2016-02,2016,2,1449.0583333333334,18.212500000000002
2016-02-06,19:00,1772.5,16.9,2016-02,2016,2,1449.0583333333334,18.212500000000002
2016-02-06,20:00,1226.0,16.5,2016-02,2016,2,1449.0583333333334,18.212500000000002
2016-02-06,21:00,399.0,17.2,2016-02,2016,2,1449.0583333333334,18.212500000000002
2016-02-06,22:00,11.5,18.3,2016-02,2016,2,1449.0583333333334,18.212500000000002
2016-03-06,11:00,182.1,21.1,2016-03,2016,3,1437.1166666666668,19.7625
2016-03-06,12:00,871.8,20.9,2016-03,2016,3,1437.1166666666668,19.7625
2016-03-06,13:00,1541.5,21.4,2016-03,2016,3,1437.1166666666668,19.7625
2016-03-06,14:00,2042.5,21.8,2016-03,2016,3,1437.1166666666668,19.7625
2016-03-06,15:00,2454.1,21.8,2016-03,2016,3,1437.1166666666668,19.7625
2016-03-06,16:00,2285.5,20.7,2016-03,2016,3,1437.1166666666668,19.7625
2016-03-06,17:00,2224.2,19.5,2016-03,2016,3,1437.1166666666668,19.7625
2016-03-06,18:00,2556.4,18.5,2016-03,2016,3,1437.1166666666668,19.7625
2016-03-06,19:00,1885.4,18.4,2016-03,2016,3,1437.1166666666668,19.7625
2016-03-06,20:00,1003.3,19.0,2016-03,2016,3,1437.1166666666668,19.7625
2016-03-06,21:00,186.6,19.6,2016-03,2016,3,1437.1166666666668,19.7625
2016-03-06,22:00,12.0,18.9,2016-03,2016,3,1437.1166666666668,19.7625
2016-04-06,11:00,185.7,21.0,2016-04,2016,4,1312.6583333333333,19.4875
2016-04-06,12:00,848.8,20.5,2016-04,2016,4,1312.6583333333333,19.4875
2016-04-06,13:00,1585.5,20.7,2016-04,2016,4,1312.6583333333333,19.4875
2016-04-06,14:00,1919.7,20.4,2016-04,2016,4,1312.6583333333333,19.4875
2016-04-06,15:00,1784.4,20.1,2016-04,2016,4,1312.6583333333333,19.4875
2016-04-06,16:00,1943.0,18.6,2016-04,2016,4,1312.6583333333333,19.4875
2016-04-06,17:00,2682.2,18.6,2016-04,2016,4,1312.6583333333333,19.4875
2016-04-06,18:00,2126.5,17.3,2016-04,2016,4,1312.6583333333333,19.4875
2016-04-06,19:00,1873.2,18.1,2016-04,2016,4,1312.6583333333333,19.4875
2016-04-06,20:00,569.2,18.8,2016-04,2016,4,1312.6583333333333,19.4875
2016-04-06,21:00,227.9,19.2,2016-04,2016,4,1312.6583333333333,19.4875
2016-04-06,22:00,5.8,18.7,2016-04,2016,4,1312.6583333333333,19.4875
2016-05-06,11:00,179.9,20.5,2016-05,2016,5,1420.0916666666665,19.7625
2016-05-06,12:00,823.6,20.9,2016-05,2016,5,1420.0916666666665,19.7625
2016-05-06,13:00,1578.2,20.3,2016-05,2016,5,1420.0916666666665,19.7625
2016-05-06,14:00,2105.0,20.8,2016-05,2016,5,1420.0916666666665,19.7625
2016-05-06,15:00,2493.2,20.5,2016-05,2016,5,1420.0916666666665,19.7625
2016-05-06,16:00,2232.8,19.5,2016-05,2016,5,1420.0916666666665,19.7625
2016-05-06,17:00,2597.5,18.7,2016-05,2016,5,1420.0916666666665,19.7625
2016-05-06,18:00,1668.6,19.6,2016-05,2016,5,1420.0916666666665,19.7625
2016-05-06,19:00,1947.9,18.9,2016-05,2016,5,1420.0916666666665,19.7625
2016-05-06,20:00,1107.4,19.5,2016-05,2016,5,1420.0916666666665,19.7625
2016-05-06,21:00,290.3,19.2,2016-05,2016,5,1420.0916666666665,19.7625
2016-05-06,22:00,16.7,19.2,2016-05,2016,5,1420.0916666666665,19.7625
2016-06-06,11:00,170.7,20.7,2016-06,2016,6,1434.9166666666667,19.645833333333332
2016-06-06,12:00,843.4,20.5,2016-06,2016,6,1434.9166666666667,19.645833333333332
2016-06-06,13:00,1591.6,21.6,2016-06,2016,6,1434.9166666666667,19.645833333333332
2016-06-06,14:00,2024.9,21.0,2016-06,2016,6,1434.9166666666667,19.645833333333332
2016-06-06,15:00,2362.9,19.2,2016-06,2016,6,1434.9166666666667,19.645833333333332
2016-06-06,16:00,2607.3,18.5,2016-06,2016,6,1434.9166666666667,19.645833333333332
2016-06-06,17:00,2267.6,18.6,2016-06,2016,6,1434.9166666666667,19.645833333333332
2016-06-06,18:00,2116.9,18.1,2016-06,2016,6,1434.9166666666667,19.645833333333332
2016-06-06,19:00,1932.2,17.6,2016-06,2016,6,1434.9166666666667,19.645833333333332
2016-06-06,20:00,1106.9,18.2,2016-06,2016,6,1434.9166666666667,19.645833333333332
2016-06-06,21:00,185.2,18.8,2016-06,2016,6,1434.9166666666667,19.645833333333332
2016-06-06,22:00,9.4,19.4,2016-06,2016,6,1434.9166666666667,19.645833333333332
2016-07-06,11:00,164.4,20.9,2016-07,2016,7,1107.4833333333333,20.108333333333334
2016-07-06,12:00,799.0,20.9,2016-07,2016,7,1107.4833333333333,20.108333333333334
2016-07-06,13:00,954.9,20.6,2016-07,2016,7,1107.4833333333333,20.108333333333334
2016-07-06,14:00,1494.7,20.8,2016-07,2016,7,1107.4833333333333,20.108333333333334
2016-07-06,15:00,1725.8,19.8,2016-07,2016,7,1107.4833333333333,20.108333333333334
2016-07-06,16:00,2531.5,19.1,2016-07,2016,7,1107.4833333333333,20.108333333333334
2016-07-06,17:00,1860.4,20.2,2016-07,2016,7,1107.4833333333333,20.108333333333334
2016-07-06,18:00,2344.3,19.0,2016-07,2016,7,1107.4833333333333,20.108333333333334
2016-07-06,19:00,992.0,20.4,2016-07,2016,7,1107.4833333333333,20.108333333333334
2016-07-06,20:00,274.1,20.3,2016-07,2016,7,1107.4833333333333,20.108333333333334
2016-07-06,21:00,139.0,20.6,2016-07,2016,7,1107.4833333333333,20.108333333333334
2016-07-06,22:00,9.7,20.3,2016-07,2016,7,1107.4833333333333,20.108333333333334
2016-08-06,11:00,89.1,17.8,2016-08,2016,8,948.0333333333333,18.470833333333335
2016-08-06,12:00,302.0,18.0,2016-08,2016,8,948.0333333333333,18.470833333333335
2016-08-06,13:00,715.4,18.4,2016-08,2016,8,948.0333333333333,18.470833333333335
2016-08-06,14:00,1620.2,18.4,2016-08,2016,8,948.0333333333333,18.470833333333335
2016-08-06,15:00,1385.9,18.3,2016-08,2016,8,948.0333333333333,18.470833333333335
2016-08-06,16:00,1835.8,18.7,2016-08,2016,8,948.0333333333333,18.470833333333335
2016-08-06,17:00,1537.1,19.1,2016-08,2016,8,948.0333333333333,18.470833333333335
2016-08-06,18:00,1819.3,19.5,2016-08,2016,8,948.0333333333333,18.470833333333335
2016-08-06,19:00,1072.4,18.8,2016-08,2016,8,948.0333333333333,18.470833333333335
2016-08-06,20:00,616.7,18.5,2016-08,2016,8,948.0333333333333,18.470833333333335
2016-08-06,21:00,369.2,18.5,2016-08,2016,8,948.0333333333333,18.470833333333335
2016-08-06,22:00,13.3,18.2,2016-08,2016,8,948.0333333333333,18.470833333333335
2016-09-06,11:00,86.0,16.7,2016-09,2016,9,1072.0333333333333,17.508333333333333
2016-09-06,12:00,308.7,16.6,2016-09,2016,9,1072.0333333333333,17.508333333333333
2016-09-06,13:00,463.0,17.2,2016-09,2016,9,1072.0333333333333,17.508333333333333
2016-09-06,14:00,1557.8,17.3,2016-09,2016,9,1072.0333333333333,17.508333333333333
2016-09-06,15:00,2204.1,17.7,2016-09,2016,9,1072.0333333333333,17.508333333333333
2016-09-06,16:00,1716.5,17.3,2016-09,2016,9,1072.0333333333333,17.508333333333333
2016-09-06,17:00,2205.5,17.1,2016-09,2016,9,1072.0333333333333,17.508333333333333
2016-09-06,18:00,1910.1,17.8,2016-09,2016,9,1072.0333333333333,17.508333333333333
2016-09-06,19:00,1290.1,17.9,2016-09,2016,9,1072.0333333333333,17.508333333333333
2016-09-06,20:00,708.5,18.1,2016-09,2016,9,1072.0333333333333,17.508333333333333
2016-09-06,21:00,404.8,18.1,2016-09,2016,9,1072.0333333333333,17.508333333333333
2016-09-06,22:00,9.3,18.3,2016-09,2016,9,1072.0333333333333,17.508333333333333
2016-10-06,11:00,165.5,17.5,2016-10,2016,10,1303.6416666666667,18.2
2016-10-06,12:00,854.4,17.5,2016-10,2016,10,1303.6416666666667,18.2
2016-10-06,13:00,1415.6,17.5,2016-10,2016,10,1303.6416666666667,18.2
2016-10-06,14:00,2060.3,18.0,2016-10,2016,10,1303.6416666666667,18.2
2016-10-06,15:00,2369.3,17.9,2016-10,2016,10,1303.6416666666667,18.2
2016-10-06,16:00,2246.5,18.8,2016-10,2016,10,1303.6416666666667,18.2
2016-10-06,17:00,1580.4,18.6,2016-10,2016,10,1303.6416666666667,18.2
2016-10-06,18:00,1962.0,18.7,2016-10,2016,10,1303.6416666666667,18.2
2016-10-06,19:00,1653.3,18.8,2016-10,2016,10,1303.6416666666667,18.2
2016-10-06,20:00,1147.5,19.2,2016-10,2016,10,1303.6416666666667,18.2
2016-10-06,21:00,184.3,19.6,2016-10,2016,10,1303.6416666666667,18.2
2016-10-06,22:00,4.6,19.4,2016-10,2016,10,1303.6416666666667,18.2
2016-11-06,11:00,151.0,12.5,2016-11,2016,11,1251.6166666666666,14.770833333333334
2016-11-06,12:00,462.0,12.8,2016-11,2016,11,1251.6166666666666,14.770833333333334
2016-11-06,13:00,1192.2,12.9,2016-11,2016,11,1251.6166666666666,14.770833333333334
2016-11-06,14:00,1829.0,13.9,2016-11,2016,11,1251.6166666666666,14.770833333333334
2016-11-06,15:00,1592.8,14.8,2016-11,2016,11,1251.6166666666666,14.770833333333334
2016-11-06,16:00,2386.3,14.9,2016-11,2016,11,1251.6166666666666,14.770833333333334
2016-11-06,17:00,2513.9,14.9,2016-11,2016,11,1251.6166666666666,14.770833333333334
2016-11-06,18:00,2282.2,15.4,2016-11,2016,11,1251.6166666666666,14.770833333333334
2016-11-06,19:00,1545.3,15.1,2016-11,2016,11,1251.6166666666666,14.770833333333334
2016-11-06,20:00,669.8,15.4,2016-11,2016,11,1251.6166666666666,14.770833333333334
2016-11-06,21:00,381.8,15.6,2016-11,2016,11,1251.6166666666666,14.770833333333334
2016-11-06,22:00,13.1,15.6,2016-11,2016,11,1251.6166666666666,14.770833333333334
2016-12-06,11:00,182.5,12.8,2016-12,2016,12,1515.5166666666667,13.637500000000001
2016-12-06,12:00,893.3,12.4,2016-12,2016,12,1515.5166666666667,13.637500000000001
2016-12-06,13:00,1517.5,12.4,2016-12,2016,12,1515.5166666666667,13.637500000000001
2016-12-06,14:00,2117.4,12.4,2016-12,2016,12,1515.5166666666667,13.637500000000001
2016-12-06,15:00,2453.7,12.8,2016-12,2016,12,1515.5166666666667,13.637500000000001
2016-12-06,16:00,2594.6,12.6,2016-12,2016,12,1515.5166666666667,13.637500000000001
2016-12-06,17:00,2541.4,13.3,2016-12,2016,12,1515.5166666666667,13.637500000000001
2016-12-06,18:00,2324.8,13.5,2016-12,2016,12,1515.5166666666667,13.637500000000001
2016-12-06,19:00,1886.2,13.8,2016-12,2016,12,1515.5166666666667,13.637500000000001
2016-12-06,20:00,1238.3,14.0,2016-12,2016,12,1515.5166666666667,13.637500000000001
2016-12-06,21:00,424.8,14.0,2016-12,2016,12,1515.5166666666667,13.637500000000001
2016-12-06,22:00,11.7,14.1,2016-12,2016,12,1515.5166666666667,13.637500000000001
2016-01-07,11:00,138.1,13.1,2016-01,2016,1,1519.7833333333335,11.195833333333333
2016-01-07,12:00,778.6,13.4,2016-01,2016,1,1519.7833333333335,11.195833333333333
2016-01-07,13:00,1515.4,12.7,2016-01,2016,1,1519.7833333333335,11.195833333333333
2016-01-07,14:00,2091.0,11.2,2016-01,2016,1,1519.7833333333335,11.195833333333333
2016-02-07,11:00,136.3,12.1,2016-02,2016,2,1507.7833333333335,11.299999999999999
2016-02-07,12:00,782.7,12.9,2016-02,2016,2,1507.7833333333335,11.299999999999999
2016-02-07,13:00,1481.2,11.8,2016-02,2016,2,1507.7833333333335,11.299999999999999
2016-02-07,14:00,2028.5,11.2,2016-02,2016,2,1507.7833333333335,11.299999999999999
2016-02-07,22:00,12.5,11.1,2016-02,2016,2,1507.7833333333335,11.299999999999999
2016-03-07,11:00,139.7,12.9,2016-03,2016,3,1511.7083333333333,11.975
2016-03-07,12:00,746.9,13.4,2016-03,2016,3,1511.7083333333333,11.975
2016-03-07,13:00,1506.9,12.8,2016-03,2016,3,1511.7083333333333,11.975
2016-03-07,14:00,2090.2,11.8,2016-03,2016,3,1511.7083333333333,11.975
2016-03-07,15:00,2418.1,11.3,2016-03,2016,3,1511.7083333333333,11.975
2016-03-07,16:00,2553.6,11.3,2016-03,2016,3,1511.7083333333333,11.975
2016-03-07,22:00,14.0,11.1,2016-03,2016,3,1511.7083333333333,11.975
2016-04-07,11:00,135.7,13.8,2016-04,2016,4,1473.125,13.1625
2016-04-07,12:00,852.7,15.3,2016-04,2016,4,1473.125,13.1625
2016-04-07,13:00,1406.1,15.0,2016-04,2016,4,1473.125,13.1625
2016-04-07,14:00,2054.2,14.2,2016-04,2016,4,1473.125,13.1625
2016-04-07,15:00,2377.1,14.0,2016-04,2016,4,1473.125,13.1625
2016-04-07,16:00,2386.2,13.2,2016-04,2016,4,1473.125,13.1625
2016-04-07,17:00,2463.1,11.8,2016-04,2016,4,1473.125,13.1625
2016-04-07,18:00,2290.2,12.6,2016-04,2016,4,1473.125,13.1625
2016-04-07,19:00,1907.3,12.5,2016-04,2016,4,1473.125,13.1625
2016-04-07,20:00,1286.0,11.9,2016-04,2016,4,1473.125,13.1625
2016-04-07,21:00,503.6,12.0,2016-04,2016,4,1473.125,13.1625
2016-04-07,22:00,15.3,13.2,2016-04,2016,4,1473.125,13.1625
2016-05-07,11:00,138.2,13.3,2016-05,2016,5,1501.7749999999999,12.700000000000001
2016-05-07,12:00,912.7,13.7,2016-05,2016,5,1501.7749999999999,12.700000000000001
2016-05-07,13:00,1580.3,13.6,2016-05,2016,5,1501.7749999999999,12.700000000000001
2016-05-07,14:00,2075.6,13.7,2016-05,2016,5,1501.7749999999999,12.700000000000001
2016-05-07,15:00,2420.3,12.4,2016-05,2016,5,1501.7749999999999,12.700000000000001
2016-05-07,16:00,2537.5,11.6,2016-05,2016,5,1501.7749999999999,12.700000000000001
2016-05-07,17:00,2515.1,11.9,2016-05,2016,5,1501.7749999999999,12.700000000000001
2016-05-07,18:00,2291.1,11.7,2016-05,2016,5,1501.7749999999999,12.700000000000001
2016-05-07,19:00,1858.5,11.7,2016-05,2016,5,1501.7749999999999,12.700000000000001
2016-05-07,20:00,1173.4,11.3,2016-05,2016,5,1501.7749999999999,12.700000000000001
2016-05-07,22:00,22.1,11.6,2016-05,2016,5,1501.7749999999999,12.700000000000001
2016-06-07,11:00,141.2,13.0,2016-06,2016,6,1374.1666666666667,11.9625
2016-06-07,12:00,901.8,12.3,2016-06,2016,6,1374.1666666666667,11.9625
2016-06-07,13:00,1572.9,13.8,2016-06,2016,6,1374.1666666666667,11.9625
2016-06-07,14:00,2062.4,12.2,2016-06,2016,6,1374.1666666666667,11.9625
2016-06-07,15:00,1596.7,12.3,2016-06,2016,6,1374.1666666666667,11.9625
2016-06-07,16:00,2503.5,12.5,2016-06,2016,6,1374.1666666666667,11.9625
2016-06-07,17:00,2139.5,12.0,2016-06,2016,6,1374.1666666666667,11.9625
2016-06-07,18:00,2449.3,11.3,2016-06,2016,6,1374.1666666666667,11.9625
2016-06-07,19:00,1157.4,11.5,2016-06,2016,6,1374.1666666666667,11.9625
2016-06-07,22:00,20.9,11.4,2016-06,2016,6,1374.1666666666667,11.9625
2016-07-07,11:00,141.2,15.2,2016-07,2016,7,1451.5333333333335,13.633333333333333
2016-07-07,12:00,900.4,16.4,2016-07,2016,7,1451.5333333333335,13.633333333333333
2016-07-07,13:00,1573.8,16.2,2016-07,2016,7,1451.5333333333335,13.633333333333333
2016-07-07,14:00,2064.3,15.6,2016-07,2016,7,1451.5333333333335,13.633333333333333
2016-07-07,15:00,2381.0,13.6,2016-07,2016,7,1451.5333333333335,13.633333333333333
2016-07-07,16:00,2511.8,12.7,2016-07,2016,7,1451.5333333333335,13.633333333333333
2016-07-07,17:00,2489.0,13.3,2016-07,2016,7,1451.5333333333335,13.633333333333333
2016-07-07,18:00,1981.9,12.4,2016-07,2016,7,1451.5333333333335,13.633333333333333
2016-07-07,19:00,1666.4,12.3,2016-07,2016,7,1451.5333333333335,13.633333333333333
2016-07-07,20:00,1307.7,12.3,2016-07,2016,7,1451.5333333333335,13.633333333333333
2016-07-07,21:00,385.2,12.2,2016-07,2016,7,1451.5333333333335,13.633333333333333
2016-07-07,22:00,15.7,12.6,2016-07,2016,7,1451.5333333333335,13.633333333333333
2016-08-07,11:00,138.8,16.1,2016-08,2016,8,1525.1833333333334,13.708333333333334
2016-08-07,12:00,907.9,16.6,2016-08,2016,8,1525.1833333333334,13.708333333333334
2016-08-07,13:00,1586.5,16.3,2016-08,2016,8,1525.1833333333334,13.708333333333334
2016-08-07,14:00,2086.4,15.0,2016-08,2016,8,1525.1833333333334,13.708333333333334
2016-08-07,15:00,2402.8,13.1,2016-08,2016,8,1525.1833333333334,13.708333333333334
2016-08-07,18:00,2325.6,11.3,2016-08,2016,8,1525.1833333333334,13.708333333333334
2016-08-07,20:00,1323.2,11.4,2016-08,2016,8,1525.1833333333334,13.708333333333334
2016-08-07,21:00,525.3,11.5,2016-08,2016,8,1525.1833333333334,13.708333333333334
2016-08-07,22:00,14.8,12.0,2016-08,2016,8,1525.1833333333334,13.708333333333334
2016-09-07,11:00,143.3,14.6,2016-09,2016,9,1518.7250000000001,12.5375
2016-09-07,12:00,901.2,14.5,2016-09,2016,9,1518.7250000000001,12.5375
2016-09-07,13:00,1589.6,14.0,2016-09,2016,9,1518.7250000000001,12.5375
2016-09-07,14:00,2070.7,13.7,2016-09,2016,9,1518.7250000000001,12.5375
2016-09-07,15:00,2402.7,12.2,2016-09,2016,9,1518.7250000000001,12.5375
2016-09-07,16:00,2531.1,11.5,2016-09,2016,9,1518.7250000000001,12.5375
2016-10-07,11:00,146.7,14.7,2016-10,2016,10,1519.4250000000002,11.991666666666667
2016-10-07,12:00,911.9,13.8,2016-10,2016,10,1519.4250000000002,11.991666666666667
2016-10-07,13:00,1579.4,14.7,2016-10,2016,10,1519.4250000000002,11.991666666666667
2016-10-07,14:00,2066.8,12.9,2016-10,2016,10,1519.4250000000002,11.991666666666667
2016-10-07,15:00,2387.3,11.3,2016-10,2016,10,1519.4250000000002,11.991666666666667
2016-10-07,22:00,16.9,11.3,2016-10,2016,10,1519.4250000000002,11.991666666666667
2016-11-07,11:00,142.1,14.4,2016-11,2016,11,1513.9416666666666,12.450000000000001
2016-11-07,12:00,886.2,14.1,2016-11,2016,11,1513.9416666666666,12.450000000000001
2016-11-07,13:00,1565.9,13.3,2016-11,2016,11,1513.9416666666666,12.450000000000001
2016-11-07,14:00,2058.1,13.7,2016-11,2016,11,1513.9416666666666,12.450000000000001
2016-11-07,15:00,2377.9,12.4,2016-11,2016,11,1513.9416666666666,12.450000000000001
2016-12-07,11:00,99.5,15.3,2016-12,2016,12,1499.6916666666666,12.891666666666666
2016-12-07,12:00,851.5,14.4,2016-12,2016,12,1499.6916666666666,12.891666666666666
2016-12-07,13:00,1531.0,15.8,2016-12,2016,12,1499.6916666666666,12.891666666666666
2016-12-07,14:00,2045.7,14.9,2016-12,2016,12,1499.6916666666666,12.891666666666666
2016-12-07,15:00,2374.9,12.2,2016-12,2016,12,1499.6916666666666,12.891666666666666
2016-12-07,22:00,18.6,11.4,2016-12,2016,12,1499.6916666666666,12.891666666666666
2016-01-08,13:00,1636.3,11.4,2016-01,2016,1,1622.55,9.491666666666667
2016-03-08,11:00,178.0,11.8,2016-03,2016,3,1623.8416666666665,10.279166666666667
2016-03-08,12:00,961.0,11.7,2016-03,2016,3,1623.8416666666665,10.279166666666667
2016-03-08,13:00,1712.0,11.7,2016-03,2016,3,1623.8416666666665,10.279166666666667
2016-04-08,11:00,175.4,12.7,2016-04,2016,4,1557.75,11.208333333333334
2016-04-08,12:00,945.5,12.6,2016-04,2016,4,1557.75,11.208333333333334
2016-04-08,13:00,1696.0,11.6,2016-04,2016,4,1557.75,11.208333333333334
2016-04-08,21:00,554.0,11.5,2016-04,2016,4,1557.75,11.208333333333334
2016-04-08,22:00,28.2,11.9,2016-04,2016,4,1557.75,11.208333333333334
2016-05-08,11:00,144.7,13.9,2016-05,2016,5,1562.3083333333334,13.012500000000001
2016-05-08,12:00,793.3,14.9,2016-05,2016,5,1562.3083333333334,13.012500000000001
2016-05-08,13:00,1497.8,14.5,2016-05,2016,5,1562.3083333333334,13.012500000000001
2016-05-08,14:00,2113.6,13.1,2016-05,2016,5,1562.3083333333334,13.012500000000001
2016-05-08,15:00,2503.8,13.2,2016-05,2016,5,1562.3083333333334,13.012500000000001
2016-05-08,16:00,2691.6,12.8,2016-05,2016,5,1562.3083333333334,13.012500000000001
2016-05-08,17:00,2501.6,11.9,2016-05,2016,5,1562.3083333333334,13.012500000000001
2016-05-08,18:00,2426.0,12.1,2016-05,2016,5,1562.3083333333334,13.012500000000001
2016-05-08,19:00,2055.5,12.2,2016-05,2016,5,1562.3083333333334,13.012500000000001
2016-05-08,20:00,1380.8,11.3,2016-05,2016,5,1562.3083333333334,13.012500000000001
2016-05-08,21:00,611.0,11.3,2016-05,2016,5,1562.3083333333334,13.012500000000001
2016-05-08,22:00,28.0,11.9,2016-05,2016,5,1562.3083333333334,13.012500000000001
2016-06-08,11:00,166.2,12.6,2016-06,2016,6,1631.2333333333333,11.633333333333333
2016-06-08,12:00,919.5,12.8,2016-06,2016,6,1631.2333333333333,11.633333333333333
2016-06-08,13:00,1660.6,12.0,2016-06,2016,6,1631.2333333333333,11.633333333333333
2016-06-08,14:00,2225.0,11.3,2016-06,2016,6,1631.2333333333333,11.633333333333333
2016-07-08,11:00,168.0,11.4,2016-07,2016,7,1586.8833333333334,10.070833333333333
2016-07-08,12:00,890.4,11.3,2016-07,2016,7,1586.8833333333334,10.070833333333333
2016-08-08,11:00,178.2,12.5,2016-08,2016,8,1604.925,9.995833333333334
2016-08-08,12:00,929.9,11.5,2016-08,2016,8,1604.925,9.995833333333334
2016-08-08,13:00,1689.2,12.3,2016-08,2016,8,1604.925,9.995833333333334
2016-09-08,11:00,170.9,12.8,2016-09,2016,9,1575.4916666666668,9.241666666666667
2016-09-08,12:00,861.0,12.5,2016-09,2016,9,1575.4916666666668,9.241666666666667
2016-09-08,13:00,1616.6,12.7,2016-09,2016,9,1575.4916666666668,9.241666666666667
2016-10-08,11:00,170.8,17.5,2016-10,2016,10,1545.0166666666667,14.387500000000001
2016-10-08,12:00,858.9,18.3,2016-10,2016,10,1545.0166666666667,14.387500000000001
2016-10-08,13:00,1608.7,17.9,2016-10,2016,10,1545.0166666666667,14.387500000000001
2016-10-08,14:00,1936.9,17.6,2016-10,2016,10,1545.0166666666667,14.387500000000001
2016-10-08,15:00,2445.6,16.9,2016-10,2016,10,1545.0166666666667,14.387500000000001
2016-10-08,16:00,2611.3,14.8,2016-10,2016,10,1545.0166666666667,14.387500000000001
2016-10-08,17:00,2565.1,11.8,2016-10,2016,10,1545.0166666666667,14.387500000000001
2016-11-08,11:00,181.8,17.3,2016-11,2016,11,1575.2666666666667,14.9375
2016-11-08,12:00,872.1,18.2,2016-11,2016,11,1575.2666666666667,14.9375
2016-11-08,13:00,1626.1,17.7,2016-11,2016,11,1575.2666666666667,14.9375
2016-11-08,14:00,2198.6,17.6,2016-11,2016,11,1575.2666666666667,14.9375
2016-11-08,15:00,2576.3,17.0,2016-11,2016,11,1575.2666666666667,14.9375
2016-11-08,16:00,2681.0,14.7,2016-11,2016,11,1575.2666666666667,14.9375
2016-11-08,17:00,2593.5,12.5,2016-11,2016,11,1575.2666666666667,14.9375
2016-11-08,18:00,2353.6,11.7,2016-11,2016,11,1575.2666666666667,14.9375
2016-12-08,11:00,194.9,14.1,2016-12,2016,12,1579.7666666666667,11.933333333333332
2016-12-08,12:00,909.8,14.0,2016-12,2016,12,1579.7666666666667,11.933333333333332
2016-12-08,13:00,1600.4,13.7,2016-12,2016,12,1579.7666666666667,11.933333333333332
2016-12-08,14:00,2195.0,12.8,2016-12,2016,12,1579.7666666666667,11.933333333333332
2016-12-08,15:00,2497.9,12.7,2016-12,2016,12,1579.7666666666667,11.933333333333332
2016-12-08,16:00,2600.5,12.0,2016-12,2016,12,1579.7666666666667,11.933333333333332
2016-12-08,17:00,2537.1,11.2,2016-12,2016,12,1579.7666666666667,11.933333333333332
2016-01-09,10:00,0.4,18.2,2016-01,2016,1,1251.6384615384616,18.4375
2016-01-09,11:00,138.4,18.6,2016-01,2016,1,1251.6384615384616,18.4375
2016-01-09,12:00,623.3,18.8,2016-01,2016,1,1251.6384615384616,18.4375
2016-01-09,13:00,1656.4,19.3,2016-01,2016,1,1251.6384615384616,18.4375
2016-01-09,14:00,2276.9,18.6,2016-01,2016,1,1251.6384615384616,18.4375
2016-01-09,15:00,2319.5,18.6,2016-01,2016,1,1251.6384615384616,18.4375
2016-01-09,16:00,2424.1,17.2,2016-01,2016,1,1251.6384615384616,18.4375
2016-01-09,17:00,1621.9,17.4,2016-01,2016,1,1251.6384615384616,18.4375
2016-01-09,18:00,1228.3,17.4,2016-01,2016,1,1251.6384615384616,18.4375
2016-01-09,19:00,1713.2,19.5,2016-01,2016,1,1251.6384615384616,18.4375
2016-01-09,20:00,1604.4,17.5,2016-01,2016,1,1251.6384615384616,18.4375
2016-01-09,21:00,624.5,18.3,2016-01,2016,1,1251.6384615384616,18.4375
2016-01-09,22:00,40.0,18.8,2016-01,2016,1,1251.6384615384616,18.4375
2016-02-09,05:00,0.7,20.0,2016-02,2016,2,407.51875,19.370833333333334
2016-02-09,08:00,0.9,19.5,2016-02,2016,2,407.51875,19.370833333333334
2016-02-09,09:00,1.3,19.6,2016-02,2016,2,407.51875,19.370833333333334
2016-02-09,10:00,9.3,19.6,2016-02,2016,2,407.51875,19.370833333333334
2016-02-09,11:00,191.4,19.6,2016-02,2016,2,407.51875,19.370833333333334
2016-02-09,12:00,107.2,19.7,2016-02,2016,2,407.51875,19.370833333333334
2016-02-09,13:00,116.6,19.1,2016-02,2016,2,407.51875,19.370833333333334
2016-02-09,14:00,252.2,19.5,2016-02,2016,2,407.51875,19.370833333333334
2016-02-09,15:00,292.2,19.6,2016-02,2016,2,407.51875,19.370833333333334
2016-02-09,16:00,472.7,19.5,2016-02,2016,2,407.51875,19.370833333333334
2016-02-09,17:00,1020.8,19.7,2016-02,2016,2,407.51875,19.370833333333334
2016-02-09,18:00,1533.1,19.3,2016-02,2016,2,407.51875,19.370833333333334
2016-02-09,19:00,1429.5,18.9,2016-02,2016,2,407.51875,19.370833333333334
2016-02-09,20:00,705.3,18.7,2016-02,2016,2,407.51875,19.370833333333334
2016-02-09,21:00,334.7,18.8,2016-02,2016,2,407.51875,19.370833333333334
2016-02-09,22:00,52.4,18.3,2016-02,2016,2,407.51875,19.370833333333334
2016-03-09,10:00,0.9,18.7,2016-03,2016,3,1474.0384615384614,18.516666666666666
2016-03-09,11:00,231.9,18.7,2016-03,2016,3,1474.0384615384614,18.516666666666666
2016-03-09,12:00,472.0,18.6,2016-03,2016,3,1474.0384615384614,18.516666666666666
2016-03-09,13:00,1070.7,18.1,2016-03,2016,3,1474.0384615384614,18.516666666666666
2016-03-09,14:00,2206.9,18.6,2016-03,2016,3,1474.0384615384614,18.516666666666666
2016-03-09,15:00,2830.5,18.9,2016-03,2016,3,1474.0384615384614,18.516666666666666
2016-03-09,16:00,2926.5,18.1,2016-03,2016,3,1474.0384615384614,18.516666666666666
2016-03-09,17:00,2732.8,18.3,2016-03,2016,3,1474.0384615384614,18.516666666666666
2016-03-09,18:00,2466.1,18.4,2016-03,2016,3,1474.0384615384614,18.516666666666666
2016-03-09,19:00,2100.8,18.7,2016-03,2016,3,1474.0384615384614,18.516666666666666
2016-03-09,20:00,1449.7,18.0,2016-03,2016,3,1474.0384615384614,18.516666666666666
2016-03-09,21:00,625.4,18.2,2016-03,2016,3,1474.0384615384614,18.516666666666666
2016-03-09,22:00,48.3,17.8,2016-03,2016,3,1474.0384615384614,18.516666666666666
2016-04-09,10:00,3.6,13.8,2016-04,2016,4,984.376923076923,15.237499999999999
2016-04-09,11:00,184.6,13.8,2016-04,2016,4,984.376923076923,15.237499999999999
2016-04-09,12:00,443.7,14.5,2016-04,2016,4,984.376923076923,15.237499999999999
2016-04-09,13:00,466.5,15.0,2016-04,2016,4,984.376923076923,15.237499999999999
2016-04-09,14:00,912.9,15.0,2016-04,2016,4,984.376923076923,15.237499999999999
2016-04-09,15:00,955.8,15.3,2016-04,2016,4,984.376923076923,15.237499999999999
2016-04-09,16:00,1432.4,15.6,2016-04,2016,4,984.376923076923,15.237499999999999
2016-04-09,17:00,1835.3,16.0,2016-04,2016,4,984.376923076923,15.237499999999999
2016-04-09,18:00,2345.0,15.8,2016-04,2016,4,984.376923076923,15.237499999999999
2016-04-09,19:00,1939.6,15.9,2016-04,2016,4,984.376923076923,15.237499999999999
2016-04-09,20:00,1596.5,16.0,2016-04,2016,4,984.376923076923,15.237499999999999
2016-04-09,21:00,629.3,15.1,2016-04,2016,4,984.376923076923,15.237499999999999
2016-04-09,22:00,51.7,14.8,2016-04,2016,4,984.376923076923,15.237499999999999
2016-05-09,10:00,4.8,12.6,2016-05,2016,5,1520.2846153846153,13.608333333333334
2016-05-09,11:00,194.0,12.9,2016-05,2016,5,1520.2846153846153,13.608333333333334
2016-05-09,12:00,628.3,12.7,2016-05,2016,5,1520.2846153846153,13.608333333333334
2016-05-09,13:00,1625.1,13.6,2016-05,2016,5,1520.2846153846153,13.608333333333334
2016-05-09,14:00,2373.0,14.1,2016-05,2016,5,1520.2846153846153,13.608333333333334
2016-05-09,15:00,2658.6,15.0,2016-05,2016,5,1520.2846153846153,13.608333333333334
2016-05-09,16:00,2669.3,14.8,2016-05,2016,5,1520.2846153846153,13.608333333333334
2016-05-09,17:00,2798.9,14.7,2016-05,2016,5,1520.2846153846153,13.608333333333334
2016-05-09,18:00,2664.9,14.8,2016-05,2016,5,1520.2846153846153,13.608333333333334
2016-05-09,19:00,2149.1,15.0,2016-05,2016,5,1520.2846153846153,13.608333333333334
2016-05-09,20:00,1364.1,15.3,2016-05,2016,5,1520.2846153846153,13.608333333333334
2016-05-09,21:00,566.8,15.2,2016-05,2016,5,1520.2846153846153,13.608333333333334
2016-05-09,22:00,66.8,14.8,2016-05,2016,5,1520.2846153846153,13.608333333333334
2016-06-09,10:00,6.7,12.6,2016-06,2016,6,1576.6615384615384,13.241666666666667
2016-06-09,11:00,175.0,12.5,2016-06,2016,6,1576.6615384615384,13.241666666666667
2016-06-09,12:00,907.9,12.6,2016-06,2016,6,1576.6615384615384,13.241666666666667
2016-06-09,13:00,1889.6,12.9,2016-06,2016,6,1576.6615384615384,13.241666666666667
2016-06-09,14:00,2460.2,12.8,2016-06,2016,6,1576.6615384615384,13.241666666666667
2016-06-09,15:00,2795.8,13.7,2016-06,2016,6,1576.6615384615384,13.241666666666667
2016-06-09,16:00,2759.1,13.8,2016-06,2016,6,1576.6615384615384,13.241666666666667
2016-06-09,17:00,2857.0,13.4,2016-06,2016,6,1576.6615384615384,13.241666666666667
2016-06-09,18:00,2605.7,13.8,2016-06,2016,6,1576.6615384615384,13.241666666666667
2016-06-09,19:00,2066.0,14.1,2016-06,2016,6,1576.6615384615384,13.241666666666667
2016-06-09,20:00,1358.0,14.0,2016-06,2016,6,1576.6615384615384,13.241666666666667
2016-06-09,21:00,563.0,14.3,2016-06,2016,6,1576.6615384615384,13.241666666666667
2016-06-09,22:00,52.6,13.9,2016-06,2016,6,1576.6615384615384,13.241666666666667
2016-07-09,10:00,5.9,12.1,2016-07,2016,7,1638.8461538461538,14.137500000000001
2016-07-09,11:00,330.6,13.0,2016-07,2016,7,1638.8461538461538,14.137500000000001
2016-07-09,12:00,966.4,13.7,2016-07,2016,7,1638.8461538461538,14.137500000000001
2016-07-09,13:00,1861.2,14.4,2016-07,2016,7,1638.8461538461538,14.137500000000001
2016-07-09,14:00,2430.8,15.1,2016-07,2016,7,1638.8461538461538,14.137500000000001
2016-07-09,15:00,2864.5,15.5,2016-07,2016,7,1638.8461538461538,14.137500000000001
2016-07-09,16:00,3025.3,16.1,2016-07,2016,7,1638.8461538461538,14.137500000000001
2016-07-09,17:00,2958.6,16.8,2016-07,2016,7,1638.8461538461538,14.137500000000001
2016-07-09,18:00,2652.2,15.9,2016-07,2016,7,1638.8461538461538,14.137500000000001
2016-07-09,19:00,2102.5,16.1,2016-07,2016,7,1638.8461538461538,14.137500000000001
2016-07-09,20:00,1413.7,16.0,2016-07,2016,7,1638.8461538461538,14.137500000000001
2016-07-09,21:00,643.2,15.9,2016-07,2016,7,1638.8461538461538,14.137500000000001
2016-07-09,22:00,50.1,16.7,2016-07,2016,7,1638.8461538461538,14.137500000000001
2016-08-09,10:00,13.5,14.7,2016-08,2016,8,1766.4615384615386,15.35
2016-08-09,11:00,397.5,15.4,2016-08,2016,8,1766.4615384615386,15.35
2016-08-09,12:00,1177.0,16.0,2016-08,2016,8,1766.4615384615386,15.35
2016-08-09,13:00,2033.6,16.4,2016-08,2016,8,1766.4615384615386,15.35
2016-08-09,14:00,2553.5,16.4,2016-08,2016,8,1766.4615384615386,15.35
2016-08-09,15:00,2986.4,15.9,2016-08,2016,8,1766.4615384615386,15.35
2016-08-09,16:00,3173.2,16.1,2016-08,2016,8,1766.4615384615386,15.35
2016-08-09,17:00,3131.9,15.1,2016-08,2016,8,1766.4615384615386,15.35
2016-08-09,18:00,2897.7,15.6,2016-08,2016,8,1766.4615384615386,15.35
2016-08-09,19:00,2247.1,15.0,2016-08,2016,8,1766.4615384615386,15.35
2016-08-09,20:00,1646.7,14.8,2016-08,2016,8,1766.4615384615386,15.35
2016-08-09,21:00,656.7,14.6,2016-08,2016,8,1766.4615384615386,15.35
2016-08-09,22:00,49.2,16.0,2016-08,2016,8,1766.4615384615386,15.35
2016-09-09,10:00,2.9,16.2,2016-09,2016,9,1583.0307692307692,14.658333333333333
2016-09-09,11:00,162.0,16.4,2016-09,2016,9,1583.0307692307692,14.658333333333333
2016-09-09,12:00,535.1,16.7,2016-09,2016,9,1583.0307692307692,14.658333333333333
2016-09-09,13:00,2014.6,16.4,2016-09,2016,9,1583.0307692307692,14.658333333333333
2016-09-09,14:00,2026.9,16.6,2016-09,2016,9,1583.0307692307692,14.658333333333333
2016-09-09,15:00,2928.9,14.1,2016-09,2016,9,1583.0307692307692,14.658333333333333
2016-09-09,16:00,3154.9,12.7,2016-09,2016,9,1583.0307692307692,14.658333333333333
2016-09-09,17:00,3120.2,12.1,2016-09,2016,9,1583.0307692307692,14.658333333333333
2016-09-09,18:00,2193.1,11.4,2016-09,2016,9,1583.0307692307692,14.658333333333333
2016-09-09,19:00,2320.7,11.7,2016-09,2016,9,1583.0307692307692,14.658333333333333
2016-09-09,20:00,1584.0,11.7,2016-09,2016,9,1583.0307692307692,14.658333333333333
2016-09-09,21:00,486.3,12.4,2016-09,2016,9,1583.0307692307692,14.658333333333333
2016-09-09,22:00,49.8,13.4,2016-09,2016,9,1583.0307692307692,14.658333333333333
2016-10-09,10:00,4.5,16.5,2016-10,2016,10,1492.6923076923076,14.941666666666668
2016-10-09,11:00,271.3,16.5,2016-10,2016,10,1492.6923076923076,14.941666666666668
2016-10-09,12:00,983.7,16.3,2016-10,2016,10,1492.6923076923076,14.941666666666668
2016-10-09,13:00,1538.9,14.8,2016-10,2016,10,1492.6923076923076,14.941666666666668
2016-10-09,14:00,2176.5,14.6,2016-10,2016,10,1492.6923076923076,14.941666666666668
2016-10-09,15:00,2511.6,15.8,2016-10,2016,10,1492.6923076923076,14.941666666666668
2016-10-09,16:00,2489.0,15.3,2016-10,2016,10,1492.6923076923076,14.941666666666668
2016-10-09,17:00,2869.5,14.4,2016-10,2016,10,1492.6923076923076,14.941666666666668
2016-10-09,18:00,2482.7,13.8,2016-10,2016,10,1492.6923076923076,14.941666666666668
2016-10-09,19:00,2008.6,12.4,2016-10,2016,10,1492.6923076923076,14.941666666666668
2016-10-09,20:00,1382.6,11.8,2016-10,2016,10,1492.6923076923076,14.941666666666668
2016-10-09,21:00,645.8,12.1,2016-10,2016,10,1492.6923076923076,14.941666666666668
2016-10-09,22:00,40.3,12.2,2016-10,2016,10,1492.6923076923076,14.941666666666668
2016-11-09,10:00,6.9,16.4,2016-11,2016,11,1511.0846153846153,14.491666666666667
2016-11-09,11:00,290.9,16.9,2016-11,2016,11,1511.0846153846153,14.491666666666667
2016-11-09,12:00,1001.3,17.3,2016-11,2016,11,1511.0846153846153,14.491666666666667
2016-11-09,13:00,1722.9,17.8,2016-11,2016,11,1511.0846153846153,14.491666666666667
2016-11-09,14:00,2303.5,18.1,2016-11,2016,11,1511.0846153846153,14.491666666666667
2016-11-09,15:00,2768.6,15.4,2016-11,2016,11,1511.0846153846153,14.491666666666667
2016-11-09,16:00,2788.2,13.4,2016-11,2016,11,1511.0846153846153,14.491666666666667
2016-11-09,17:00,2930.4,12.9,2016-11,2016,11,1511.0846153846153,14.491666666666667
2016-11-09,18:00,2652.9,11.5,2016-11,2016,11,1511.0846153846153,14.491666666666667
2016-11-09,20:00,941.8,11.2,2016-11,2016,11,1511.0846153846153,14.491666666666667
2016-11-09,21:00,187.2,11.6,2016-11,2016,11,1511.0846153846153,14.491666666666667
2016-11-09,22:00,27.5,12.0,2016-11,2016,11,1511.0846153846153,14.491666666666667
2016-12-09,10:00,11.1,14.6,2016-12,2016,12,1455.8615384615384,12.316666666666668
2016-12-09,11:00,436.8,14.7,2016-12,2016,12,1455.8615384615384,12.316666666666668
2016-12-09,12:00,858.8,14.9,2016-12,2016,12,1455.8615384615384,12.316666666666668
2016-12-09,13:00,1656.0,16.1,2016-12,2016,12,1455.8615384615384,12.316666666666668
2016-12-09,14:00,2350.0,14.4,2016-12,2016,12,1455.8615384615384,12.316666666666668
2016-01-10,10:00,23.8,20.1,2016-01,2016,1,1198.1076923076923,20.354166666666668
2016-01-10,11:00,345.0,20.6,2016-01,2016,1,1198.1076923076923,20.354166666666668
2016-01-10,12:00,1180.8,21.7,2016-01,2016,1,1198.1076923076923,20.354166666666668
2016-01-10,13:00,1752.1,20.7,2016-01,2016,1,1198.1076923076923,20.354166666666668
2016-01-10,14:00,1822.4,21.0,2016-01,2016,1,1198.1076923076923,20.354166666666668
2016-01-10,15:00,2279.7,21.0,2016-01,2016,1,1198.1076923076923,20.354166666666668
2016-01-10,16:00,3105.4,21.5,2016-01,2016,1,1198.1076923076923,20.354166666666668
2016-01-10,17:00,2359.6,20.7,2016-01,2016,1,1198.1076923076923,20.354166666666668
2016-01-10,18:00,2192.4,19.2,2016-01,2016,1,1198.1076923076923,20.354166666666668
2016-01-10,19:00,238.1,20.9,2016-01,2016,1,1198.1076923076923,20.354166666666668
2016-01-10,20:00,104.9,20.5,2016-01,2016,1,1198.1076923076923,20.354166666666668
2016-01-10,21:00,108.5,20.0,2016-01,2016,1,1198.1076923076923,20.354166666666668
2016-01-10,22:00,62.7,20.4,2016-01,2016,1,1198.1076923076923,20.354166666666668
2016-02-10,10:00,49.8,20.0,2016-02,2016,2,1564.0230769230768,20.241666666666667
2016-02-10,11:00,233.5,20.7,2016-02,2016,2,1564.0230769230768,20.241666666666667
2016-02-10,12:00,651.2,20.4,2016-02,2016,2,1564.0230769230768,20.241666666666667
2016-02-10,13:00,1400.3,21.1,2016-02,2016,2,1564.0230769230768,20.241666666666667
2016-02-10,14:00,2877.6,21.3,2016-02,2016,2,1564.0230769230768,20.241666666666667
2016-02-10,15:00,3252.9,20.8,2016-02,2016,2,1564.0230769230768,20.241666666666667
2016-02-10,16:00,3303.7,20.6,2016-02,2016,2,1564.0230769230768,20.241666666666667
2016-02-10,17:00,3170.2,19.4,2016-02,2016,2,1564.0230769230768,20.241666666666667
2016-02-10,18:00,3228.4,18.9,2016-02,2016,2,1564.0230769230768,20.241666666666667
2016-02-10,19:00,1208.3,19.3,2016-02,2016,2,1564.0230769230768,20.241666666666667
2016-02-10,20:00,569.7,20.2,2016-02,2016,2,1564.0230769230768,20.241666666666667
2016-02-10,21:00,348.1,20.6,2016-02,2016,2,1564.0230769230768,20.241666666666667
2016-02-10,22:00,38.6,20.1,2016-02,2016,2,1564.0230769230768,20.241666666666667
2016-03-10,10:00,30.9,20.6,2016-03,2016,3,1789.776923076923,20.0375
2016-03-10,11:00,335.1,21.2,2016-03,2016,3,1789.776923076923,20.0375
2016-03-10,12:00,1054.4,20.7,2016-03,2016,3,1789.776923076923,20.0375
2016-03-10,13:00,1957.4,20.3,2016-03,2016,3,1789.776923076923,20.0375
2016-03-10,14:00,2393.5,21.1,2016-03,2016,3,1789.776923076923,20.0375
2016-03-10,15:00,3407.3,20.1,2016-03,2016,3,1789.776923076923,20.0375
2016-03-10,16:00,3665.4,19.6,2016-03,2016,3,1789.776923076923,20.0375
2016-03-10,17:00,3287.0,18.6,2016-03,2016,3,1789.776923076923,20.0375
2016-03-10,18:00,3074.6,17.8,2016-03,2016,3,1789.776923076923,20.0375
2016-03-10,19:00,2205.7,15.8,2016-03,2016,3,1789.776923076923,20.0375
2016-03-10,20:00,1713.9,16.3,2016-03,2016,3,1789.776923076923,20.0375
2016-03-10,21:00,111.1,18.1,2016-03,2016,3,1789.776923076923,20.0375
2016-03-10,22:00,30.8,19.1,2016-03,2016,3,1789.776923076923,20.0375
2016-04-10,10:00,11.1,20.8,2016-04,2016,4,639.6461538461538,20.6875
2016-04-10,11:00,169.8,21.2,2016-04,2016,4,639.6461538461538,20.6875
2016-04-10,12:00,283.6,21.1,2016-04,2016,4,639.6461538461538,20.6875
2016-04-10,13:00,230.8,21.7,2016-04,2016,4,639.6461538461538,20.6875
2016-04-10,14:00,414.4,22.0,2016-04,2016,4,639.6461538461538,20.6875
2016-04-10,15:00,482.9,20.9,2016-04,2016,4,639.6461538461538,20.6875
2016-04-10,16:00,667.9,21.3,2016-04,2016,4,639.6461538461538,20.6875
2016-04-10,17:00,961.2,21.6,2016-04,2016,4,639.6461538461538,20.6875
2016-04-10,18:00,1941.0,21.6,2016-04,2016,4,639.6461538461538,20.6875
2016-04-10,19:00,1830.0,21.4,2016-04,2016,4,639.6461538461538,20.6875
2016-04-10,20:00,851.8,21.0,2016-04,2016,4,639.6461538461538,20.6875
2016-04-10,21:00,415.9,20.7,2016-04,2016,4,639.6461538461538,20.6875
2016-04-10,22:00,55.0,21.1,2016-04,2016,4,639.6461538461538,20.6875
2016-05-10,10:00,44.5,20.4,2016-05,2016,5,1228.3,21.020833333333332
2016-05-10,11:00,499.4,20.7,2016-05,2016,5,1228.3,21.020833333333332
2016-05-10,12:00,802.2,20.4,2016-05,2016,5,1228.3,21.020833333333332
2016-05-10,13:00,1108.3,20.7,2016-05,2016,5,1228.3,21.020833333333332
2016-05-10,14:00,1531.1,21.2,2016-05,2016,5,1228.3,21.020833333333332
2016-05-10,15:00,2816.1,21.3,2016-05,2016,5,1228.3,21.020833333333332
2016-05-10,16:00,3234.8,21.5,2016-05,2016,5,1228.3,21.020833333333332
2016-05-10,17:00,2950.3,21.6,2016-05,2016,5,1228.3,21.020833333333332
2016-05-10,18:00,1466.9,21.7,2016-05,2016,5,1228.3,21.020833333333332
2016-05-10,19:00,236.5,21.4,2016-05,2016,5,1228.3,21.020833333333332
2016-05-10,20:00,852.5,22.1,2016-05,2016,5,1228.3,21.020833333333332
2016-05-10,21:00,378.9,22.1,2016-05,2016,5,1228.3,21.020833333333332
2016-05-10,22:00,46.4,21.6,2016-05,2016,5,1228.3,21.020833333333332
2016-06-10,10:00,32.6,19.9,2016-06,2016,6,1269.9384615384615,19.504166666666666
2016-06-10,11:00,439.6,20.4,2016-06,2016,6,1269.9384615384615,19.504166666666666
2016-06-10,12:00,1099.1,20.4,2016-06,2016,6,1269.9384615384615,19.504166666666666
2016-06-10,13:00,1455.5,20.4,2016-06,2016,6,1269.9384615384615,19.504166666666666
2016-06-10,14:00,1362.6,20.0,2016-06,2016,6,1269.9384615384615,19.504166666666666
2016-06-10,15:00,1509.1,18.6,2016-06,2016,6,1269.9384615384615,19.504166666666666
2016-06-10,16:00,2049.2,19.9,2016-06,2016,6,1269.9384615384615,19.504166666666666
2016-06-10,17:00,2125.1,18.6,2016-06,2016,6,1269.9384615384615,19.504166666666666
2016-06-10,18:00,2789.9,17.6,2016-06,2016,6,1269.9384615384615,19.504166666666666
2016-06-10,19:00,2443.3,18.5,2016-06,2016,6,1269.9384615384615,19.504166666666666
2016-06-10,20:00,853.4,17.9,2016-06,2016,6,1269.9384615384615,19.504166666666666
2016-06-10,21:00,318.0,18.1,2016-06,2016,6,1269.9384615384615,19.504166666666666
2016-06-10,22:00,31.8,18.3,2016-06,2016,6,1269.9384615384615,19.504166666666666
2016-07-10,10:00,117.9,16.4,2016-07,2016,7,1847.1999999999998,16.766666666666666
2016-07-10,11:00,660.5,17.3,2016-07,2016,7,1847.1999999999998,16.766666666666666
2016-07-10,12:00,1495.0,17.2,2016-07,2016,7,1847.1999999999998,16.766666666666666
2016-07-10,13:00,2102.7,17.9,2016-07,2016,7,1847.1999999999998,16.766666666666666
2016-07-10,14:00,2736.5,17.6,2016-07,2016,7,1847.1999999999998,16.766666666666666
2016-07-10,15:00,3287.4,16.9,2016-07,2016,7,1847.1999999999998,16.766666666666666
2016-07-10,16:00,3471.2,18.0,2016-07,2016,7,1847.1999999999998,16.766666666666666
2016-07-10,17:00,3193.9,14.7,2016-07,2016,7,1847.1999999999998,16.766666666666666
2016-07-10,18:00,2670.2,14.9,2016-07,2016,7,1847.1999999999998,16.766666666666666
2016-07-10,19:00,2247.2,13.3,2016-07,2016,7,1847.1999999999998,16.766666666666666
2016-07-10,20:00,1242.8,14.2,2016-07,2016,7,1847.1999999999998,16.766666666666666
2016-07-10,21:00,714.0,15.7,2016-07,2016,7,1847.1999999999998,16.766666666666666
2016-07-10,22:00,74.3,16.0,2016-07,2016,7,1847.1999999999998,16.766666666666666
2016-08-10,10:00,57.4,17.0,2016-08,2016,8,1978.9076923076923,16.316666666666666
2016-08-10,11:00,547.6,16.8,2016-08,2016,8,1978.9076923076923,16.316666666666666
2016-08-10,12:00,1362.4,18.3,2016-08,2016,8,1978.9076923076923,16.316666666666666
2016-08-10,13:00,2382.8,18.1,2016-08,2016,8,1978.9076923076923,16.316666666666666
2016-08-10,14:00,2919.7,18.5,2016-08,2016,8,1978.9076923076923,16.316666666666666
2016-08-10,15:00,3368.7,16.0,2016-08,2016,8,1978.9076923076923,16.316666666666666
2016-08-10,16:00,3599.1,14.7,2016-08,2016,8,1978.9076923076923,16.316666666666666
2016-08-10,17:00,3395.2,13.8,2016-08,2016,8,1978.9076923076923,16.316666666666666
2016-08-10,18:00,3015.6,13.6,2016-08,2016,8,1978.9076923076923,16.316666666666666
2016-08-10,19:00,2576.0,14.6,2016-08,2016,8,1978.9076923076923,16.316666666666666
2016-08-10,20:00,1696.0,14.1,2016-08,2016,8,1978.9076923076923,16.316666666666666
2016-08-10,21:00,734.3,14.2,2016-08,2016,8,1978.9076923076923,16.316666666666666
2016-08-10,22:00,71.0,15.6,2016-08,2016,8,1978.9076923076923,16.316666666666666
2016-09-10,10:00,64.7,15.1,2016-09,2016,9,1926.823076923077,13.887500000000001
2016-09-10,11:00,549.3,15.9,2016-09,2016,9,1926.823076923077,13.887500000000001
2016-09-10,12:00,1609.1,15.0,2016-09,2016,9,1926.823076923077,13.887500000000001
2016-09-10,13:00,2382.1,12.7,2016-09,2016,9,1926.823076923077,13.887500000000001
2016-09-10,14:00,2884.8,12.4,2016-09,2016,9,1926.823076923077,13.887500000000001
2016-09-10,15:00,3185.5,12.9,2016-09,2016,9,1926.823076923077,13.887500000000001
2016-09-10,16:00,3541.0,11.2,2016-09,2016,9,1926.823076923077,13.887500000000001
2016-09-10,17:00,3160.1,12.3,2016-09,2016,9,1926.823076923077,13.887500000000001
2016-09-10,18:00,2875.9,12.3,2016-09,2016,9,1926.823076923077,13.887500000000001
2016-09-10,19:00,2358.2,11.9,2016-09,2016,9,1926.823076923077,13.887500000000001
2016-09-10,21:00,742.0,12.4,2016-09,2016,9,1926.823076923077,13.887500000000001
2016-09-10,22:00,72.4,12.5,2016-09,2016,9,1926.823076923077,13.887500000000001
2016-10-10,10:00,51.4,20.7,2016-10,2016,10,1330.6615384615386,20.166666666666668
2016-10-10,11:00,531.3,21.3,2016-10,2016,10,1330.6615384615386,20.166666666666668
2016-10-10,12:00,1010.0,21.5,2016-10,2016,10,1330.6615384615386,20.166666666666668
2016-10-10,13:00,1347.7,20.3,2016-10,2016,10,1330.6615384615386,20.166666666666668
2016-10-10,14:00,2237.0,21.3,2016-10,2016,10,1330.6615384615386,20.166666666666668
2016-10-10,15:00,2023.5,21.4,2016-10,2016,10,1330.6615384615386,20.166666666666668
2016-10-10,16:00,1252.2,21.5,2016-10,2016,10,1330.6615384615386,20.166666666666668
2016-10-10,17:00,1962.5,21.1,2016-10,2016,10,1330.6615384615386,20.166666666666668
2016-10-10,18:00,2417.8,20.0,2016-10,2016,10,1330.6615384615386,20.166666666666668
2016-10-10,19:00,2037.2,19.8,2016-10,2016,10,1330.6615384615386,20.166666666666668
2016-10-10,20:00,1790.0,20.2,2016-10,2016,10,1330.6615384615386,20.166666666666668
2016-10-10,21:00,587.3,20.1,2016-10,2016,10,1330.6615384615386,20.166666666666668
2016-10-10,22:00,50.7,20.8,2016-10,2016,10,1330.6615384615386,20.166666666666668
2016-11-10,10:00,43.5,20.8,2016-11,2016,11,1288.9928571428572,20.658333333333335
2016-11-10,11:00,637.5,21.2,2016-11,2016,11,1288.9928571428572,20.658333333333335
2016-11-10,12:00,938.7,20.5,2016-11,2016,11,1288.9928571428572,20.658333333333335
2016-11-10,13:00,933.7,20.7,2016-11,2016,11,1288.9928571428572,20.658333333333335
2016-11-10,14:00,1329.4,21.0,2016-11,2016,11,1288.9928571428572,20.658333333333335
2016-11-10,15:00,2377.7,20.9,2016-11,2016,11,1288.9928571428572,20.658333333333335
2016-11-10,16:00,3374.7,20.5,2016-11,2016,11,1288.9928571428572,20.658333333333335
2016-11-10,17:00,3285.1,20.0,2016-11,2016,11,1288.9928571428572,20.658333333333335
2016-11-10,18:00,2996.9,18.8,2016-11,2016,11,1288.9928571428572,20.658333333333335
2016-11-10,19:00,1864.0,19.5,2016-11,2016,11,1288.9928571428572,20.658333333333335
2016-11-10,20:00,199.6,20.3,2016-11,2016,11,1288.9928571428572,20.658333333333335
2016-11-10,21:00,48.6,22.8,2016-11,2016,11,1288.9928571428572,20.658333333333335
2016-11-10,22:00,11.5,22.7,2016-11,2016,11,1288.9928571428572,20.658333333333335
2016-11-10,23:00,5.0,22.0,2016-11,2016,11,1288.9928571428572,20.658333333333335
2016-12-10,10:00,23.3,21.2,2016-12,2016,12,547.1461538461538,20.925
2016-12-10,11:00,161.6,21.4,2016-12,2016,12,547.1461538461538,20.925
2016-12-10,12:00,381.6,21.6,2016-12,2016,12,547.1461538461538,20.925
2016-12-10,13:00,754.3,21.2,2016-12,2016,12,547.1461538461538,20.925
2016-12-10,14:00,1724.7,21.9,2016-12,2016,12,547.1461538461538,20.925
2016-12-10,15:00,2082.5,21.9,2016-12,2016,12,547.1461538461538,20.925
2016-12-10,16:00,908.4,21.2,2016-12,2016,12,547.1461538461538,20.925
2016-12-10,17:00,90.4,19.8,2016-12,2016,12,547.1461538461538,20.925
2016-12-10,18:00,83.1,19.8,2016-12,2016,12,547.1461538461538,20.925
2016-12-10,19:00,143.0,20.2,2016-12,2016,12,547.1461538461538,20.925
2016-12-10,20:00,246.4,19.5,2016-12,2016,12,547.1461538461538,20.925
2016-12-10,21:00,353.5,20.7,2016-12,2016,12,547.1461538461538,20.925
2016-12-10,22:00,160.1,20.4,2016-12,2016,12,547.1461538461538,20.925
2016-01-11,10:00,117.5,20.6,2016-01,2016,1,1656.4846153846154,20.645833333333332
2016-01-11,11:00,519.4,21.0,2016-01,2016,1,1656.4846153846154,20.645833333333332
2016-01-11,12:00,1578.7,22.2,2016-01,2016,1,1656.4846153846154,20.645833333333332
2016-01-11,13:00,2342.2,22.1,2016-01,2016,1,1656.4846153846154,20.645833333333332
2016-01-11,14:00,2982.1,22.5,2016-01,2016,1,1656.4846153846154,20.645833333333332
2016-01-11,15:00,3262.3,21.5,2016-01,2016,1,1656.4846153846154,20.645833333333332
2016-01-11,16:00,3037.7,22.2,2016-01,2016,1,1656.4846153846154,20.645833333333332
2016-01-11,17:00,2770.0,21.0,2016-01,2016,1,1656.4846153846154,20.645833333333332
2016-01-11,18:00,1964.4,20.3,2016-01,2016,1,1656.4846153846154,20.645833333333332
2016-01-11,19:00,1539.2,20.1,2016-01,2016,1,1656.4846153846154,20.645833333333332
2016-01-11,20:00,1002.6,19.6,2016-01,2016,1,1656.4846153846154,20.645833333333332
2016-01-11,21:00,359.8,18.7,2016-01,2016,1,1656.4846153846154,20.645833333333332
2016-01-11,22:00,58.4,18.6,2016-01,2016,1,1656.4846153846154,20.645833333333332
2016-02-11,10:00,148.8,19.9,2016-02,2016,2,1713.4153846153847,20.379166666666666
2016-02-11,11:00,856.8,20.7,2016-02,2016,2,1713.4153846153847,20.379166666666666
2016-02-11,12:00,1722.8,21.6,2016-02,2016,2,1713.4153846153847,20.379166666666666
2016-02-11,13:00,2459.6,21.2,2016-02,2016,2,1713.4153846153847,20.379166666666666
2016-02-11,14:00,3007.6,21.2,2016-02,2016,2,1713.4153846153847,20.379166666666666
2016-02-11,15:00,3405.2,21.7,2016-02,2016,2,1713.4153846153847,20.379166666666666
2016-02-11,16:00,3363.0,20.6,2016-02,2016,2,1713.4153846153847,20.379166666666666
2016-02-11,17:00,2466.5,21.0,2016-02,2016,2,1713.4153846153847,20.379166666666666
2016-02-11,18:00,1983.1,21.3,2016-02,2016,2,1713.4153846153847,20.379166666666666
2016-02-11,19:00,2115.0,20.7,2016-02,2016,2,1713.4153846153847,20.379166666666666
2016-02-11,20:00,572.6,18.5,2016-02,2016,2,1713.4153846153847,20.379166666666666
2016-02-11,21:00,149.4,18.8,2016-02,2016,2,1713.4153846153847,20.379166666666666
2016-02-11,22:00,24.0,19.6,2016-02,2016,2,1713.4153846153847,20.379166666666666
2016-03-11,02:00,0.6,20.9,2016-03,2016,3,794.6374999999999,20.7625
2016-03-11,03:00,0.9,20.6,2016-03,2016,3,794.6374999999999,20.7625
2016-03-11,09:00,0.1,20.1,2016-03,2016,3,794.6374999999999,20.7625
2016-03-11,10:00,20.6,20.2,2016-03,2016,3,794.6374999999999,20.7625
2016-03-11,11:00,108.9,20.3,2016-03,2016,3,794.6374999999999,20.7625
2016-03-11,12:00,264.7,20.5,2016-03,2016,3,794.6374999999999,20.7625
2016-03-11,13:00,555.6,20.9,2016-03,2016,3,794.6374999999999,20.7625
2016-03-11,14:00,1336.8,22.4,2016-03,2016,3,794.6374999999999,20.7625
2016-03-11,15:00,2699.2,20.5,2016-03,2016,3,794.6374999999999,20.7625
2016-03-11,16:00,1553.3,20.3,2016-03,2016,3,794.6374999999999,20.7625
2016-03-11,17:00,1684.8,20.7,2016-03,2016,3,794.6374999999999,20.7625
2016-03-11,18:00,1114.3,20.4,2016-03,2016,3,794.6374999999999,20.7625
2016-03-11,19:00,1459.1,20.8,2016-03,2016,3,794.6374999999999,20.7625
2016-03-11,20:00,1377.0,21.4,2016-03,2016,3,794.6374999999999,20.7625
2016-03-11,21:00,487.1,21.3,2016-03,2016,3,794.6374999999999,20.7625
2016-03-11,22:00,51.2,21.7,2016-03,2016,3,794.6374999999999,20.7625
2016-04-11,10:00,162.3,20.6,2016-04,2016,4,1866.2076923076925,21.1875
2016-04-11,11:00,633.4,20.8,2016-04,2016,4,1866.2076923076925,21.1875
2016-04-11,12:00,1682.5,21.1,2016-04,2016,4,1866.2076923076925,21.1875
2016-04-11,13:00,2477.4,21.5,2016-04,2016,4,1866.2076923076925,21.1875
2016-04-11,14:00,3040.6,21.5,2016-04,2016,4,1866.2076923076925,21.1875
2016-04-11,15:00,3469.6,21.9,2016-04,2016,4,1866.2076923076925,21.1875
2016-04-11,16:00,3514.3,21.8,2016-04,2016,4,1866.2076923076925,21.1875
2016-04-11,17:00,2408.7,20.7,2016-04,2016,4,1866.2076923076925,21.1875
2016-04-11,18:00,2422.9,21.0,2016-04,2016,4,1866.2076923076925,21.1875
2016-04-11,19:00,2278.6,21.1,2016-04,2016,4,1866.2076923076925,21.1875
2016-04-11,20:00,1873.3,20.6,2016-04,2016,4,1866.2076923076925,21.1875
2016-04-11,21:00,240.6,21.7,2016-04,2016,4,1866.2076923076925,21.1875
2016-04-11,22:00,56.5,20.9,2016-04,2016,4,1866.2076923076925,21.1875
2016-05-11,10:00,89.3,21.5,2016-05,2016,5,1886.9615384615386,20.875
2016-05-11,11:00,353.7,21.7,2016-05,2016,5,1886.9615384615386,20.875
2016-05-11,12:00,788.9,21.5,2016-05,2016,5,1886.9615384615386,20.875
2016-05-11,13:00,1653.3,22.2,2016-05,2016,5,1886.9615384615386,20.875
2016-05-11,14:00,3275.7,21.4,2016-05,2016,5,1886.9615384615386,20.875
2016-05-11,15:00,3468.0,21.5,2016-05,2016,5,1886.9615384615386,20.875
2016-05-11,16:00,3546.4,22.0,2016-05,2016,5,1886.9615384615386,20.875
2016-05-11,17:00,3397.7,20.1,2016-05,2016,5,1886.9615384615386,20.875
2016-05-11,18:00,3027.6,20.5,2016-05,2016,5,1886.9615384615386,20.875
2016-05-11,19:00,2253.0,19.9,2016-05,2016,5,1886.9615384615386,20.875
2016-05-11,20:00,1635.6,19.9,2016-05,2016,5,1886.9615384615386,20.875
2016-05-11,21:00,875.1,21.0,2016-05,2016,5,1886.9615384615386,20.875
2016-05-11,22:00,166.2,19.5,2016-05,2016,5,1886.9615384615386,20.875
2016-06-11,04:00,2.0,21.4,2016-06,2016,6,1310.45625,21.041666666666668
2016-06-11,05:00,0.9,21.2,2016-06,2016,6,1310.45625,21.041666666666668
2016-06-11,09:00,1.6,21.5,2016-06,2016,6,1310.45625,21.041666666666668
2016-06-11,10:00,92.7,21.6,2016-06,2016,6,1310.45625,21.041666666666668
2016-06-11,11:00,549.1,21.5,2016-06,2016,6,1310.45625,21.041666666666668
2016-06-11,12:00,1497.5,21.8,2016-06,2016,6,1310.45625,21.041666666666668
2016-06-11,13:00,2226.6,22.5,2016-06,2016,6,1310.45625,21.041666666666668
2016-06-11,14:00,2649.2,20.5,2016-06,2016,6,1310.45625,21.041666666666668
2016-06-11,15:00,1859.6,22.0,2016-06,2016,6,1310.45625,21.041666666666668
2016-06-11,16:00,1871.4,21.7,2016-06,2016,6,1310.45625,21.041666666666668
2016-06-11,17:00,2719.7,20.9,2016-06,2016,6,1310.45625,21.041666666666668
2016-06-11,18:00,2544.9,21.8,2016-06,2016,6,1310.45625,21.041666666666668
2016-06-11,19:00,2532.7,21.2,2016-06,2016,6,1310.45625,21.041666666666668
2016-06-11,20:00,1633.6,20.4,2016-06,2016,6,1310.45625,21.041666666666668
2016-06-11,21:00,712.0,20.5,2016-06,2016,6,1310.45625,21.041666666666668
2016-06-11,22:00,73.8,18.8,2016-06,2016,6,1310.45625,21.041666666666668
2016-07-11,04:00,1.4,19.8,2016-07,2016,7,699.7266666666667,20.625
2016-07-11,05:00,1.4,19.4,2016-07,2016,7,699.7266666666667,20.625
2016-07-11,10:00,26.5,19.6,2016-07,2016,7,699.7266666666667,20.625
2016-07-11,11:00,152.3,20.0,2016-07,2016,7,699.7266666666667,20.625
2016-07-11,12:00,274.0,20.7,2016-07,2016,7,699.7266666666667,20.625
2016-07-11,13:00,584.5,21.2,2016-07,2016,7,699.7266666666667,20.625
2016-07-11,14:00,968.2,21.2,2016-07,2016,7,699.7266666666667,20.625
2016-07-11,15:00,1525.7,21.3,2016-07,2016,7,699.7266666666667,20.625
2016-07-11,16:00,1774.1,20.9,2016-07,2016,7,699.7266666666667,20.625
2016-07-11,17:00,1375.5,21.4,2016-07,2016,7,699.7266666666667,20.625
2016-07-11,18:00,1347.7,20.6,2016-07,2016,7,699.7266666666667,20.625
2016-07-11,19:00,1050.3,21.7,2016-07,2016,7,699.7266666666667,20.625
2016-07-11,20:00,759.0,21.9,2016-07,2016,7,699.7266666666667,20.625
2016-07-11,21:00,602.3,21.9,2016-07,2016,7,699.7266666666667,20.625
2016-07-11,22:00,53.0,21.7,2016-07,2016,7,699.7266666666667,20.625
2016-08-11,10:00,127.1,21.3,2016-08,2016,8,1595.5,21.120833333333334
2016-08-11,11:00,818.4,21.6,2016-08,2016,8,1595.5,21.120833333333334
2016-08-11,12:00,987.7,21.4,2016-08,2016,8,1595.5,21.120833333333334
2016-08-11,13:00,1684.7,21.8,2016-08,2016,8,1595.5,21.120833333333334
2016-08-11,14:00,2719.3,22.5,2016-08,2016,8,1595.5,21.120833333333334
2016-08-11,15:00,3173.2,21.9,2016-08,2016,8,1595.5,21.120833333333334
2016-08-11,16:00,2722.3,22.4,2016-08,2016,8,1595.5,21.120833333333334
2016-08-11,17:00,2517.0,21.7,2016-08,2016,8,1595.5,21.120833333333334
2016-08-11,18:00,2549.2,19.3,2016-08,2016,8,1595.5,21.120833333333334
2016-08-11,19:00,1701.7,20.3,2016-08,2016,8,1595.5,21.120833333333334
2016-08-11,20:00,1127.4,21.0,2016-08,2016,8,1595.5,21.120833333333334
2016-08-11,21:00,559.5,21.3,2016-08,2016,8,1595.5,21.120833333333334
2016-08-11,22:00,54.0,21.0,2016-08,2016,8,1595.5,21.120833333333334
2016-09-11,08:00,0.7,20.6,2016-09,2016,9,916.9599999999999,21.458333333333332
2016-09-11,09:00,0.0,20.6,2016-09,2016,9,916.9599999999999,21.458333333333332
2016-09-11,10:00,9.7,20.8,2016-09,2016,9,916.9599999999999,21.458333333333332
2016-09-11,11:00,29.8,20.4,2016-09,2016,9,916.9599999999999,21.458333333333332
2016-09-11,12:00,40.3,20.9,2016-09,2016,9,916.9599999999999,21.458333333333332
2016-09-11,13:00,106.5,21.0,2016-09,2016,9,916.9599999999999,21.458333333333332
2016-09-11,14:00,373.8,21.6,2016-09,2016,9,916.9599999999999,21.458333333333332
2016-09-11,15:00,1856.8,23.1,2016-09,2016,9,916.9599999999999,21.458333333333332
2016-09-11,16:00,2325.0,22.5,2016-09,2016,9,916.9599999999999,21.458333333333332
2016-09-11,17:00,2709.9,21.9,2016-09,2016,9,916.9599999999999,21.458333333333332
2016-09-11,18:00,1962.6,22.2,2016-09,2016,9,916.9599999999999,21.458333333333332
2016-09-11,19:00,2569.7,22.0,2016-09,2016,9,916.9599999999999,21.458333333333332
2016-09-11,20:00,1522.0,21.5,2016-09,2016,9,916.9599999999999,21.458333333333332
2016-09-11,21:00,232.2,22.0,2016-09,2016,9,916.9599999999999,21.458333333333332
2016-09-11,22:00,15.4,22.1,2016-09,2016,9,916.9599999999999,21.458333333333332
2016-10-11,10:00,86.0,22.0,2016-10,2016,10,1591.9769230769232,21.7625
2016-10-11,11:00,585.0,22.5,2016-10,2016,10,1591.9769230769232,21.7625
2016-10-11,12:00,962.4,22.5,2016-10,2016,10,1591.9769230769232,21.7625
2016-10-11,13:00,1884.2,22.9,2016-10,2016,10,1591.9769230769232,21.7625
2016-10-11,14:00,2594.3,22.0,2016-10,2016,10,1591.9769230769232,21.7625
2016-10-11,15:00,2955.6,22.3,2016-10,2016,10,1591.9769230769232,21.7625
2016-10-11,16:00,3380.6,21.9,2016-10,2016,10,1591.9769230769232,21.7625
2016-10-11,17:00,2670.5,20.7,2016-10,2016,10,1591.9769230769232,21.7625
2016-10-11,18:00,2588.1,21.9,2016-10,2016,10,1591.9769230769232,21.7625
2016-10-11,19:00,1198.2,20.6,2016-10,2016,10,1591.9769230769232,21.7625
2016-10-11,20:00,1120.1,19.9,2016-10,2016,10,1591.9769230769232,21.7625
2016-10-11,21:00,622.5,20.1,2016-10,2016,10,1591.9769230769232,21.7625
2016-10-11,22:00,48.2,23.5,2016-10,2016,10,1591.9769230769232,21.7625
2016-11-11,10:00,97.3,21.5,2016-11,2016,11,1049.5384615384614,22.15833333333333
2016-11-11,11:00,480.7,22.1,2016-11,2016,11,1049.5384615384614,22.15833333333333
2016-11-11,12:00,1545.7,22.0,2016-11,2016,11,1049.5384615384614,22.15833333333333
2016-11-11,13:00,2484.7,22.4,2016-11,2016,11,1049.5384615384614,22.15833333333333
2016-11-11,14:00,2662.8,21.6,2016-11,2016,11,1049.5384615384614,22.15833333333333
2016-11-11,15:00,1911.7,22.2,2016-11,2016,11,1049.5384615384614,22.15833333333333
2016-11-11,16:00,767.0,21.6,2016-11,2016,11,1049.5384615384614,22.15833333333333
2016-11-11,17:00,1253.8,22.4,2016-11,2016,11,1049.5384615384614,22.15833333333333
2016-11-11,18:00,1105.5,22.4,2016-11,2016,11,1049.5384615384614,22.15833333333333
2016-11-11,19:00,734.7,21.8,2016-11,2016,11,1049.5384615384614,22.15833333333333
2016-11-11,20:00,361.1,22.1,2016-11,2016,11,1049.5384615384614,22.15833333333333
2016-11-11,21:00,183.7,22.3,2016-11,2016,11,1049.5384615384614,22.15833333333333
2016-11-11,22:00,55.3,22.8,2016-11,2016,11,1049.5384615384614,22.15833333333333
2016-12-11,08:00,0.4,21.1,2016-12,2016,12,597.4428571428571,21.829166666666666
2016-12-11,10:00,4.2,21.1,2016-12,2016,12,597.4428571428571,21.829166666666666
2016-12-11,11:00,92.8,21.2,2016-12,2016,12,597.4428571428571,21.829166666666666
2016-12-11,12:00,355.9,21.6,2016-12,2016,12,597.4428571428571,21.829166666666666
2016-12-11,13:00,592.1,21.7,2016-12,2016,12,597.4428571428571,21.829166666666666
2016-12-11,14:00,864.0,22.7,2016-12,2016,12,597.4428571428571,21.829166666666666
2016-12-11,15:00,1215.2,22.1,2016-12,2016,12,597.4428571428571,21.829166666666666
2016-12-11,16:00,1259.0,22.4,2016-12,2016,12,597.4428571428571,21.829166666666666
2016-12-11,17:00,1063.8,22.7,2016-12,2016,12,597.4428571428571,21.829166666666666
2016-12-11,18:00,1197.6,22.0,2016-12,2016,12,597.4428571428571,21.829166666666666
2016-12-11,19:00,1025.3,22.4,2016-12,2016,12,597.4428571428571,21.829166666666666
2016-12-11,20:00,635.4,21.8,2016-12,2016,12,597.4428571428571,21.829166666666666
2016-12-11,21:00,44.6,20.8,2016-12,2016,12,597.4428571428571,21.829166666666666
2016-12-11,22:00,13.9,21.2,2016-12,2016,12,597.4428571428571,21.829166666666666
2016-01-12,10:00,55.4,20.8,2016-01,2016,1,1142.746153846154,21.316666666666666
2016-01-12,11:00,209.7,20.9,2016-01,2016,1,1142.746153846154,21.316666666666666
2016-01-12,12:00,104.4,20.4,2016-01,2016,1,1142.746153846154,21.316666666666666
2016-01-12,13:00,194.6,20.8,2016-01,2016,1,1142.746153846154,21.316666666666666
2016-01-12,14:00,595.3,21.8,2016-01,2016,1,1142.746153846154,21.316666666666666
2016-01-12,15:00,1904.0,22.4,2016-01,2016,1,1142.746153846154,21.316666666666666
2016-01-12,16:00,2103.1,21.6,2016-01,2016,1,1142.746153846154,21.316666666666666
2016-01-12,17:00,2386.5,21.2,2016-01,2016,1,1142.746153846154,21.316666666666666
2016-01-12,18:00,2072.4,21.2,2016-01,2016,1,1142.746153846154,21.316666666666666
2016-01-12,19:00,2008.0,21.5,2016-01,2016,1,1142.746153846154,21.316666666666666
2016-01-12,20:00,2028.8,20.4,2016-01,2016,1,1142.746153846154,21.316666666666666
2016-01-12,21:00,1046.4,20.6,2016-01,2016,1,1142.746153846154,21.316666666666666
2016-01-12,22:00,147.1,21.6,2016-01,2016,1,1142.746153846154,21.316666666666666
2016-02-12,10:00,136.7,21.0,2016-02,2016,2,1599.3000000000002,21.441666666666666
2016-02-12,11:00,511.8,20.9,2016-02,2016,2,1599.3000000000002,21.441666666666666
2016-02-12,12:00,612.5,21.2,2016-02,2016,2,1599.3000000000002,21.441666666666666
2016-02-12,13:00,1353.0,21.7,2016-02,2016,2,1599.3000000000002,21.441666666666666
2016-02-12,14:00,2459.8,22.6,2016-02,2016,2,1599.3000000000002,21.441666666666666
2016-02-12,15:00,2885.2,22.0,2016-02,2016,2,1599.3000000000002,21.441666666666666
2016-02-12,16:00,2056.9,22.0,2016-02,2016,2,1599.3000000000002,21.441666666666666
2016-02-12,17:00,2697.2,22.1,2016-02,2016,2,1599.3000000000002,21.441666666666666
2016-02-12,18:00,2927.4,21.7,2016-02,2016,2,1599.3000000000002,21.441666666666666
2016-02-12,19:00,2417.4,21.4,2016-02,2016,2,1599.3000000000002,21.441666666666666
2016-02-12,20:00,1753.0,22.0,2016-02,2016,2,1599.3000000000002,21.441666666666666
2016-02-12,21:00,919.5,20.9,2016-02,2016,2,1599.3000000000002,21.441666666666666
2016-02-12,22:00,60.5,20.4,2016-02,2016,2,1599.3000000000002,21.441666666666666
2016-03-12,10:00,132.7,20.9,2016-03,2016,3,1239.7307692307693,21.458333333333332
2016-03-12,11:00,522.9,21.5,2016-03,2016,3,1239.7307692307693,21.458333333333332
2016-03-12,12:00,1422.0,21.9,2016-03,2016,3,1239.7307692307693,21.458333333333332
2016-03-12,13:00,2271.1,22.0,2016-03,2016,3,1239.7307692307693,21.458333333333332
2016-03-12,14:00,2979.0,21.8,2016-03,2016,3,1239.7307692307693,21.458333333333332
2016-03-12,15:00,2341.5,21.6,2016-03,2016,3,1239.7307692307693,21.458333333333332
2016-03-12,16:00,1772.2,21.8,2016-03,2016,3,1239.7307692307693,21.458333333333332
2016-03-12,17:00,2084.6,20.9,2016-03,2016,3,1239.7307692307693,21.458333333333332
2016-03-12,18:00,308.1,20.9,2016-03,2016,3,1239.7307692307693,21.458333333333332
2016-03-12,19:00,516.7,22.1,2016-03,2016,3,1239.7307692307693,21.458333333333332
2016-03-12,20:00,776.8,21.5,2016-03,2016,3,1239.7307692307693,21.458333333333332
2016-03-12,21:00,731.4,22.4,2016-03,2016,3,1239.7307692307693,21.458333333333332
2016-03-12,22:00,257.5,22.5,2016-03,2016,3,1239.7307692307693,21.458333333333332
2016-04-12,10:00,58.3,21.8,2016-04,2016,4,1152.9538461538461,21.97083333333333
2016-04-12,11:00,328.2,21.9,2016-04,2016,4,1152.9538461538461,21.97083333333333
2016-04-12,12:00,693.4,22.6,2016-04,2016,4,1152.9538461538461,21.97083333333333
2016-04-12,13:00,984.3,21.9,2016-04,2016,4,1152.9538461538461,21.97083333333333
2016-04-12,14:00,758.8,22.3,2016-04,2016,4,1152.9538461538461,21.97083333333333
2016-04-12,15:00,1783.6,22.4,2016-04,2016,4,1152.9538461538461,21.97083333333333
2016-04-12,16:00,3405.0,22.6,2016-04,2016,4,1152.9538461538461,21.97083333333333
2016-04-12,17:00,2690.0,23.1,2016-04,2016,4,1152.9538461538461,21.97083333333333
2016-04-12,18:00,1928.1,21.9,2016-04,2016,4,1152.9538461538461,21.97083333333333
2016-04-12,19:00,1181.3,22.1,2016-04,2016,4,1152.9538461538461,21.97083333333333
2016-04-12,20:00,700.9,22.5,2016-04,2016,4,1152.9538461538461,21.97083333333333
2016-04-12,21:00,394.0,21.1,2016-04,2016,4,1152.9538461538461,21.97083333333333
2016-04-12,22:00,82.5,20.7,2016-04,2016,4,1152.9538461538461,21.97083333333333
2016-05-12,10:00,86.7,20.2,2016-05,2016,5,1715.246153846154,20.974999999999998
2016-05-12,11:00,392.1,20.2,2016-05,2016,5,1715.246153846154,20.974999999999998
2016-05-12,12:00,770.0,20.9,2016-05,2016,5,1715.246153846154,20.974999999999998
2016-05-12,13:00,2418.5,20.5,2016-05,2016,5,1715.246153846154,20.974999999999998
2016-05-12,14:00,2327.4,21.6,2016-05,2016,5,1715.246153846154,20.974999999999998
2016-05-12,15:00,2722.5,22.0,2016-05,2016,5,1715.246153846154,20.974999999999998
2016-05-12,16:00,3208.3,21.2,2016-05,2016,5,1715.246153846154,20.974999999999998
2016-05-12,17:00,2928.2,22.0,2016-05,2016,5,1715.246153846154,20.974999999999998
2016-05-12,18:00,2712.5,21.8,2016-05,2016,5,1715.246153846154,20.974999999999998
2016-05-12,19:00,1759.8,22.0,2016-05,2016,5,1715.246153846154,20.974999999999998
2016-05-12,20:00,1962.7,21.0,2016-05,2016,5,1715.246153846154,20.974999999999998
2016-05-12,21:00,902.9,21.1,2016-05,2016,5,1715.246153846154,20.974999999999998
2016-05-12,22:00,106.6,21.0,2016-05,2016,5,1715.246153846154,20.974999999999998
2016-06-12,10:00,165.5,22.0,2016-06,2016,6,1640.430769230769,21.587500000000002
2016-06-12,11:00,1037.9,23.9,2016-06,2016,6,1640.430769230769,21.587500000000002
2016-06-12,12:00,2036.8,22.5,2016-06,2016,6,1640.430769230769,21.587500000000002
2016-06-12,13:00,2556.2,22.2,2016-06,2016,6,1640.430769230769,21.587500000000002
2016-06-12,14:00,2934.7,22.3,2016-06,2016,6,1640.430769230769,21.587500000000002
2016-06-12,15:00,2856.5,22.4,2016-06,2016,6,1640.430769230769,21.587500000000002
2016-06-12,16:00,2881.1,21.5,2016-06,2016,6,1640.430769230769,21.587500000000002
2016-06-12,17:00,1874.4,21.7,2016-06,2016,6,1640.430769230769,21.587500000000002
2016-06-12,18:00,1786.0,21.3,2016-06,2016,6,1640.430769230769,21.587500000000002
2016-06-12,19:00,2616.6,20.5,2016-06,2016,6,1640.430769230769,21.587500000000002
2016-06-12,20:00,461.7,20.4,2016-06,2016,6,1640.430769230769,21.587500000000002
2016-06-12,21:00,85.0,21.0,2016-06,2016,6,1640.430769230769,21.587500000000002
2016-06-12,22:00,33.2,21.0,2016-06,2016,6,1640.430769230769,21.587500000000002
2016-07-12,10:00,150.2,22.2,2016-07,2016,7,1589.6384615384616,21.7
2016-07-12,11:00,474.3,22.3,2016-07,2016,7,1589.6384615384616,21.7
2016-07-12,12:00,966.6,22.4,2016-07,2016,7,1589.6384615384616,21.7
2016-07-12,13:00,1526.3,21.7,2016-07,2016,7,1589.6384615384616,21.7
2016-07-12,14:00,2760.9,22.5,2016-07,2016,7,1589.6384615384616,21.7
2016-07-12,15:00,2762.5,22.8,2016-07,2016,7,1589.6384615384616,21.7
2016-07-12,16:00,3388.2,22.5,2016-07,2016,7,1589.6384615384616,21.7
2016-07-12,17:00,2793.6,22.2,2016-07,2016,7,1589.6384615384616,21.7
2016-07-12,18:00,2984.4,22.5,2016-07,2016,7,1589.6384615384616,21.7
2016-07-12,19:00,2118.4,23.1,2016-07,2016,7,1589.6384615384616,21.7
2016-07-12,20:00,673.1,20.9,2016-07,2016,7,1589.6384615384616,21.7
2016-07-12,21:00,61.0,21.3,2016-07,2016,7,1589.6384615384616,21.7
2016-07-12,22:00,5.8,21.1,2016-07,2016,7,1589.6384615384616,21.7
2016-08-12,10:00,66.8,20.9,2016-08,2016,8,1136.1307692307694,21.229166666666668
2016-08-12,11:00,510.3,21.5,2016-08,2016,8,1136.1307692307694,21.229166666666668
2016-08-12,12:00,1211.1,22.0,2016-08,2016,8,1136.1307692307694,21.229166666666668
2016-08-12,13:00,1664.5,22.1,2016-08,2016,8,1136.1307692307694,21.229166666666668
2016-08-12,14:00,2223.8,22.6,2016-08,2016,8,1136.1307692307694,21.229166666666668
2016-08-12,15:00,2031.4,22.3,2016-08,2016,8,1136.1307692307694,21.229166666666668
2016-08-12,16:00,1706.5,22.4,2016-08,2016,8,1136.1307692307694,21.229166666666668
2016-08-12,17:00,1754.7,22.4,2016-08,2016,8,1136.1307692307694,21.229166666666668
2016-08-12,18:00,1091.9,20.3,2016-08,2016,8,1136.1307692307694,21.229166666666668
2016-08-12,19:00,1706.0,21.5,2016-08,2016,8,1136.1307692307694,21.229166666666668
2016-08-12,20:00,546.4,20.8,2016-08,2016,8,1136.1307692307694,21.229166666666668
2016-08-12,21:00,171.5,20.9,2016-08,2016,8,1136.1307692307694,21.229166666666668
2016-08-12,22:00,84.8,20.5,2016-08,2016,8,1136.1307692307694,21.229166666666668
2016-09-12,10:00,43.8,20.8,2016-09,2016,9,1399.4461538461537,21.425
2016-09-12,11:00,210.9,21.3,2016-09,2016,9,1399.4461538461537,21.425
2016-09-12,12:00,699.4,21.8,2016-09,2016,9,1399.4461538461537,21.425
2016-09-12,13:00,1784.3,22.3,2016-09,2016,9,1399.4461538461537,21.425
2016-09-12,14:00,1871.8,22.0,2016-09,2016,9,1399.4461538461537,21.425
2016-09-12,15:00,1630.0,21.7,2016-09,2016,9,1399.4461538461537,21.425
2016-09-12,16:00,1757.0,21.2,2016-09,2016,9,1399.4461538461537,21.425
2016-09-12,17:00,1615.7,20.5,2016-09,2016,9,1399.4461538461537,21.425
2016-09-12,18:00,3028.6,21.4,2016-09,2016,9,1399.4461538461537,21.425
2016-09-12,19:00,2615.3,21.2,2016-09,2016,9,1399.4461538461537,21.425
2016-09-12,20:00,1872.7,21.6,2016-09,2016,9,1399.4461538461537,21.425
2016-09-12,21:00,895.7,21.1,2016-09,2016,9,1399.4461538461537,21.425
2016-09-12,22:00,167.6,21.3,2016-09,2016,9,1399.4461538461537,21.425
2016-10-12,10:00,67.3,21.3,2016-10,2016,10,1017.3461538461538,21.458333333333332
2016-10-12,11:00,362.6,22.0,2016-10,2016,10,1017.3461538461538,21.458333333333332
2016-10-12,12:00,783.3,21.9,2016-10,2016,10,1017.3461538461538,21.458333333333332
2016-10-12,13:00,933.0,21.0,2016-10,2016,10,1017.3461538461538,21.458333333333332
2016-10-12,14:00,1303.6,21.0,2016-10,2016,10,1017.3461538461538,21.458333333333332
2016-10-12,15:00,1214.4,21.2,2016-10,2016,10,1017.3461538461538,21.458333333333332
2016-10-12,16:00,1259.7,21.9,2016-10,2016,10,1017.3461538461538,21.458333333333332
2016-10-12,17:00,1417.1,21.8,2016-10,2016,10,1017.3461538461538,21.458333333333332
2016-10-12,18:00,1519.0,21.0,2016-10,2016,10,1017.3461538461538,21.458333333333332
2016-10-12,19:00,2058.0,21.8,2016-10,2016,10,1017.3461538461538,21.458333333333332
2016-10-12,20:00,1584.2,21.9,2016-10,2016,10,1017.3461538461538,21.458333333333332
2016-10-12,21:00,649.0,22.2,2016-10,2016,10,1017.3461538461538,21.458333333333332
2016-10-12,22:00,74.3,21.9,2016-10,2016,10,1017.3461538461538,21.458333333333332
2016-11-12,08:00,0.6,20.1,2016-11,2016,11,1397.68,21.037499999999998
2016-11-12,09:00,0.6,20.1,2016-11,2016,11,1397.68,21.037499999999998
2016-11-12,10:00,2.7,20.2,2016-11,2016,11,1397.68,21.037499999999998
2016-11-12,11:00,36.8,20.1,2016-11,2016,11,1397.68,21.037499999999998
2016-11-12,12:00,206.1,20.1,2016-11,2016,11,1397.68,21.037499999999998
2016-11-12,13:00,780.1,21.6,2016-11,2016,11,1397.68,21.037499999999998
2016-11-12,14:00,1886.5,21.4,2016-11,2016,11,1397.68,21.037499999999998
2016-11-12,15:00,2498.3,20.7,2016-11,2016,11,1397.68,21.037499999999998
2016-11-12,16:00,3005.7,20.3,2016-11,2016,11,1397.68,21.037499999999998
2016-11-12,17:00,3435.2,21.9,2016-11,2016,11,1397.68,21.037499999999998
2016-11-12,18:00,3204.8,20.1,2016-11,2016,11,1397.68,21.037499999999998
2016-11-12,19:00,2798.3,20.0,2016-11,2016,11,1397.68,21.037499999999998
2016-11-12,20:00,1843.1,20.2,2016-11,2016,11,1397.68,21.037499999999998
2016-11-12,21:00,986.7,20.8,2016-11,2016,11,1397.68,21.037499999999998
2016-11-12,22:00,279.7,22.5,2016-11,2016,11,1397.68,21.037499999999998
2016-12-12,04:00,0.1,21.2,2016-12,2016,12,1676.5533333333333,21.616666666666664
2016-12-12,10:00,48.5,21.2,2016-12,2016,12,1676.5533333333333,21.616666666666664
2016-12-12,11:00,417.9,21.6,2016-12,2016,12,1676.5533333333333,21.616666666666664
2016-12-12,12:00,1379.4,22.2,2016-12,2016,12,1676.5533333333333,21.616666666666664
2016-12-12,13:00,2316.4,22.5,2016-12,2016,12,1676.5533333333333,21.616666666666664
2016-12-12,14:00,2593.5,22.2,2016-12,2016,12,1676.5533333333333,21.616666666666664
2016-12-12,15:00,2794.8,22.7,2016-12,2016,12,1676.5533333333333,21.616666666666664
2016-12-12,16:00,3806.6,22.5,2016-12,2016,12,1676.5533333333333,21.616666666666664
2016-12-12,17:00,3325.4,21.3,2016-12,2016,12,1676.5533333333333,21.616666666666664
2016-12-12,18:00,2262.7,21.8,2016-12,2016,12,1676.5533333333333,21.616666666666664
2016-12-12,19:00,3005.6,21.5,2016-12,2016,12,1676.5533333333333,21.616666666666664
2016-12-12,20:00,2316.3,21.2,2016-12,2016,12,1676.5533333333333,21.616666666666664
2016-12-12,21:00,766.9,22.5,2016-12,2016,12,1676.5533333333333,21.616666666666664
2016-12-12,22:00,113.3,22.4,2016-12,2016,12,1676.5533333333333,21.616666666666664
2016-12-12,23:00,0.9,22.9,2016-12,2016,12,1676.5533333333333,21.616666666666664
2018-01-01,10:00,51.4,22.6,2018-01,2018,1,1397.3153846153846,24.870833333333334
2018-01-01,11:00,296.2,23.4,2018-01,2018,1,1397.3153846153846,24.870833333333334
2018-01-01,12:00,622.2,24.4,2018-01,2018,1,1397.3153846153846,24.870833333333334
2018-01-01,13:00,1344.5,26.6,2018-01,2018,1,1397.3153846153846,24.870833333333334
2018-01-01,14:00,2411.6,29.3,2018-01,2018,1,1397.3153846153846,24.870833333333334
2018-01-01,15:00,3241.5,31.0,2018-01,2018,1,1397.3153846153846,24.870833333333334
2018-01-01,16:00,2913.5,31.4,2018-01,2018,1,1397.3153846153846,24.870833333333334
2018-01-01,17:00,3285.8,32.0,2018-01,2018,1,1397.3153846153846,24.870833333333334
2018-01-01,18:00,3237.8,33.3,2018-01,2018,1,1397.3153846153846,24.870833333333334
2018-01-01,19:00,565.2,21.5,2018-01,2018,1,1397.3153846153846,24.870833333333334
2018-01-01,20:00,166.0,22.1,2018-01,2018,1,1397.3153846153846,24.870833333333334
2018-01-01,21:00,21.1,23.0,2018-01,2018,1,1397.3153846153846,24.870833333333334
2018-01-01,22:00,8.3,22.8,2018-01,2018,1,1397.3153846153846,24.870833333333334
2018-02-01,10:00,46.4,21.5,2018-02,2018,2,1679.2923076923075,25.150000000000002
2018-02-01,11:00,680.3,24.4,2018-02,2018,2,1679.2923076923075,25.150000000000002
2018-02-01,12:00,1455.7,26.5,2018-02,2018,2,1679.2923076923075,25.150000000000002
2018-02-01,13:00,2134.3,27.6,2018-02,2018,2,1679.2923076923075,25.150000000000002
2018-02-01,14:00,2811.7,29.6,2018-02,2018,2,1679.2923076923075,25.150000000000002
2018-02-01,15:00,2959.5,30.6,2018-02,2018,2,1679.2923076923075,25.150000000000002
2018-02-01,16:00,2480.3,30.9,2018-02,2018,2,1679.2923076923075,25.150000000000002
2018-02-01,17:00,3167.5,30.9,2018-02,2018,2,1679.2923076923075,25.150000000000002
2018-02-01,18:00,2822.9,32.3,2018-02,2018,2,1679.2923076923075,25.150000000000002
2018-02-01,19:00,2214.6,32.1,2018-02,2018,2,1679.2923076923075,25.150000000000002
2018-02-01,20:00,913.5,27.8,2018-02,2018,2,1679.2923076923075,25.150000000000002
2018-02-01,21:00,111.4,23.5,2018-02,2018,2,1679.2923076923075,25.150000000000002
2018-02-01,22:00,32.7,24.0,2018-02,2018,2,1679.2923076923075,25.150000000000002
2018-03-01,10:00,6.0,21.1,2018-03,2018,3,1132.7230769230769,24.104166666666668
2018-03-01,11:00,99.8,21.2,2018-03,2018,3,1132.7230769230769,24.104166666666668
2018-03-01,12:00,398.7,22.0,2018-03,2018,3,1132.7230769230769,24.104166666666668
2018-03-01,13:00,957.3,24.0,2018-03,2018,3,1132.7230769230769,24.104166666666668
2018-03-01,14:00,1497.6,25.9,2018-03,2018,3,1132.7230769230769,24.104166666666668
2018-03-01,15:00,1391.7,26.2,2018-03,2018,3,1132.7230769230769,24.104166666666668
2018-03-01,16:00,952.5,25.3,2018-03,2018,3,1132.7230769230769,24.104166666666668
2018-03-01,17:00,943.2,25.6,2018-03,2018,3,1132.7230769230769,24.104166666666668
2018-03-01,18:00,2167.0,28.5,2018-03,2018,3,1132.7230769230769,24.104166666666668
2018-03-01,19:00,2880.3,28.5,2018-03,2018,3,1132.7230769230769,24.104166666666668
2018-03-01,20:00,2194.5,27.7,2018-03,2018,3,1132.7230769230769,24.104166666666668
2018-03-01,21:00,1138.5,27.9,2018-03,2018,3,1132.7230769230769,24.104166666666668
2018-03-01,22:00,98.3,26.0,2018-03,2018,3,1132.7230769230769,24.104166666666668
2018-04-01,10:00,29.5,21.4,2018-04,2018,4,1434.0307692307692,24.291666666666668
2018-04-01,11:00,399.6,22.7,2018-04,2018,4,1434.0307692307692,24.291666666666668
2018-04-01,12:00,1332.7,25.2,2018-04,2018,4,1434.0307692307692,24.291666666666668
2018-04-01,13:00,2335.0,27.1,2018-04,2018,4,1434.0307692307692,24.291666666666668
2018-04-01,14:00,2742.1,28.3,2018-04,2018,4,1434.0307692307692,24.291666666666668
2018-04-01,15:00,2974.9,29.8,2018-04,2018,4,1434.0307692307692,24.291666666666668
2018-04-01,16:00,2933.7,29.0,2018-04,2018,4,1434.0307692307692,24.291666666666668
2018-04-01,17:00,1577.0,24.3,2018-04,2018,4,1434.0307692307692,24.291666666666668
2018-04-01,18:00,1331.2,27.0,2018-04,2018,4,1434.0307692307692,24.291666666666668
2018-04-01,19:00,2472.5,30.3,2018-04,2018,4,1434.0307692307692,24.291666666666668
2018-04-01,20:00,376.4,25.5,2018-04,2018,4,1434.0307692307692,24.291666666666668
2018-04-01,21:00,68.6,23.6,2018-04,2018,4,1434.0307692307692,24.291666666666668
2018-04-01,22:00,69.2,23.6,2018-04,2018,4,1434.0307692307692,24.291666666666668
2018-05-01,10:00,49.6,22.1,2018-05,2018,5,1031.1571428571428,23.958333333333332
2018-05-01,11:00,116.5,22.0,2018-05,2018,5,1031.1571428571428,23.958333333333332
2018-05-01,12:00,437.6,22.7,2018-05,2018,5,1031.1571428571428,23.958333333333332
2018-05-01,13:00,463.7,21.4,2018-05,2018,5,1031.1571428571428,23.958333333333332
2018-05-01,14:00,506.1,22.3,2018-05,2018,5,1031.1571428571428,23.958333333333332
2018-05-01,15:00,1069.9,23.0,2018-05,2018,5,1031.1571428571428,23.958333333333332
2018-05-01,16:00,1518.8,24.7,2018-05,2018,5,1031.1571428571428,23.958333333333332
2018-05-01,17:00,2148.5,26.9,2018-05,2018,5,1031.1571428571428,23.958333333333332
2018-05-01,18:00,2783.7,27.9,2018-05,2018,5,1031.1571428571428,23.958333333333332
2018-05-01,19:00,2441.2,28.3,2018-05,2018,5,1031.1571428571428,23.958333333333332
2018-05-01,20:00,2065.8,28.3,2018-05,2018,5,1031.1571428571428,23.958333333333332
2018-05-01,21:00,656.1,27.5,2018-05,2018,5,1031.1571428571428,23.958333333333332
2018-05-01,22:00,177.5,26.8,2018-05,2018,5,1031.1571428571428,23.958333333333332
2018-05-01,23:00,1.2,25.5,2018-05,2018,5,1031.1571428571428,23.958333333333332
2018-06-01,10:00,22.0,22.5,2018-06,2018,6,1333.5230769230768,24.516666666666666
2018-06-01,11:00,226.6,22.7,2018-06,2018,6,1333.5230769230768,24.516666666666666
2018-06-01,12:00,676.0,23.9,2018-06,2018,6,1333.5230769230768,24.516666666666666
2018-06-01,13:00,1495.5,25.8,2018-06,2018,6,1333.5230769230768,24.516666666666666
2018-06-01,14:00,1549.3,26.4,2018-06,2018,6,1333.5230769230768,24.516666666666666
2018-06-01,15:00,2532.3,28.1,2018-06,2018,6,1333.5230769230768,24.516666666666666
2018-06-01,16:00,3266.8,29.2,2018-06,2018,6,1333.5230769230768,24.516666666666666
2018-06-01,17:00,2996.7,29.4,2018-06,2018,6,1333.5230769230768,24.516666666666666
2018-06-01,18:00,2890.8,29.2,2018-06,2018,6,1333.5230769230768,24.516666666666666
2018-06-01,19:00,1504.3,28.9,2018-06,2018,6,1333.5230769230768,24.516666666666666
2018-06-01,20:00,105.1,22.0,2018-06,2018,6,1333.5230769230768,24.516666666666666
2018-06-01,21:00,55.8,22.1,2018-06,2018,6,1333.5230769230768,24.516666666666666
2018-06-01,22:00,14.6,21.9,2018-06,2018,6,1333.5230769230768,24.516666666666666
2018-07-01,09:00,0.3,21.5,2018-07,2018,7,888.65,23.295833333333334
2018-07-01,10:00,21.6,21.4,2018-07,2018,7,888.65,23.295833333333334
2018-07-01,11:00,182.9,21.7,2018-07,2018,7,888.65,23.295833333333334
2018-07-01,12:00,562.8,22.6,2018-07,2018,7,888.65,23.295833333333334
2018-07-01,13:00,723.8,23.3,2018-07,2018,7,888.65,23.295833333333334
2018-07-01,14:00,977.7,24.4,2018-07,2018,7,888.65,23.295833333333334
2018-07-01,15:00,1315.2,25.9,2018-07,2018,7,888.65,23.295833333333334
2018-07-01,16:00,1975.9,27.6,2018-07,2018,7,888.65,23.295833333333334
2018-07-01,17:00,1908.0,26.8,2018-07,2018,7,888.65,23.295833333333334
2018-07-01,18:00,1672.1,26.9,2018-07,2018,7,888.65,23.295833333333334
2018-07-01,19:00,1042.1,24.9,2018-07,2018,7,888.65,23.295833333333334
2018-07-01,20:00,1119.6,25.3,2018-07,2018,7,888.65,23.295833333333334
2018-07-01,21:00,753.4,25.6,2018-07,2018,7,888.65,23.295833333333334
2018-07-01,22:00,185.7,25.0,2018-07,2018,7,888.65,23.295833333333334
2018-08-01,10:00,17.9,21.5,2018-08,2018,8,491.4714285714286,22.212500000000002
2018-08-01,11:00,328.2,22.3,2018-08,2018,8,491.4714285714286,22.212500000000002
2018-08-01,12:00,844.0,22.9,2018-08,2018,8,491.4714285714286,22.212500000000002
2018-08-01,13:00,1776.7,24.5,2018-08,2018,8,491.4714285714286,22.212500000000002
2018-08-01,14:00,1291.9,24.3,2018-08,2018,8,491.4714285714286,22.212500000000002
2018-08-01,15:00,180.4,21.5,2018-08,2018,8,491.4714285714286,22.212500000000002
2018-08-01,16:00,119.5,20.6,2018-08,2018,8,491.4714285714286,22.212500000000002
2018-08-01,17:00,376.2,21.2,2018-08,2018,8,491.4714285714286,22.212500000000002
2018-08-01,18:00,518.6,21.7,2018-08,2018,8,491.4714285714286,22.212500000000002
2018-08-01,19:00,513.9,21.9,2018-08,2018,8,491.4714285714286,22.212500000000002
2018-08-01,20:00,404.8,21.8,2018-08,2018,8,491.4714285714286,22.212500000000002
2018-08-01,21:00,368.5,21.7,2018-08,2018,8,491.4714285714286,22.212500000000002
2018-08-01,22:00,138.3,21.5,2018-08,2018,8,491.4714285714286,22.212500000000002
2018-08-01,23:00,1.7,21.3,2018-08,2018,8,491.4714285714286,22.212500000000002
2018-09-01,10:00,17.8,20.9,2018-09,2018,9,1219.75,22.945833333333336
2018-09-01,11:00,270.9,21.6,2018-09,2018,9,1219.75,22.945833333333336
2018-09-01,12:00,1118.4,24.1,2018-09,2018,9,1219.75,22.945833333333336
2018-09-01,13:00,2081.7,25.7,2018-09,2018,9,1219.75,22.945833333333336
2018-09-01,14:00,2430.2,27.2,2018-09,2018,9,1219.75,22.945833333333336
2018-09-01,15:00,2497.1,27.6,2018-09,2018,9,1219.75,22.945833333333336
2018-09-01,16:00,2416.5,28.4,2018-09,2018,9,1219.75,22.945833333333336
2018-09-01,17:00,2009.0,26.4,2018-09,2018,9,1219.75,22.945833333333336
2018-09-01,18:00,2561.8,27.4,2018-09,2018,9,1219.75,22.945833333333336
2018-09-01,19:00,977.4,21.9,2018-09,2018,9,1219.75,22.945833333333336
2018-09-01,20:00,258.4,22.1,2018-09,2018,9,1219.75,22.945833333333336
2018-09-01,21:00,294.9,22.3,2018-09,2018,9,1219.75,22.945833333333336
2018-09-01,22:00,139.1,22.5,2018-09,2018,9,1219.75,22.945833333333336
2018-09-01,23:00,3.3,22.1,2018-09,2018,9,1219.75,22.945833333333336
2018-10-01,10:00,37.6,21.1,2018-10,2018,10,1529.0571428571427,24.870833333333334
2018-10-01,11:00,399.7,22.3,2018-10,2018,10,1529.0571428571427,24.870833333333334
2018-10-01,12:00,914.1,24.3,2018-10,2018,10,1529.0571428571427,24.870833333333334
2018-10-01,13:00,1119.7,25.8,2018-10,2018,10,1529.0571428571427,24.870833333333334
2018-10-01,14:00,2324.0,28.2,2018-10,2018,10,1529.0571428571427,24.870833333333334
2018-10-01,15:00,3132.1,29.7,2018-10,2018,10,1529.0571428571427,24.870833333333334
2018-10-01,16:00,3797.3,30.8,2018-10,2018,10,1529.0571428571427,24.870833333333334
2018-10-01,17:00,3284.2,31.3,2018-10,2018,10,1529.0571428571427,24.870833333333334
2018-10-01,18:00,2275.1,30.1,2018-10,2018,10,1529.0571428571427,24.870833333333334
2018-10-01,19:00,1467.6,30.3,2018-10,2018,10,1529.0571428571427,24.870833333333334
2018-10-01,20:00,1608.8,31.4,2018-10,2018,10,1529.0571428571427,24.870833333333334
2018-10-01,21:00,695.0,25.4,2018-10,2018,10,1529.0571428571427,24.870833333333334
2018-10-01,22:00,337.1,26.3,2018-10,2018,10,1529.0571428571427,24.870833333333334
2018-10-01,23:00,14.5,25.8,2018-10,2018,10,1529.0571428571427,24.870833333333334
2018-11-01,10:00,42.6,21.8,2018-11,2018,11,1063.523076923077,24.070833333333336
2018-11-01,11:00,509.7,23.1,2018-11,2018,11,1063.523076923077,24.070833333333336
2018-11-01,12:00,1452.5,26.1,2018-11,2018,11,1063.523076923077,24.070833333333336
2018-11-01,13:00,2287.3,27.7,2018-11,2018,11,1063.523076923077,24.070833333333336
2018-11-01,14:00,2604.9,29.2,2018-11,2018,11,1063.523076923077,24.070833333333336
2018-11-01,15:00,2011.7,29.8,2018-11,2018,11,1063.523076923077,24.070833333333336
2018-11-01,16:00,1297.4,29.6,2018-11,2018,11,1063.523076923077,24.070833333333336
2018-11-01,17:00,882.2,20.5,2018-11,2018,11,1063.523076923077,24.070833333333336
2018-11-01,18:00,396.7,21.9,2018-11,2018,11,1063.523076923077,24.070833333333336
2018-11-01,19:00,1212.3,24.0,2018-11,2018,11,1063.523076923077,24.070833333333336
2018-11-01,20:00,545.1,24.1,2018-11,2018,11,1063.523076923077,24.070833333333336
2018-11-01,21:00,473.7,24.5,2018-11,2018,11,1063.523076923077,24.070833333333336
2018-11-01,22:00,109.7,23.8,2018-11,2018,11,1063.523076923077,24.070833333333336
2018-12-01,10:00,26.5,21.0,2018-12,2018,12,1020.1285714285714,23.629166666666666
2018-12-01,11:00,355.7,21.8,2018-12,2018,12,1020.1285714285714,23.629166666666666
2018-12-01,12:00,898.2,23.4,2018-12,2018,12,1020.1285714285714,23.629166666666666
2018-12-01,13:00,1984.4,25.1,2018-12,2018,12,1020.1285714285714,23.629166666666666
2018-12-01,14:00,1585.2,26.1,2018-12,2018,12,1020.1285714285714,23.629166666666666
2018-12-01,15:00,2179.0,27.2,2018-12,2018,12,1020.1285714285714,23.629166666666666
2018-12-01,16:00,2292.2,29.1,2018-12,2018,12,1020.1285714285714,23.629166666666666
2018-12-01,17:00,2076.1,28.8,2018-12,2018,12,1020.1285714285714,23.629166666666666
2018-12-01,18:00,1375.9,28.5,2018-12,2018,12,1020.1285714285714,23.629166666666666
2018-12-01,19:00,542.3,23.6,2018-12,2018,12,1020.1285714285714,23.629166666666666
2018-12-01,20:00,288.7,24.2,2018-12,2018,12,1020.1285714285714,23.629166666666666
2018-12-01,21:00,473.1,25.2,2018-12,2018,12,1020.1285714285714,23.629166666666666
2018-12-01,22:00,200.2,24.8,2018-12,2018,12,1020.1285714285714,23.629166666666666
2018-12-01,23:00,4.3,23.6,2018-12,2018,12,1020.1285714285714,23.629166666666666
2018-01-02,09:00,0.9,22.7,2018-01,2018,1,921.7466666666666,25.316666666666666
2018-01-02,10:00,3.4,22.8,2018-01,2018,1,921.7466666666666,25.316666666666666
2018-01-02,11:00,74.0,22.9,2018-01,2018,1,921.7466666666666,25.316666666666666
2018-01-02,12:00,282.5,23.5,2018-01,2018,1,921.7466666666666,25.316666666666666
2018-01-02,13:00,624.9,24.5,2018-01,2018,1,921.7466666666666,25.316666666666666
2018-01-02,14:00,1731.6,26.0,2018-01,2018,1,921.7466666666666,25.316666666666666
2018-01-02,15:00,1680.6,27.1,2018-01,2018,1,921.7466666666666,25.316666666666666
2018-01-02,16:00,1748.3,28.0,2018-01,2018,1,921.7466666666666,25.316666666666666
2018-01-02,17:00,1659.2,28.6,2018-01,2018,1,921.7466666666666,25.316666666666666
2018-01-02,18:00,1866.8,29.5,2018-01,2018,1,921.7466666666666,25.316666666666666
2018-01-02,19:00,2175.7,29.2,2018-01,2018,1,921.7466666666666,25.316666666666666
2018-01-02,20:00,1140.3,28.6,2018-01,2018,1,921.7466666666666,25.316666666666666
2018-01-02,21:00,602.5,28.3,2018-01,2018,1,921.7466666666666,25.316666666666666
2018-01-02,22:00,232.2,27.4,2018-01,2018,1,921.7466666666666,25.316666666666666
2018-01-02,23:00,3.3,26.6,2018-01,2018,1,921.7466666666666,25.316666666666666
2018-02-02,10:00,6.7,23.4,2018-02,2018,2,1085.2785714285715,25.754166666666666
2018-02-02,11:00,263.1,23.9,2018-02,2018,2,1085.2785714285715,25.754166666666666
2018-02-02,12:00,805.2,25.5,2018-02,2018,2,1085.2785714285715,25.754166666666666
2018-02-02,13:00,1597.5,27.4,2018-02,2018,2,1085.2785714285715,25.754166666666666
2018-02-02,14:00,1291.0,27.1,2018-02,2018,2,1085.2785714285715,25.754166666666666
2018-02-02,15:00,1526.6,28.6,2018-02,2018,2,1085.2785714285715,25.754166666666666
2018-02-02,16:00,2675.9,30.3,2018-02,2018,2,1085.2785714285715,25.754166666666666
2018-02-02,17:00,2865.1,30.8,2018-02,2018,2,1085.2785714285715,25.754166666666666
2018-02-02,18:00,2308.0,27.8,2018-02,2018,2,1085.2785714285715,25.754166666666666
2018-02-02,19:00,479.8,26.0,2018-02,2018,2,1085.2785714285715,25.754166666666666
2018-02-02,20:00,537.1,26.2,2018-02,2018,2,1085.2785714285715,25.754166666666666
2018-02-02,21:00,635.4,26.6,2018-02,2018,2,1085.2785714285715,25.754166666666666
2018-02-02,22:00,199.3,26.8,2018-02,2018,2,1085.2785714285715,25.754166666666666
2018-02-02,23:00,3.2,26.2,2018-02,2018,2,1085.2785714285715,25.754166666666666
2018-03-02,10:00,4.5,23.6,2018-03,2018,3,434.0615384615385,24.483333333333334
2018-03-02,11:00,117.9,23.9,2018-03,2018,3,434.0615384615385,24.483333333333334
2018-03-02,12:00,270.0,24.4,2018-03,2018,3,434.0615384615385,24.483333333333334
2018-03-02,13:00,413.8,25.0,2018-03,2018,3,434.0615384615385,24.483333333333334
2018-03-02,14:00,552.5,25.2,2018-03,2018,3,434.0615384615385,24.483333333333334
2018-03-02,15:00,490.4,25.6,2018-03,2018,3,434.0615384615385,24.483333333333334
2018-03-02,16:00,1724.0,27.6,2018-03,2018,3,434.0615384615385,24.483333333333334
2018-03-02,17:00,1086.6,26.6,2018-03,2018,3,434.0615384615385,24.483333333333334
2018-03-02,18:00,163.8,24.2,2018-03,2018,3,434.0615384615385,24.483333333333334
2018-03-02,19:00,319.8,24.2,2018-03,2018,3,434.0615384615385,24.483333333333334
2018-03-02,20:00,306.2,24.2,2018-03,2018,3,434.0615384615385,24.483333333333334
2018-03-02,21:00,129.5,23.0,2018-03,2018,3,434.0615384615385,24.483333333333334
2018-03-02,22:00,63.8,22.9,2018-03,2018,3,434.0615384615385,24.483333333333334
2018-04-02,07:00,0.0,22.3,2018-04,2018,4,275.6933333333333,22.741666666666664
2018-04-02,10:00,3.4,22.2,2018-04,2018,4,275.6933333333333,22.741666666666664
2018-04-02,11:00,68.8,22.3,2018-04,2018,4,275.6933333333333,22.741666666666664
2018-04-02,12:00,295.2,22.6,2018-04,2018,4,275.6933333333333,22.741666666666664
2018-04-02,13:00,263.4,22.9,2018-04,2018,4,275.6933333333333,22.741666666666664
2018-04-02,14:00,314.4,22.9,2018-04,2018,4,275.6933333333333,22.741666666666664
2018-04-02,15:00,533.6,23.1,2018-04,2018,4,275.6933333333333,22.741666666666664
2018-04-02,16:00,753.1,23.4,2018-04,2018,4,275.6933333333333,22.741666666666664
2018-04-02,17:00,591.5,23.0,2018-04,2018,4,275.6933333333333,22.741666666666664
2018-04-02,18:00,412.0,23.4,2018-04,2018,4,275.6933333333333,22.741666666666664
2018-04-02,19:00,473.4,23.8,2018-04,2018,4,275.6933333333333,22.741666666666664
2018-04-02,20:00,281.7,23.2,2018-04,2018,4,275.6933333333333,22.741666666666664
2018-04-02,21:00,94.4,22.6,2018-04,2018,4,275.6933333333333,22.741666666666664
2018-04-02,22:00,49.0,22.6,2018-04,2018,4,275.6933333333333,22.741666666666664
2018-04-02,23:00,1.5,22.6,2018-04,2018,4,275.6933333333333,22.741666666666664
2018-05-02,07:00,0.7,22.4,2018-05,2018,5,1079.6823529411763,25.337500000000002
2018-05-02,08:00,0.2,22.4,2018-05,2018,5,1079.6823529411763,25.337500000000002
2018-05-02,09:00,0.3,22.4,2018-05,2018,5,1079.6823529411763,25.337500000000002
2018-05-02,10:00,6.1,22.5,2018-05,2018,5,1079.6823529411763,25.337500000000002
2018-05-02,11:00,207.6,23.1,2018-05,2018,5,1079.6823529411763,25.337500000000002
2018-05-02,12:00,574.8,24.0,2018-05,2018,5,1079.6823529411763,25.337500000000002
2018-05-02,13:00,791.9,24.8,2018-05,2018,5,1079.6823529411763,25.337500000000002
2018-05-02,14:00,1552.4,26.1,2018-05,2018,5,1079.6823529411763,25.337500000000002
2018-05-02,15:00,1778.9,27.6,2018-05,2018,5,1079.6823529411763,25.337500000000002
2018-05-02,16:00,2617.6,29.0,2018-05,2018,5,1079.6823529411763,25.337500000000002
2018-05-02,17:00,3501.6,30.5,2018-05,2018,5,1079.6823529411763,25.337500000000002
2018-05-02,18:00,2034.9,30.1,2018-05,2018,5,1079.6823529411763,25.337500000000002
2018-05-02,19:00,2360.0,31.7,2018-05,2018,5,1079.6823529411763,25.337500000000002
2018-05-02,20:00,2298.6,32.0,2018-05,2018,5,1079.6823529411763,25.337500000000002
2018-05-02,21:00,410.9,29.9,2018-05,2018,5,1079.6823529411763,25.337500000000002
2018-05-02,22:00,214.1,27.5,2018-05,2018,5,1079.6823529411763,25.337500000000002
2018-05-02,23:00,4.0,25.0,2018-05,2018,5,1079.6823529411763,25.337500000000002
2018-06-02,10:00,6.8,22.4,2018-06,2018,6,1406.6928571428573,25.02916666666667
2018-06-02,11:00,198.7,23.1,2018-06,2018,6,1406.6928571428573,25.02916666666667
2018-06-02,12:00,391.9,24.1,2018-06,2018,6,1406.6928571428573,25.02916666666667
2018-06-02,13:00,1014.4,25.3,2018-06,2018,6,1406.6928571428573,25.02916666666667
2018-06-02,14:00,2039.0,27.4,2018-06,2018,6,1406.6928571428573,25.02916666666667
2018-06-02,15:00,2703.3,28.3,2018-06,2018,6,1406.6928571428573,25.02916666666667
2018-06-02,16:00,1871.7,29.6,2018-06,2018,6,1406.6928571428573,25.02916666666667
2018-06-02,17:00,3277.9,30.1,2018-06,2018,6,1406.6928571428573,25.02916666666667
2018-06-02,18:00,2465.3,28.4,2018-06,2018,6,1406.6928571428573,25.02916666666667
2018-06-02,19:00,2361.2,28.6,2018-06,2018,6,1406.6928571428573,25.02916666666667
2018-06-02,20:00,2049.9,28.0,2018-06,2018,6,1406.6928571428573,25.02916666666667
2018-06-02,21:00,830.4,26.6,2018-06,2018,6,1406.6928571428573,25.02916666666667
2018-06-02,22:00,473.4,25.7,2018-06,2018,6,1406.6928571428573,25.02916666666667
2018-06-02,23:00,9.8,24.5,2018-06,2018,6,1406.6928571428573,25.02916666666667
2018-07-02,04:00,0.5,23.6,2018-07,2018,7,887.2235294117647,25.28333333333333
2018-07-02,05:00,0.5,23.5,2018-07,2018,7,887.2235294117647,25.28333333333333
2018-07-02,06:00,1.1,23.3,2018-07,2018,7,887.2235294117647,25.28333333333333
2018-07-02,10:00,13.3,22.3,2018-07,2018,7,887.2235294117647,25.28333333333333
2018-07-02,11:00,348.6,23.1,2018-07,2018,7,887.2235294117647,25.28333333333333
2018-07-02,12:00,713.2,24.5,2018-07,2018,7,887.2235294117647,25.28333333333333
2018-07-02,13:00,417.3,24.8,2018-07,2018,7,887.2235294117647,25.28333333333333
2018-07-02,14:00,676.5,25.7,2018-07,2018,7,887.2235294117647,25.28333333333333
2018-07-02,15:00,1899.8,27.7,2018-07,2018,7,887.2235294117647,25.28333333333333
2018-07-02,16:00,1752.4,28.5,2018-07,2018,7,887.2235294117647,25.28333333333333
2018-07-02,17:00,1444.9,28.9,2018-07,2018,7,887.2235294117647,25.28333333333333
2018-07-02,18:00,1902.5,30.6,2018-07,2018,7,887.2235294117647,25.28333333333333
2018-07-02,19:00,2228.7,29.2,2018-07,2018,7,887.2235294117647,25.28333333333333
2018-07-02,20:00,2253.5,30.0,2018-07,2018,7,887.2235294117647,25.28333333333333
2018-07-02,21:00,1089.2,27.8,2018-07,2018,7,887.2235294117647,25.28333333333333
2018-07-02,22:00,335.7,25.4,2018-07,2018,7,887.2235294117647,25.28333333333333
2018-07-02,23:00,5.1,24.5,2018-07,2018,7,887.2235294117647,25.28333333333333
2018-08-02,10:00,7.9,22.4,2018-08,2018,8,1080.6857142857143,24.7625
2018-08-02,11:00,191.4,23.3,2018-08,2018,8,1080.6857142857143,24.7625
2018-08-02,12:00,1068.7,24.5,2018-08,2018,8,1080.6857142857143,24.7625
2018-08-02,13:00,1289.1,26.6,2018-08,2018,8,1080.6857142857143,24.7625
2018-08-02,14:00,1231.4,26.2,2018-08,2018,8,1080.6857142857143,24.7625
2018-08-02,15:00,2527.2,28.9,2018-08,2018,8,1080.6857142857143,24.7625
2018-08-02,16:00,2256.5,27.4,2018-08,2018,8,1080.6857142857143,24.7625
2018-08-02,17:00,2982.4,29.9,2018-08,2018,8,1080.6857142857143,24.7625
2018-08-02,18:00,1581.8,24.2,2018-08,2018,8,1080.6857142857143,24.7625
2018-08-02,19:00,947.6,25.8,2018-08,2018,8,1080.6857142857143,24.7625
2018-08-02,20:00,552.0,26.7,2018-08,2018,8,1080.6857142857143,24.7625
2018-08-02,21:00,302.2,27.0,2018-08,2018,8,1080.6857142857143,24.7625
2018-08-02,22:00,187.7,25.4,2018-08,2018,8,1080.6857142857143,24.7625
2018-08-02,23:00,3.7,24.9,2018-08,2018,8,1080.6857142857143,24.7625
2018-09-02,10:00,9.7,22.5,2018-09,2018,9,1545.6499999999999,26.34166666666667
2018-09-02,11:00,512.3,24.2,2018-09,2018,9,1545.6499999999999,26.34166666666667
2018-09-02,12:00,1310.1,26.4,2018-09,2018,9,1545.6499999999999,26.34166666666667
2018-09-02,13:00,2110.5,28.9,2018-09,2018,9,1545.6499999999999,26.34166666666667
2018-09-02,14:00,2746.4,29.7,2018-09,2018,9,1545.6499999999999,26.34166666666667
2018-09-02,15:00,2990.6,31.4,2018-09,2018,9,1545.6499999999999,26.34166666666667
2018-09-02,16:00,3594.5,32.7,2018-09,2018,9,1545.6499999999999,26.34166666666667
2018-09-02,17:00,3451.5,33.2,2018-09,2018,9,1545.6499999999999,26.34166666666667
2018-09-02,18:00,2052.0,31.8,2018-09,2018,9,1545.6499999999999,26.34166666666667
2018-09-02,19:00,1841.7,32.0,2018-09,2018,9,1545.6499999999999,26.34166666666667
2018-09-02,20:00,516.9,26.1,2018-09,2018,9,1545.6499999999999,26.34166666666667
2018-09-02,21:00,339.9,26.2,2018-09,2018,9,1545.6499999999999,26.34166666666667
2018-09-02,22:00,162.6,25.1,2018-09,2018,9,1545.6499999999999,26.34166666666667
2018-09-02,23:00,0.4,25.5,2018-09,2018,9,1545.6499999999999,26.34166666666667
2018-10-02,09:00,0.0,22.9,2018-10,2018,10,799.1071428571429,24.474999999999998
2018-10-02,10:00,7.4,22.9,2018-10,2018,10,799.1071428571429,24.474999999999998
2018-10-02,11:00,211.6,23.3,2018-10,2018,10,799.1071428571429,24.474999999999998
2018-10-02,12:00,555.4,24.2,2018-10,2018,10,799.1071428571429,24.474999999999998
2018-10-02,13:00,504.5,25.0,2018-10,2018,10,799.1071428571429,24.474999999999998
2018-10-02,14:00,839.9,25.8,2018-10,2018,10,799.1071428571429,24.474999999999998
2018-10-02,15:00,1935.9,26.7,2018-10,2018,10,799.1071428571429,24.474999999999998
2018-10-02,16:00,1138.4,25.5,2018-10,2018,10,799.1071428571429,24.474999999999998
2018-10-02,17:00,3146.8,26.9,2018-10,2018,10,799.1071428571429,24.474999999999998
2018-10-02,18:00,1214.9,28.0,2018-10,2018,10,799.1071428571429,24.474999999999998
2018-10-02,19:00,476.9,25.4,2018-10,2018,10,799.1071428571429,24.474999999999998
2018-10-02,20:00,585.1,26.2,2018-10,2018,10,799.1071428571429,24.474999999999998
2018-10-02,21:00,485.0,26.5,2018-10,2018,10,799.1071428571429,24.474999999999998
2018-10-02,22:00,85.7,24.0,2018-10,2018,10,799.1071428571429,24.474999999999998
2018-11-02,01:00,0.0,22.3,2018-11,2018,11,1306.7142857142858,24.175
2018-11-02,10:00,1.8,21.7,2018-11,2018,11,1306.7142857142858,24.175
2018-11-02,11:00,110.5,21.8,2018-11,2018,11,1306.7142857142858,24.175
2018-11-02,12:00,435.8,22.4,2018-11,2018,11,1306.7142857142858,24.175
2018-11-02,13:00,834.5,23.9,2018-11,2018,11,1306.7142857142858,24.175
2018-11-02,14:00,965.1,24.2,2018-11,2018,11,1306.7142857142858,24.175
2018-11-02,15:00,1722.0,24.5,2018-11,2018,11,1306.7142857142858,24.175
2018-11-02,16:00,2977.2,26.9,2018-11,2018,11,1306.7142857142858,24.175
2018-11-02,17:00,3425.8,28.7,2018-11,2018,11,1306.7142857142858,24.175
2018-11-02,18:00,2423.1,28.8,2018-11,2018,11,1306.7142857142858,24.175
2018-11-02,19:00,2411.1,28.7,2018-11,2018,11,1306.7142857142858,24.175
2018-11-02,20:00,1695.8,27.8,2018-11,2018,11,1306.7142857142858,24.175
2018-11-02,21:00,1083.4,28.1,2018-11,2018,11,1306.7142857142858,24.175
2018-11-02,22:00,207.9,26.6,2018-11,2018,11,1306.7142857142858,24.175
2018-12-02,09:00,0.3,22.6,2018-12,2018,12,1615.1285714285714,26.400000000000002
2018-12-02,10:00,3.9,22.7,2018-12,2018,12,1615.1285714285714,26.400000000000002
2018-12-02,11:00,148.1,22.9,2018-12,2018,12,1615.1285714285714,26.400000000000002
2018-12-02,12:00,676.1,24.2,2018-12,2018,12,1615.1285714285714,26.400000000000002
2018-12-02,13:00,1235.1,25.3,2018-12,2018,12,1615.1285714285714,26.400000000000002
2018-12-02,14:00,1982.5,26.9,2018-12,2018,12,1615.1285714285714,26.400000000000002
2018-12-02,15:00,2849.5,29.0,2018-12,2018,12,1615.1285714285714,26.400000000000002
2018-12-02,16:00,3179.9,29.2,2018-12,2018,12,1615.1285714285714,26.400000000000002
2018-12-02,17:00,3091.8,31.5,2018-12,2018,12,1615.1285714285714,26.400000000000002
2018-12-02,18:00,2950.9,31.8,2018-12,2018,12,1615.1285714285714,26.400000000000002
2018-12-02,19:00,2656.2,31.8,2018-12,2018,12,1615.1285714285714,26.400000000000002
2018-12-02,20:00,2229.6,32.0,2018-12,2018,12,1615.1285714285714,26.400000000000002
2018-12-02,21:00,1181.2,31.3,2018-12,2018,12,1615.1285714285714,26.400000000000002
2018-12-02,22:00,426.7,29.7,2018-12,2018,12,1615.1285714285714,26.400000000000002
2018-01-03,10:00,1.5,22.7,2018-01,2018,1,1729.8153846153846,26.770833333333332
2018-01-03,11:00,370.3,24.8,2018-01,2018,1,1729.8153846153846,26.770833333333332
2018-01-03,12:00,1216.8,27.6,2018-01,2018,1,1729.8153846153846,26.770833333333332
2018-01-03,13:00,2122.1,29.3,2018-01,2018,1,1729.8153846153846,26.770833333333332
2018-01-03,14:00,2466.7,30.0,2018-01,2018,1,1729.8153846153846,26.770833333333332
2018-01-03,15:00,3268.4,31.9,2018-01,2018,1,1729.8153846153846,26.770833333333332
2018-01-03,16:00,3689.1,32.5,2018-01,2018,1,1729.8153846153846,26.770833333333332
2018-01-03,17:00,2826.2,32.7,2018-01,2018,1,1729.8153846153846,26.770833333333332
2018-01-03,18:00,1465.1,24.5,2018-01,2018,1,1729.8153846153846,26.770833333333332
2018-01-03,19:00,2614.6,30.9,2018-01,2018,1,1729.8153846153846,26.770833333333332
2018-01-03,20:00,1401.1,29.9,2018-01,2018,1,1729.8153846153846,26.770833333333332
2018-01-03,21:00,862.6,29.8,2018-01,2018,1,1729.8153846153846,26.770833333333332
2018-01-03,22:00,183.1,28.8,2018-01,2018,1,1729.8153846153846,26.770833333333332
2018-02-03,10:00,1.1,22.6,2018-02,2018,2,1847.6923076923076,27.208333333333332
2018-02-03,11:00,196.0,23.6,2018-02,2018,2,1847.6923076923076,27.208333333333332
2018-02-03,12:00,966.7,25.1,2018-02,2018,2,1847.6923076923076,27.208333333333332
2018-02-03,13:00,1851.9,27.8,2018-02,2018,2,1847.6923076923076,27.208333333333332
2018-02-03,14:00,2753.2,29.9,2018-02,2018,2,1847.6923076923076,27.208333333333332
2018-02-03,15:00,3106.1,30.5,2018-02,2018,2,1847.6923076923076,27.208333333333332
2018-02-03,16:00,3241.8,31.5,2018-02,2018,2,1847.6923076923076,27.208333333333332
2018-02-03,17:00,3329.6,31.9,2018-02,2018,2,1847.6923076923076,27.208333333333332
2018-02-03,18:00,2680.2,32.3,2018-02,2018,2,1847.6923076923076,27.208333333333332
2018-02-03,19:00,2737.5,32.9,2018-02,2018,2,1847.6923076923076,27.208333333333332
2018-02-03,20:00,1904.3,31.6,2018-02,2018,2,1847.6923076923076,27.208333333333332
2018-02-03,21:00,937.4,31.3,2018-02,2018,2,1847.6923076923076,27.208333333333332
2018-02-03,22:00,314.2,29.8,2018-02,2018,2,1847.6923076923076,27.208333333333332
2018-03-03,10:00,4.2,22.4,2018-03,2018,3,1971.3000000000002,27.808333333333334
2018-03-03,11:00,467.2,25.0,2018-03,2018,3,1971.3000000000002,27.808333333333334
2018-03-03,12:00,1305.3,27.0,2018-03,2018,3,1971.3000000000002,27.808333333333334
2018-03-03,13:00,2097.9,29.5,2018-03,2018,3,1971.3000000000002,27.808333333333334
2018-03-03,14:00,2728.5,30.7,2018-03,2018,3,1971.3000000000002,27.808333333333334
2018-03-03,15:00,3228.8,31.9,2018-03,2018,3,1971.3000000000002,27.808333333333334
2018-03-03,16:00,3299.9,31.8,2018-03,2018,3,1971.3000000000002,27.808333333333334
2018-03-03,17:00,3372.0,33.0,2018-03,2018,3,1971.3000000000002,27.808333333333334
2018-03-03,18:00,2853.0,32.1,2018-03,2018,3,1971.3000000000002,27.808333333333334
2018-03-03,19:00,2771.1,33.4,2018-03,2018,3,1971.3000000000002,27.808333333333334
2018-03-03,20:00,1933.4,33.4,2018-03,2018,3,1971.3000000000002,27.808333333333334
2018-03-03,21:00,1222.2,32.4,2018-03,2018,3,1971.3000000000002,27.808333333333334
2018-03-03,22:00,343.4,30.4,2018-03,2018,3,1971.3000000000002,27.808333333333334
2018-04-03,10:00,5.9,23.9,2018-04,2018,4,1724.6846153846154,28.554166666666664
2018-04-03,11:00,392.0,26.8,2018-04,2018,4,1724.6846153846154,28.554166666666664
2018-04-03,12:00,1385.2,29.1,2018-04,2018,4,1724.6846153846154,28.554166666666664
2018-04-03,13:00,2053.7,30.5,2018-04,2018,4,1724.6846153846154,28.554166666666664
2018-04-03,14:00,2700.6,32.1,2018-04,2018,4,1724.6846153846154,28.554166666666664
2018-04-03,15:00,2650.8,31.3,2018-04,2018,4,1724.6846153846154,28.554166666666664
2018-04-03,16:00,3053.8,33.8,2018-04,2018,4,1724.6846153846154,28.554166666666664
2018-04-03,17:00,3512.7,33.7,2018-04,2018,4,1724.6846153846154,28.554166666666664
2018-04-03,18:00,2016.1,33.9,2018-04,2018,4,1724.6846153846154,28.554166666666664
2018-04-03,19:00,1439.4,33.3,2018-04,2018,4,1724.6846153846154,28.554166666666664
2018-04-03,20:00,1675.2,33.7,2018-04,2018,4,1724.6846153846154,28.554166666666664
2018-04-03,21:00,1318.4,32.1,2018-04,2018,4,1724.6846153846154,28.554166666666664
2018-04-03,22:00,217.1,29.5,2018-04,2018,4,1724.6846153846154,28.554166666666664
2018-05-03,10:00,2.6,23.3,2018-05,2018,5,1738.723076923077,27.666666666666668
2018-05-03,11:00,381.6,24.6,2018-05,2018,5,1738.723076923077,27.666666666666668
2018-05-03,12:00,1151.1,26.9,2018-05,2018,5,1738.723076923077,27.666666666666668
2018-05-03,13:00,1806.6,28.2,2018-05,2018,5,1738.723076923077,27.666666666666668
2018-05-03,14:00,2524.3,30.1,2018-05,2018,5,1738.723076923077,27.666666666666668
2018-05-03,15:00,2929.0,31.8,2018-05,2018,5,1738.723076923077,27.666666666666668
2018-05-03,16:00,3121.2,33.5,2018-05,2018,5,1738.723076923077,27.666666666666668
2018-05-03,17:00,3203.0,33.1,2018-05,2018,5,1738.723076923077,27.666666666666668
2018-05-03,18:00,3125.4,33.8,2018-05,2018,5,1738.723076923077,27.666666666666668
2018-05-03,19:00,1998.6,30.3,2018-05,2018,5,1738.723076923077,27.666666666666668
2018-05-03,20:00,1353.9,31.3,2018-05,2018,5,1738.723076923077,27.666666666666668
2018-05-03,21:00,916.2,30.4,2018-05,2018,5,1738.723076923077,27.666666666666668
2018-05-03,22:00,89.9,29.6,2018-05,2018,5,1738.723076923077,27.666666666666668
2018-06-03,10:00,3.5,23.1,2018-06,2018,6,1331.5153846153846,27.245833333333334
2018-06-03,11:00,414.1,25.7,2018-06,2018,6,1331.5153846153846,27.245833333333334
2018-06-03,12:00,1179.2,27.6,2018-06,2018,6,1331.5153846153846,27.245833333333334
2018-06-03,13:00,1688.6,29.8,2018-06,2018,6,1331.5153846153846,27.245833333333334
2018-06-03,14:00,2600.8,31.1,2018-06,2018,6,1331.5153846153846,27.245833333333334
2018-06-03,15:00,1080.2,30.8,2018-06,2018,6,1331.5153846153846,27.245833333333334
2018-06-03,16:00,2631.4,33.3,2018-06,2018,6,1331.5153846153846,27.245833333333334
2018-06-03,17:00,2631.7,32.5,2018-06,2018,6,1331.5153846153846,27.245833333333334
2018-06-03,18:00,1645.8,33.7,2018-06,2018,6,1331.5153846153846,27.245833333333334
2018-06-03,19:00,1151.3,34.7,2018-06,2018,6,1331.5153846153846,27.245833333333334
2018-06-03,20:00,1839.8,33.4,2018-06,2018,6,1331.5153846153846,27.245833333333334
2018-06-03,21:00,297.9,26.0,2018-06,2018,6,1331.5153846153846,27.245833333333334
2018-06-03,22:00,145.4,25.5,2018-06,2018,6,1331.5153846153846,27.245833333333334
2018-07-03,10:00,1.1,22.2,2018-07,2018,7,995.9769230769232,25.191666666666666
2018-07-03,11:00,217.4,22.9,2018-07,2018,7,995.9769230769232,25.191666666666666
2018-07-03,12:00,290.5,22.8,2018-07,2018,7,995.9769230769232,25.191666666666666
2018-07-03,13:00,621.7,23.7,2018-07,2018,7,995.9769230769232,25.191666666666666
2018-07-03,14:00,656.1,24.1,2018-07,2018,7,995.9769230769232,25.191666666666666
2018-07-03,15:00,1253.5,25.1,2018-07,2018,7,995.9769230769232,25.191666666666666
2018-07-03,16:00,1925.6,27.5,2018-07,2018,7,995.9769230769232,25.191666666666666
2018-07-03,17:00,2501.4,28.4,2018-07,2018,7,995.9769230769232,25.191666666666666
2018-07-03,18:00,1832.5,29.4,2018-07,2018,7,995.9769230769232,25.191666666666666
2018-07-03,19:00,1484.6,28.5,2018-07,2018,7,995.9769230769232,25.191666666666666
2018-07-03,20:00,1341.3,28.5,2018-07,2018,7,995.9769230769232,25.191666666666666
2018-07-03,21:00,671.4,27.6,2018-07,2018,7,995.9769230769232,25.191666666666666
2018-07-03,22:00,150.6,26.5,2018-07,2018,7,995.9769230769232,25.191666666666666
2018-08-03,10:00,1.2,22.5,2018-08,2018,8,1473.6153846153845,26.5125
2018-08-03,11:00,248.8,23.1,2018-08,2018,8,1473.6153846153845,26.5125
2018-08-03,12:00,622.4,24.5,2018-08,2018,8,1473.6153846153845,26.5125
2018-08-03,13:00,1283.6,26.1,2018-08,2018,8,1473.6153846153845,26.5125
2018-08-03,14:00,2201.6,28.4,2018-08,2018,8,1473.6153846153845,26.5125
2018-08-03,15:00,1766.7,28.3,2018-08,2018,8,1473.6153846153845,26.5125
2018-08-03,16:00,2110.9,29.4,2018-08,2018,8,1473.6153846153845,26.5125
2018-08-03,17:00,2133.5,30.8,2018-08,2018,8,1473.6153846153845,26.5125
2018-08-03,18:00,2899.5,31.9,2018-08,2018,8,1473.6153846153845,26.5125
2018-08-03,19:00,2691.1,32.8,2018-08,2018,8,1473.6153846153845,26.5125
2018-08-03,20:00,1967.2,32.4,2018-08,2018,8,1473.6153846153845,26.5125
2018-08-03,21:00,1024.1,31.6,2018-08,2018,8,1473.6153846153845,26.5125
2018-08-03,22:00,206.4,29.7,2018-08,2018,8,1473.6153846153845,26.5125
2018-09-03,11:00,146.3,23.7,2018-09,2018,9,1476.3583333333333,26.5125
2018-09-03,12:00,589.0,25.0,2018-09,2018,9,1476.3583333333333,26.5125
2018-09-03,13:00,1134.6,27.5,2018-09,2018,9,1476.3583333333333,26.5125
2018-09-03,14:00,2042.9,28.7,2018-09,2018,9,1476.3583333333333,26.5125
2018-09-03,15:00,2333.7,30.7,2018-09,2018,9,1476.3583333333333,26.5125
2018-09-03,16:00,3053.1,31.4,2018-09,2018,9,1476.3583333333333,26.5125
2018-09-03,17:00,3224.6,33.7,2018-09,2018,9,1476.3583333333333,26.5125
2018-09-03,18:00,2812.4,34.7,2018-09,2018,9,1476.3583333333333,26.5125
2018-09-03,19:00,1876.1,27.3,2018-09,2018,9,1476.3583333333333,26.5125
2018-09-03,20:00,173.2,24.4,2018-09,2018,9,1476.3583333333333,26.5125
2018-09-03,21:00,254.6,24.2,2018-09,2018,9,1476.3583333333333,26.5125
2018-09-03,22:00,75.8,24.1,2018-09,2018,9,1476.3583333333333,26.5125
2018-10-03,11:00,78.3,23.7,2018-10,2018,10,982.2916666666666,25.020833333333332
2018-10-03,12:00,255.7,24.4,2018-10,2018,10,982.2916666666666,25.020833333333332
2018-10-03,13:00,332.0,24.9,2018-10,2018,10,982.2916666666666,25.020833333333332
2018-10-03,14:00,1080.5,27.0,2018-10,2018,10,982.2916666666666,25.020833333333332
2018-10-03,15:00,1558.4,27.9,2018-10,2018,10,982.2916666666666,25.020833333333332
2018-10-03,16:00,2445.6,29.8,2018-10,2018,10,982.2916666666666,25.020833333333332
2018-10-03,17:00,2791.1,30.9,2018-10,2018,10,982.2916666666666,25.020833333333332
2018-10-03,18:00,895.3,24.4,2018-10,2018,10,982.2916666666666,25.020833333333332
2018-10-03,19:00,919.1,26.4,2018-10,2018,10,982.2916666666666,25.020833333333332
2018-10-03,20:00,926.3,26.1,2018-10,2018,10,982.2916666666666,25.020833333333332
2018-10-03,21:00,390.1,25.4,2018-10,2018,10,982.2916666666666,25.020833333333332
2018-10-03,22:00,115.1,25.1,2018-10,2018,10,982.2916666666666,25.020833333333332
2018-11-03,10:00,1.1,22.8,2018-11,2018,11,1308.9384615384615,25.583333333333332
2018-11-03,11:00,171.2,23.2,2018-11,2018,11,1308.9384615384615,25.583333333333332
2018-11-03,12:00,709.6,24.4,2018-11,2018,11,1308.9384615384615,25.583333333333332
2018-11-03,13:00,1397.5,26.5,2018-11,2018,11,1308.9384615384615,25.583333333333332
2018-11-03,14:00,1682.9,27.8,2018-11,2018,11,1308.9384615384615,25.583333333333332
2018-11-03,15:00,2181.3,29.6,2018-11,2018,11,1308.9384615384615,25.583333333333332
2018-11-03,16:00,2484.2,29.1,2018-11,2018,11,1308.9384615384615,25.583333333333332
2018-11-03,17:00,2526.2,30.5,2018-11,2018,11,1308.9384615384615,25.583333333333332
2018-11-03,18:00,2583.2,31.5,2018-11,2018,11,1308.9384615384615,25.583333333333332
2018-11-03,19:00,1278.5,27.5,2018-11,2018,11,1308.9384615384615,25.583333333333332
2018-11-03,20:00,1581.6,28.3,2018-11,2018,11,1308.9384615384615,25.583333333333332
2018-11-03,21:00,385.3,26.1,2018-11,2018,11,1308.9384615384615,25.583333333333332
2018-11-03,22:00,33.6,25.3,2018-11,2018,11,1308.9384615384615,25.583333333333332
2018-12-03,10:00,1.1,23.3,2018-12,2018,12,951.8692307692307,25.075
2018-12-03,11:00,168.8,23.9,2018-12,2018,12,951.8692307692307,25.075
2018-12-03,12:00,521.5,24.8,2018-12,2018,12,951.8692307692307,25.075
2018-12-03,13:00,736.3,25.7,2018-12,2018,12,951.8692307692307,25.075
2018-12-03,14:00,1310.8,27.1,2018-12,2018,12,951.8692307692307,25.075
2018-12-03,15:00,1883.9,28.0,2018-12,2018,12,951.8692307692307,25.075
2018-12-03,16:00,2530.6,29.3,2018-12,2018,12,951.8692307692307,25.075
2018-12-03,17:00,2139.0,31.2,2018-12,2018,12,951.8692307692307,25.075
2018-12-03,18:00,1763.6,29.2,2018-12,2018,12,951.8692307692307,25.075
2018-12-03,19:00,777.5,27.5,2018-12,2018,12,951.8692307692307,25.075
2018-12-03,20:00,349.5,26.1,2018-12,2018,12,951.8692307692307,25.075
2018-12-03,21:00,126.1,23.9,2018-12,2018,12,951.8692307692307,25.075
2018-12-03,22:00,65.6,23.8,2018-12,2018,12,951.8692307692307,25.075
2018-01-04,10:00,2.1,22.7,2018-01,2018,1,1151.8538461538462,24.875
2018-01-04,11:00,219.7,23.0,2018-01,2018,1,1151.8538461538462,24.875
2018-01-04,12:00,830.4,25.9,2018-01,2018,1,1151.8538461538462,24.875
2018-01-04,13:00,1426.1,26.5,2018-01,2018,1,1151.8538461538462,24.875
2018-01-04,14:00,1122.4,26.0,2018-01,2018,1,1151.8538461538462,24.875
2018-01-04,15:00,1702.4,28.3,2018-01,2018,1,1151.8538461538462,24.875
2018-01-04,16:00,3172.4,29.7,2018-01,2018,1,1151.8538461538462,24.875
2018-01-04,17:00,2902.1,29.3,2018-01,2018,1,1151.8538461538462,24.875
2018-01-04,18:00,2123.6,28.9,2018-01,2018,1,1151.8538461538462,24.875
2018-01-04,19:00,815.1,28.9,2018-01,2018,1,1151.8538461538462,24.875
2018-01-04,20:00,441.7,25.5,2018-01,2018,1,1151.8538461538462,24.875
2018-01-04,21:00,193.7,24.1,2018-01,2018,1,1151.8538461538462,24.875
2018-01-04,22:00,22.4,23.6,2018-01,2018,1,1151.8538461538462,24.875
2018-02-04,10:00,3.9,21.7,2018-02,2018,2,1485.8000000000002,25.462500000000002
2018-02-04,11:00,159.2,22.0,2018-02,2018,2,1485.8000000000002,25.462500000000002
2018-02-04,12:00,680.0,23.1,2018-02,2018,2,1485.8000000000002,25.462500000000002
2018-02-04,13:00,2053.5,26.7,2018-02,2018,2,1485.8000000000002,25.462500000000002
2018-02-04,14:00,1999.3,28.0,2018-02,2018,2,1485.8000000000002,25.462500000000002
2018-02-04,15:00,1864.3,28.9,2018-02,2018,2,1485.8000000000002,25.462500000000002
2018-02-04,16:00,2505.7,29.5,2018-02,2018,2,1485.8000000000002,25.462500000000002
2018-02-04,17:00,2826.0,30.2,2018-02,2018,2,1485.8000000000002,25.462500000000002
2018-02-04,18:00,2410.9,30.2,2018-02,2018,2,1485.8000000000002,25.462500000000002
2018-02-04,19:00,1841.1,30.9,2018-02,2018,2,1485.8000000000002,25.462500000000002
2018-02-04,20:00,1879.4,30.7,2018-02,2018,2,1485.8000000000002,25.462500000000002
2018-02-04,21:00,1068.5,29.3,2018-02,2018,2,1485.8000000000002,25.462500000000002
2018-02-04,22:00,23.6,27.8,2018-02,2018,2,1485.8000000000002,25.462500000000002
2018-03-04,10:00,2.0,22.2,2018-03,2018,3,1413.2230769230769,26.429166666666664
2018-03-04,11:00,271.1,23.7,2018-03,2018,3,1413.2230769230769,26.429166666666664
2018-03-04,12:00,1217.6,25.9,2018-03,2018,3,1413.2230769230769,26.429166666666664
2018-03-04,13:00,1988.6,28.2,2018-03,2018,3,1413.2230769230769,26.429166666666664
2018-03-04,14:00,2405.7,30.1,2018-03,2018,3,1413.2230769230769,26.429166666666664
2018-03-04,15:00,2320.2,31.3,2018-03,2018,3,1413.2230769230769,26.429166666666664
2018-03-04,16:00,1156.3,27.8,2018-03,2018,3,1413.2230769230769,26.429166666666664
2018-03-04,17:00,2965.0,31.1,2018-03,2018,3,1413.2230769230769,26.429166666666664
2018-03-04,18:00,2713.5,31.9,2018-03,2018,3,1413.2230769230769,26.429166666666664
2018-03-04,19:00,1441.3,29.0,2018-03,2018,3,1413.2230769230769,26.429166666666664
2018-03-04,20:00,1525.9,29.7,2018-03,2018,3,1413.2230769230769,26.429166666666664
2018-03-04,21:00,313.8,28.4,2018-03,2018,3,1413.2230769230769,26.429166666666664
2018-03-04,22:00,50.9,27.2,2018-03,2018,3,1413.2230769230769,26.429166666666664
2018-04-04,11:00,127.6,23.8,2018-04,2018,4,778.7083333333334,24.445833333333336
2018-04-04,12:00,417.9,25.0,2018-04,2018,4,778.7083333333334,24.445833333333336
2018-04-04,13:00,895.5,25.9,2018-04,2018,4,778.7083333333334,24.445833333333336
2018-04-04,14:00,1683.2,27.9,2018-04,2018,4,778.7083333333334,24.445833333333336
2018-04-04,15:00,2242.2,30.2,2018-04,2018,4,778.7083333333334,24.445833333333336
2018-04-04,16:00,3016.5,31.2,2018-04,2018,4,778.7083333333334,24.445833333333336
2018-04-04,17:00,652.3,25.1,2018-04,2018,4,778.7083333333334,24.445833333333336
2018-04-04,18:00,43.2,22.3,2018-04,2018,4,778.7083333333334,24.445833333333336
2018-04-04,19:00,48.8,22.2,2018-04,2018,4,778.7083333333334,24.445833333333336
2018-04-04,20:00,77.8,22.2,2018-04,2018,4,778.7083333333334,24.445833333333336
2018-04-04,21:00,118.4,22.6,2018-04,2018,4,778.7083333333334,24.445833333333336
2018-04-04,22:00,21.1,22.7,2018-04,2018,4,778.7083333333334,24.445833333333336
2018-05-04,10:00,2.8,20.5,2018-05,2018,5,1510.5923076923077,25.125
2018-05-04,11:00,273.9,21.3,2018-05,2018,5,1510.5923076923077,25.125
2018-05-04,12:00,954.6,22.6,2018-05,2018,5,1510.5923076923077,25.125
2018-05-04,13:00,1658.4,25.7,2018-05,2018,5,1510.5923076923077,25.125
2018-05-04,14:00,1876.0,27.3,2018-05,2018,5,1510.5923076923077,25.125
2018-05-04,15:00,2914.3,28.7,2018-05,2018,5,1510.5923076923077,25.125
2018-05-04,16:00,2911.9,30.9,2018-05,2018,5,1510.5923076923077,25.125
2018-05-04,17:00,2364.2,30.9,2018-05,2018,5,1510.5923076923077,25.125
2018-05-04,18:00,2597.3,31.0,2018-05,2018,5,1510.5923076923077,25.125
2018-05-04,19:00,1860.4,31.3,2018-05,2018,5,1510.5923076923077,25.125
2018-05-04,20:00,1347.6,31.4,2018-05,2018,5,1510.5923076923077,25.125
2018-05-04,21:00,837.7,29.4,2018-05,2018,5,1510.5923076923077,25.125
2018-05-04,22:00,38.6,28.4,2018-05,2018,5,1510.5923076923077,25.125
2018-06-04,11:00,14.2,22.5,2018-06,2018,6,1171.55,25.587500000000002
2018-06-04,12:00,110.2,22.8,2018-06,2018,6,1171.55,25.587500000000002
2018-06-04,13:00,519.4,24.1,2018-06,2018,6,1171.55,25.587500000000002
2018-06-04,14:00,1237.6,25.3,2018-06,2018,6,1171.55,25.587500000000002
2018-06-04,15:00,1828.4,27.0,2018-06,2018,6,1171.55,25.587500000000002
2018-06-04,16:00,1652.4,28.2,2018-06,2018,6,1171.55,25.587500000000002
2018-06-04,17:00,2034.3,29.3,2018-06,2018,6,1171.55,25.587500000000002
2018-06-04,18:00,2426.9,29.4,2018-06,2018,6,1171.55,25.587500000000002
2018-06-04,19:00,1886.6,31.0,2018-06,2018,6,1171.55,25.587500000000002
2018-06-04,20:00,1385.5,29.8,2018-06,2018,6,1171.55,25.587500000000002
2018-06-04,21:00,924.5,28.2,2018-06,2018,6,1171.55,25.587500000000002
2018-06-04,22:00,38.6,26.8,2018-06,2018,6,1171.55,25.587500000000002
2018-07-04,10:00,3.2,22.0,2018-07,2018,7,1149.2615384615385,25.254166666666666
2018-07-04,11:00,189.9,22.4,2018-07,2018,7,1149.2615384615385,25.254166666666666
2018-07-04,12:00,1072.7,26.4,2018-07,2018,7,1149.2615384615385,25.254166666666666
2018-07-04,13:00,1955.7,28.2,2018-07,2018,7,1149.2615384615385,25.254166666666666
2018-07-04,14:00,2276.9,29.6,2018-07,2018,7,1149.2615384615385,25.254166666666666
2018-07-04,15:00,1831.0,28.8,2018-07,2018,7,1149.2615384615385,25.254166666666666
2018-07-04,16:00,2340.1,30.7,2018-07,2018,7,1149.2615384615385,25.254166666666666
2018-07-04,17:00,2408.3,29.3,2018-07,2018,7,1149.2615384615385,25.254166666666666
2018-07-04,18:00,1464.9,29.1,2018-07,2018,7,1149.2615384615385,25.254166666666666
2018-07-04,19:00,347.9,23.2,2018-07,2018,7,1149.2615384615385,25.254166666666666
2018-07-04,20:00,747.6,26.6,2018-07,2018,7,1149.2615384615385,25.254166666666666
2018-07-04,21:00,282.6,26.0,2018-07,2018,7,1149.2615384615385,25.254166666666666
2018-07-04,22:00,19.6,25.0,2018-07,2018,7,1149.2615384615385,25.254166666666666
2018-08-04,08:00,0.2,21.5,2018-08,2018,8,759.2214285714286,24.2
2018-08-04,10:00,6.1,21.9,2018-08,2018,8,759.2214285714286,24.2
2018-08-04,11:00,175.9,21.7,2018-08,2018,8,759.2214285714286,24.2
2018-08-04,12:00,391.7,22.6,2018-08,2018,8,759.2214285714286,24.2
2018-08-04,13:00,778.2,23.6,2018-08,2018,8,759.2214285714286,24.2
2018-08-04,14:00,1285.7,25.6,2018-08,2018,8,759.2214285714286,24.2
2018-08-04,15:00,2069.4,28.2,2018-08,2018,8,759.2214285714286,24.2
2018-08-04,16:00,2093.2,28.2,2018-08,2018,8,759.2214285714286,24.2
2018-08-04,17:00,2362.1,28.0,2018-08,2018,8,759.2214285714286,24.2
2018-08-04,18:00,855.5,25.7,2018-08,2018,8,759.2214285714286,24.2
2018-08-04,19:00,387.8,25.2,2018-08,2018,8,759.2214285714286,24.2
2018-08-04,20:00,133.1,24.7,2018-08,2018,8,759.2214285714286,24.2
2018-08-04,21:00,76.2,24.2,2018-08,2018,8,759.2214285714286,24.2
2018-08-04,22:00,14.0,23.6,2018-08,2018,8,759.2214285714286,24.2
2018-09-04,10:00,1.5,22.3,2018-09,2018,9,1072.123076923077,24.954166666666666
2018-09-04,11:00,146.8,22.8,2018-09,2018,9,1072.123076923077,24.954166666666666
2018-09-04,12:00,838.4,24.4,2018-09,2018,9,1072.123076923077,24.954166666666666
2018-09-04,13:00,1400.7,26.5,2018-09,2018,9,1072.123076923077,24.954166666666666
2018-09-04,14:00,1963.8,27.6,2018-09,2018,9,1072.123076923077,24.954166666666666
2018-09-04,15:00,1062.6,27.7,2018-09,2018,9,1072.123076923077,24.954166666666666
2018-09-04,16:00,1674.2,29.0,2018-09,2018,9,1072.123076923077,24.954166666666666
2018-09-04,17:00,2838.5,30.5,2018-09,2018,9,1072.123076923077,24.954166666666666
2018-09-04,18:00,1371.2,29.1,2018-09,2018,9,1072.123076923077,24.954166666666666
2018-09-04,19:00,1605.9,29.2,2018-09,2018,9,1072.123076923077,24.954166666666666
2018-09-04,20:00,452.7,27.3,2018-09,2018,9,1072.123076923077,24.954166666666666
2018-09-04,21:00,516.0,25.5,2018-09,2018,9,1072.123076923077,24.954166666666666
2018-09-04,22:00,65.3,25.1,2018-09,2018,9,1072.123076923077,24.954166666666666
2018-10-04,10:00,4.5,22.3,2018-10,2018,10,1016.7692307692307,24.9375
2018-10-04,11:00,160.5,22.5,2018-10,2018,10,1016.7692307692307,24.9375
2018-10-04,12:00,783.0,23.9,2018-10,2018,10,1016.7692307692307,24.9375
2018-10-04,13:00,1656.2,26.6,2018-10,2018,10,1016.7692307692307,24.9375
2018-10-04,14:00,1509.8,28.2,2018-10,2018,10,1016.7692307692307,24.9375
2018-10-04,15:00,2076.2,28.9,2018-10,2018,10,1016.7692307692307,24.9375
2018-10-04,16:00,1035.6,25.9,2018-10,2018,10,1016.7692307692307,24.9375
2018-10-04,17:00,936.0,25.5,2018-10,2018,10,1016.7692307692307,24.9375
2018-10-04,18:00,2624.7,29.3,2018-10,2018,10,1016.7692307692307,24.9375
2018-10-04,19:00,880.9,27.4,2018-10,2018,10,1016.7692307692307,24.9375
2018-10-04,20:00,759.2,27.3,2018-10,2018,10,1016.7692307692307,24.9375
2018-10-04,21:00,757.8,27.1,2018-10,2018,10,1016.7692307692307,24.9375
2018-10-04,22:00,33.6,25.6,2018-10,2018,10,1016.7692307692307,24.9375
2018-11-04,10:00,3.8,22.2,2018-11,2018,11,1510.7692307692307,25.34166666666667
2018-11-04,11:00,298.0,23.4,2018-11,2018,11,1510.7692307692307,25.34166666666667
2018-11-04,12:00,753.7,24.3,2018-11,2018,11,1510.7692307692307,25.34166666666667
2018-11-04,13:00,1827.9,27.3,2018-11,2018,11,1510.7692307692307,25.34166666666667
2018-11-04,14:00,2318.9,28.8,2018-11,2018,11,1510.7692307692307,25.34166666666667
2018-11-04,15:00,2305.1,29.0,2018-11,2018,11,1510.7692307692307,25.34166666666667
2018-11-04,16:00,2064.2,26.1,2018-11,2018,11,1510.7692307692307,25.34166666666667
2018-11-04,17:00,2569.1,26.6,2018-11,2018,11,1510.7692307692307,25.34166666666667
2018-11-04,18:00,2740.2,29.8,2018-11,2018,11,1510.7692307692307,25.34166666666667
2018-11-04,19:00,2627.2,30.7,2018-11,2018,11,1510.7692307692307,25.34166666666667
2018-11-04,20:00,1326.9,27.5,2018-11,2018,11,1510.7692307692307,25.34166666666667
2018-11-04,21:00,778.3,27.4,2018-11,2018,11,1510.7692307692307,25.34166666666667
2018-11-04,22:00,26.7,26.1,2018-11,2018,11,1510.7692307692307,25.34166666666667
2018-12-04,10:00,2.8,20.5,2018-12,2018,12,1379.9769230769232,24.670833333333334
2018-12-04,11:00,476.6,23.5,2018-12,2018,12,1379.9769230769232,24.670833333333334
2018-12-04,12:00,1161.6,25.1,2018-12,2018,12,1379.9769230769232,24.670833333333334
2018-12-04,13:00,1697.0,25.9,2018-12,2018,12,1379.9769230769232,24.670833333333334
2018-12-04,14:00,1142.1,24.9,2018-12,2018,12,1379.9769230769232,24.670833333333334
2018-12-04,15:00,2505.2,27.5,2018-12,2018,12,1379.9769230769232,24.670833333333334
2018-12-04,16:00,2320.2,27.5,2018-12,2018,12,1379.9769230769232,24.670833333333334
2018-12-04,17:00,2616.6,28.7,2018-12,2018,12,1379.9769230769232,24.670833333333334
2018-12-04,18:00,2303.2,28.7,2018-12,2018,12,1379.9769230769232,24.670833333333334
2018-12-04,19:00,1119.7,28.7,2018-12,2018,12,1379.9769230769232,24.670833333333334
2018-12-04,20:00,1631.3,29.4,2018-12,2018,12,1379.9769230769232,24.670833333333334
2018-12-04,21:00,918.6,27.9,2018-12,2018,12,1379.9769230769232,24.670833333333334
2018-12-04,22:00,44.8,26.4,2018-12,2018,12,1379.9769230769232,24.670833333333334
2018-01-05,10:00,1.7,23.0,2018-01,2018,1,1301.1846153846154,26.816666666666666
2018-01-05,11:00,194.5,24.4,2018-01,2018,1,1301.1846153846154,26.816666666666666
2018-01-05,12:00,1002.5,27.2,2018-01,2018,1,1301.1846153846154,26.816666666666666
2018-01-05,13:00,1854.6,30.0,2018-01,2018,1,1301.1846153846154,26.816666666666666
2018-01-05,14:00,2411.4,31.0,2018-01,2018,1,1301.1846153846154,26.816666666666666
2018-01-05,15:00,2651.6,30.1,2018-01,2018,1,1301.1846153846154,26.816666666666666
2018-01-05,16:00,1439.4,30.6,2018-01,2018,1,1301.1846153846154,26.816666666666666
2018-01-05,17:00,2905.1,32.5,2018-01,2018,1,1301.1846153846154,26.816666666666666
2018-01-05,18:00,2134.4,30.9,2018-01,2018,1,1301.1846153846154,26.816666666666666
2018-01-05,19:00,1600.5,31.0,2018-01,2018,1,1301.1846153846154,26.816666666666666
2018-01-05,20:00,502.0,28.5,2018-01,2018,1,1301.1846153846154,26.816666666666666
2018-01-05,21:00,204.2,28.0,2018-01,2018,1,1301.1846153846154,26.816666666666666
2018-01-05,22:00,13.5,26.9,2018-01,2018,1,1301.1846153846154,26.816666666666666
2018-02-05,10:00,1.2,22.0,2018-02,2018,2,1211.5461538461539,26.445833333333336
2018-02-05,11:00,173.7,24.1,2018-02,2018,2,1211.5461538461539,26.445833333333336
2018-02-05,12:00,1084.0,26.8,2018-02,2018,2,1211.5461538461539,26.445833333333336
2018-02-05,13:00,1747.9,28.8,2018-02,2018,2,1211.5461538461539,26.445833333333336
2018-02-05,14:00,2384.6,30.7,2018-02,2018,2,1211.5461538461539,26.445833333333336
2018-02-05,15:00,2811.0,31.6,2018-02,2018,2,1211.5461538461539,26.445833333333336
2018-02-05,16:00,1760.8,31.0,2018-02,2018,2,1211.5461538461539,26.445833333333336
2018-02-05,17:00,1615.7,30.7,2018-02,2018,2,1211.5461538461539,26.445833333333336
2018-02-05,18:00,2004.1,32.0,2018-02,2018,2,1211.5461538461539,26.445833333333336
2018-02-05,19:00,1307.7,30.4,2018-02,2018,2,1211.5461538461539,26.445833333333336
2018-02-05,20:00,476.0,30.1,2018-02,2018,2,1211.5461538461539,26.445833333333336
2018-02-05,21:00,368.2,29.1,2018-02,2018,2,1211.5461538461539,26.445833333333336
2018-02-05,22:00,15.2,27.7,2018-02,2018,2,1211.5461538461539,26.445833333333336
2018-03-05,10:00,1.8,21.4,2018-03,2018,3,1336.3076923076924,26.816666666666666
2018-03-05,11:00,167.8,24.4,2018-03,2018,3,1336.3076923076924,26.816666666666666
2018-03-05,12:00,1085.7,26.4,2018-03,2018,3,1336.3076923076924,26.816666666666666
2018-03-05,13:00,1796.5,29.5,2018-03,2018,3,1336.3076923076924,26.816666666666666
2018-03-05,14:00,2352.1,31.1,2018-03,2018,3,1336.3076923076924,26.816666666666666
2018-03-05,15:00,2705.7,32.2,2018-03,2018,3,1336.3076923076924,26.816666666666666
2018-03-05,16:00,2961.1,32.5,2018-03,2018,3,1336.3076923076924,26.816666666666666
2018-03-05,17:00,2521.2,32.7,2018-03,2018,3,1336.3076923076924,26.816666666666666
2018-03-05,18:00,1319.9,31.5,2018-03,2018,3,1336.3076923076924,26.816666666666666
2018-03-05,19:00,1015.8,30.9,2018-03,2018,3,1336.3076923076924,26.816666666666666
2018-03-05,20:00,974.8,30.7,2018-03,2018,3,1336.3076923076924,26.816666666666666
2018-03-05,21:00,459.9,29.6,2018-03,2018,3,1336.3076923076924,26.816666666666666
2018-03-05,22:00,9.7,28.6,2018-03,2018,3,1336.3076923076924,26.816666666666666
2018-04-05,11:00,83.6,23.4,2018-04,2018,4,944.4749999999999,26.575
2018-04-05,12:00,499.8,26.0,2018-04,2018,4,944.4749999999999,26.575
2018-04-05,13:00,804.3,27.3,2018-04,2018,4,944.4749999999999,26.575
2018-04-05,14:00,1098.4,28.5,2018-04,2018,4,944.4749999999999,26.575
2018-04-05,15:00,1510.5,29.7,2018-04,2018,4,944.4749999999999,26.575
2018-04-05,16:00,1974.7,30.6,2018-04,2018,4,944.4749999999999,26.575
2018-04-05,17:00,2272.1,31.1,2018-04,2018,4,944.4749999999999,26.575
2018-04-05,18:00,1730.3,31.0,2018-04,2018,4,944.4749999999999,26.575
2018-04-05,19:00,734.3,30.3,2018-04,2018,4,944.4749999999999,26.575
2018-04-05,20:00,468.7,29.4,2018-04,2018,4,944.4749999999999,26.575
2018-04-05,21:00,153.5,28.5,2018-04,2018,4,944.4749999999999,26.575
2018-04-05,22:00,3.5,27.8,2018-04,2018,4,944.4749999999999,26.575
2018-05-05,10:00,4.7,22.5,2018-05,2018,5,1321.1230769230767,27.02916666666667
2018-05-05,11:00,280.2,24.9,2018-05,2018,5,1321.1230769230767,27.02916666666667
2018-05-05,12:00,1007.9,27.0,2018-05,2018,5,1321.1230769230767,27.02916666666667
2018-05-05,13:00,1620.3,29.6,2018-05,2018,5,1321.1230769230767,27.02916666666667
2018-05-05,14:00,2150.1,30.2,2018-05,2018,5,1321.1230769230767,27.02916666666667
2018-05-05,15:00,1868.7,31.4,2018-05,2018,5,1321.1230769230767,27.02916666666667
2018-05-05,16:00,1919.1,31.9,2018-05,2018,5,1321.1230769230767,27.02916666666667
2018-05-05,17:00,2417.6,33.0,2018-05,2018,5,1321.1230769230767,27.02916666666667
2018-05-05,18:00,2613.1,33.1,2018-05,2018,5,1321.1230769230767,27.02916666666667
2018-05-05,19:00,1827.4,32.7,2018-05,2018,5,1321.1230769230767,27.02916666666667
2018-05-05,20:00,975.9,29.2,2018-05,2018,5,1321.1230769230767,27.02916666666667
2018-05-05,21:00,474.4,27.8,2018-05,2018,5,1321.1230769230767,27.02916666666667
2018-05-05,22:00,15.2,26.3,2018-05,2018,5,1321.1230769230767,27.02916666666667
2018-06-05,11:00,209.7,24.3,2018-06,2018,6,1307.2583333333334,27.2
2018-06-05,12:00,1074.0,26.9,2018-06,2018,6,1307.2583333333334,27.2
2018-06-05,13:00,1774.3,29.7,2018-06,2018,6,1307.2583333333334,27.2
2018-06-05,14:00,2358.0,31.2,2018-06,2018,6,1307.2583333333334,27.2
2018-06-05,15:00,2780.4,31.9,2018-06,2018,6,1307.2583333333334,27.2
2018-06-05,16:00,1578.0,31.7,2018-06,2018,6,1307.2583333333334,27.2
2018-06-05,17:00,1856.1,31.3,2018-06,2018,6,1307.2583333333334,27.2
2018-06-05,18:00,2058.4,33.2,2018-06,2018,6,1307.2583333333334,27.2
2018-06-05,19:00,1180.5,32.3,2018-06,2018,6,1307.2583333333334,27.2
2018-06-05,20:00,653.5,31.3,2018-06,2018,6,1307.2583333333334,27.2
2018-06-05,21:00,153.0,29.7,2018-06,2018,6,1307.2583333333334,27.2
2018-06-05,22:00,11.2,27.8,2018-06,2018,6,1307.2583333333334,27.2
2018-07-05,11:00,224.8,23.9,2018-07,2018,7,1607.8083333333334,26.916666666666668
2018-07-05,12:00,1089.3,26.4,2018-07,2018,7,1607.8083333333334,26.916666666666668
2018-07-05,13:00,1802.0,29.4,2018-07,2018,7,1607.8083333333334,26.916666666666668
2018-07-05,14:00,2386.2,31.2,2018-07,2018,7,1607.8083333333334,26.916666666666668
2018-07-05,15:00,2834.6,32.9,2018-07,2018,7,1607.8083333333334,26.916666666666668
2018-07-05,16:00,2689.8,31.7,2018-07,2018,7,1607.8083333333334,26.916666666666668
2018-07-05,17:00,2175.9,32.0,2018-07,2018,7,1607.8083333333334,26.916666666666668
2018-07-05,18:00,2255.2,32.5,2018-07,2018,7,1607.8083333333334,26.916666666666668
2018-07-05,19:00,2081.3,32.3,2018-07,2018,7,1607.8083333333334,26.916666666666668
2018-07-05,20:00,1278.0,31.9,2018-07,2018,7,1607.8083333333334,26.916666666666668
2018-07-05,21:00,462.5,30.0,2018-07,2018,7,1607.8083333333334,26.916666666666668
2018-07-05,22:00,14.1,28.2,2018-07,2018,7,1607.8083333333334,26.916666666666668
2018-08-05,11:00,215.0,23.6,2018-08,2018,8,1480.125,26.4875
2018-08-05,12:00,1080.6,26.0,2018-08,2018,8,1480.125,26.4875
2018-08-05,13:00,1777.6,29.7,2018-08,2018,8,1480.125,26.4875
2018-08-05,14:00,2361.0,31.1,2018-08,2018,8,1480.125,26.4875
2018-08-05,15:00,2143.2,30.4,2018-08,2018,8,1480.125,26.4875
2018-08-05,16:00,2516.3,32.7,2018-08,2018,8,1480.125,26.4875
2018-08-05,17:00,2517.6,32.5,2018-08,2018,8,1480.125,26.4875
2018-08-05,18:00,2473.2,31.3,2018-08,2018,8,1480.125,26.4875
2018-08-05,19:00,1601.5,31.2,2018-08,2018,8,1480.125,26.4875
2018-08-05,20:00,639.2,31.0,2018-08,2018,8,1480.125,26.4875
2018-08-05,21:00,423.0,29.7,2018-08,2018,8,1480.125,26.4875
2018-08-05,22:00,13.3,27.4,2018-08,2018,8,1480.125,26.4875
2018-09-05,11:00,216.8,23.9,2018-09,2018,9,1375.1416666666667,26.537499999999998
2018-09-05,12:00,1055.9,26.7,2018-09,2018,9,1375.1416666666667,26.537499999999998
2018-09-05,13:00,1744.5,29.1,2018-09,2018,9,1375.1416666666667,26.537499999999998
2018-09-05,14:00,2314.5,31.1,2018-09,2018,9,1375.1416666666667,26.537499999999998
2018-09-05,15:00,2671.4,32.2,2018-09,2018,9,1375.1416666666667,26.537499999999998
2018-09-05,16:00,1696.0,31.3,2018-09,2018,9,1375.1416666666667,26.537499999999998
2018-09-05,17:00,894.2,31.7,2018-09,2018,9,1375.1416666666667,26.537499999999998
2018-09-05,18:00,2589.1,32.8,2018-09,2018,9,1375.1416666666667,26.537499999999998
2018-09-05,19:00,1801.1,30.9,2018-09,2018,9,1375.1416666666667,26.537499999999998
2018-09-05,20:00,1081.0,32.0,2018-09,2018,9,1375.1416666666667,26.537499999999998
2018-09-05,21:00,424.4,29.7,2018-09,2018,9,1375.1416666666667,26.537499999999998
2018-09-05,22:00,12.8,27.9,2018-09,2018,9,1375.1416666666667,26.537499999999998
2018-10-05,11:00,218.0,22.9,2018-10,2018,10,1589.3999999999999,26.604166666666668
2018-10-05,12:00,1050.6,25.9,2018-10,2018,10,1589.3999999999999,26.604166666666668
2018-10-05,13:00,1738.8,29.3,2018-10,2018,10,1589.3999999999999,26.604166666666668
2018-10-05,14:00,2314.9,31.0,2018-10,2018,10,1589.3999999999999,26.604166666666668
2018-10-05,15:00,2725.3,32.2,2018-10,2018,10,1589.3999999999999,26.604166666666668
2018-10-05,16:00,3038.7,32.4,2018-10,2018,10,1589.3999999999999,26.604166666666668
2018-10-05,17:00,2016.5,33.2,2018-10,2018,10,1589.3999999999999,26.604166666666668
2018-10-05,18:00,2182.3,31.4,2018-10,2018,10,1589.3999999999999,26.604166666666668
2018-10-05,19:00,2123.6,32.4,2018-10,2018,10,1589.3999999999999,26.604166666666668
2018-10-05,20:00,1231.1,31.6,2018-10,2018,10,1589.3999999999999,26.604166666666668
2018-10-05,21:00,421.0,29.7,2018-10,2018,10,1589.3999999999999,26.604166666666668
2018-10-05,22:00,12.0,27.9,2018-10,2018,10,1589.3999999999999,26.604166666666668
2018-11-05,11:00,223.7,24.9,2018-11,2018,11,1295.4333333333334,26.45
2018-11-05,12:00,1063.2,27.1,2018-11,2018,11,1295.4333333333334,26.45
2018-11-05,13:00,1769.2,29.8,2018-11,2018,11,1295.4333333333334,26.45
2018-11-05,14:00,2337.5,31.1,2018-11,2018,11,1295.4333333333334,26.45
2018-11-05,15:00,2710.1,32.0,2018-11,2018,11,1295.4333333333334,26.45
2018-11-05,16:00,2256.3,32.2,2018-11,2018,11,1295.4333333333334,26.45
2018-11-05,17:00,2139.8,32.2,2018-11,2018,11,1295.4333333333334,26.45
2018-11-05,18:00,1215.1,32.7,2018-11,2018,11,1295.4333333333334,26.45
2018-11-05,19:00,1361.5,31.1,2018-11,2018,11,1295.4333333333334,26.45
2018-11-05,20:00,259.8,29.7,2018-11,2018,11,1295.4333333333334,26.45
2018-11-05,21:00,194.9,29.8,2018-11,2018,11,1295.4333333333334,26.45
2018-11-05,22:00,14.1,27.9,2018-11,2018,11,1295.4333333333334,26.45
2018-12-05,11:00,221.4,21.2,2018-12,2018,12,1416.7666666666667,25.1875
2018-12-05,12:00,1016.8,21.6,2018-12,2018,12,1416.7666666666667,25.1875
2018-12-05,13:00,1733.8,24.0,2018-12,2018,12,1416.7666666666667,25.1875
2018-12-05,14:00,2291.6,26.9,2018-12,2018,12,1416.7666666666667,25.1875
2018-12-05,15:00,2567.3,28.7,2018-12,2018,12,1416.7666666666667,25.1875
2018-12-05,16:00,2802.3,29.7,2018-12,2018,12,1416.7666666666667,25.1875
2018-12-05,17:00,2808.0,31.0,2018-12,2018,12,1416.7666666666667,25.1875
2018-12-05,18:00,1242.8,31.2,2018-12,2018,12,1416.7666666666667,25.1875
2018-12-05,19:00,990.9,29.2,2018-12,2018,12,1416.7666666666667,25.1875
2018-12-05,20:00,928.4,30.4,2018-12,2018,12,1416.7666666666667,25.1875
2018-12-05,21:00,381.6,29.4,2018-12,2018,12,1416.7666666666667,25.1875
2018-12-05,22:00,16.3,28.4,2018-12,2018,12,1416.7666666666667,25.1875
2018-01-06,11:00,148.9,22.2,2018-01,2018,1,1502.1583333333335,25.40416666666667
2018-01-06,12:00,1001.3,25.0,2018-01,2018,1,1502.1583333333335,25.40416666666667
2018-01-06,13:00,1600.9,27.5,2018-01,2018,1,1502.1583333333335,25.40416666666667
2018-01-06,14:00,1976.6,29.7,2018-01,2018,1,1502.1583333333335,25.40416666666667
2018-01-06,15:00,2666.0,30.9,2018-01,2018,1,1502.1583333333335,25.40416666666667
2018-01-06,16:00,2626.0,31.6,2018-01,2018,1,1502.1583333333335,25.40416666666667
2018-01-06,17:00,2553.6,30.6,2018-01,2018,1,1502.1583333333335,25.40416666666667
2018-01-06,18:00,2420.4,32.5,2018-01,2018,1,1502.1583333333335,25.40416666666667
2018-01-06,19:00,1661.5,31.5,2018-01,2018,1,1502.1583333333335,25.40416666666667
2018-01-06,20:00,1100.5,30.3,2018-01,2018,1,1502.1583333333335,25.40416666666667
2018-01-06,21:00,261.0,29.2,2018-01,2018,1,1502.1583333333335,25.40416666666667
2018-01-06,22:00,9.2,27.4,2018-01,2018,1,1502.1583333333335,25.40416666666667
2018-02-06,11:00,156.7,21.4,2018-02,2018,2,1357.7166666666667,25.4875
2018-02-06,12:00,939.2,24.4,2018-02,2018,2,1357.7166666666667,25.4875
2018-02-06,13:00,1565.6,28.8,2018-02,2018,2,1357.7166666666667,25.4875
2018-02-06,14:00,2200.6,30.2,2018-02,2018,2,1357.7166666666667,25.4875
2018-02-06,15:00,2470.1,30.7,2018-02,2018,2,1357.7166666666667,25.4875
2018-02-06,16:00,2178.2,31.1,2018-02,2018,2,1357.7166666666667,25.4875
2018-02-06,17:00,2021.6,31.9,2018-02,2018,2,1357.7166666666667,25.4875
2018-02-06,18:00,1460.7,31.7,2018-02,2018,2,1357.7166666666667,25.4875
2018-02-06,19:00,1725.0,31.8,2018-02,2018,2,1357.7166666666667,25.4875
2018-02-06,20:00,1067.0,31.3,2018-02,2018,2,1357.7166666666667,25.4875
2018-02-06,21:00,491.3,29.3,2018-02,2018,2,1357.7166666666667,25.4875
2018-02-06,22:00,16.6,27.0,2018-02,2018,2,1357.7166666666667,25.4875
2018-03-06,11:00,64.5,17.1,2018-03,2018,3,1364.9083333333333,21.6125
2018-03-06,12:00,290.0,17.7,2018-03,2018,3,1364.9083333333333,21.6125
2018-03-06,13:00,610.2,18.7,2018-03,2018,3,1364.9083333333333,21.6125
2018-03-06,14:00,1800.9,21.2,2018-03,2018,3,1364.9083333333333,21.6125
2018-03-06,15:00,2417.6,23.2,2018-03,2018,3,1364.9083333333333,21.6125
2018-03-06,16:00,2677.6,25.1,2018-03,2018,3,1364.9083333333333,21.6125
2018-03-06,17:00,2634.3,27.0,2018-03,2018,3,1364.9083333333333,21.6125
2018-03-06,18:00,2359.5,27.9,2018-03,2018,3,1364.9083333333333,21.6125
2018-03-06,19:00,1913.9,28.5,2018-03,2018,3,1364.9083333333333,21.6125
2018-03-06,20:00,1216.0,26.9,2018-03,2018,3,1364.9083333333333,21.6125
2018-03-06,21:00,372.0,24.7,2018-03,2018,3,1364.9083333333333,21.6125
2018-03-06,22:00,22.4,22.2,2018-03,2018,3,1364.9083333333333,21.6125
2018-04-06,11:00,57.9,17.7,2018-04,2018,4,1390.9083333333335,21.758333333333336
2018-04-06,12:00,247.2,18.4,2018-04,2018,4,1390.9083333333335,21.758333333333336
2018-04-06,13:00,672.9,19.9,2018-04,2018,4,1390.9083333333335,21.758333333333336
2018-04-06,14:00,2101.8,22.4,2018-04,2018,4,1390.9083333333335,21.758333333333336
2018-04-06,15:00,2525.2,25.0,2018-04,2018,4,1390.9083333333335,21.758333333333336
2018-04-06,16:00,2641.9,26.8,2018-04,2018,4,1390.9083333333335,21.758333333333336
2018-04-06,17:00,2574.0,28.2,2018-04,2018,4,1390.9083333333335,21.758333333333336
2018-04-06,18:00,2357.1,29.8,2018-04,2018,4,1390.9083333333335,21.758333333333336
2018-04-06,19:00,1885.8,30.2,2018-04,2018,4,1390.9083333333335,21.758333333333336
2018-04-06,20:00,1238.7,29.8,2018-04,2018,4,1390.9083333333335,21.758333333333336
2018-04-06,21:00,376.4,27.9,2018-04,2018,4,1390.9083333333335,21.758333333333336
2018-04-06,22:00,12.0,26.5,2018-04,2018,4,1390.9083333333335,21.758333333333336
2018-05-06,11:00,60.5,17.2,2018-05,2018,5,1358.2833333333333,22.483333333333334
2018-05-06,12:00,254.5,17.7,2018-05,2018,5,1358.2833333333333,22.483333333333334
2018-05-06,13:00,644.8,18.9,2018-05,2018,5,1358.2833333333333,22.483333333333334
2018-05-06,14:00,1818.3,22.6,2018-05,2018,5,1358.2833333333333,22.483333333333334
2018-05-06,15:00,2497.2,25.7,2018-05,2018,5,1358.2833333333333,22.483333333333334
2018-05-06,16:00,2602.1,28.0,2018-05,2018,5,1358.2833333333333,22.483333333333334
2018-05-06,17:00,2579.7,29.9,2018-05,2018,5,1358.2833333333333,22.483333333333334
2018-05-06,18:00,2318.9,30.9,2018-05,2018,5,1358.2833333333333,22.483333333333334
2018-05-06,19:00,1895.7,31.0,2018-05,2018,5,1358.2833333333333,22.483333333333334
2018-05-06,20:00,1224.0,30.4,2018-05,2018,5,1358.2833333333333,22.483333333333334
2018-05-06,21:00,393.7,28.7,2018-05,2018,5,1358.2833333333333,22.483333333333334
2018-05-06,22:00,10.0,26.4,2018-05,2018,5,1358.2833333333333,22.483333333333334
2018-06-06,11:00,49.1,16.7,2018-06,2018,6,1219.475,21.3125
2018-06-06,12:00,223.3,17.2,2018-06,2018,6,1219.475,21.3125
2018-06-06,13:00,439.4,17.8,2018-06,2018,6,1219.475,21.3125
2018-06-06,14:00,795.8,19.5,2018-06,2018,6,1219.475,21.3125
2018-06-06,15:00,2081.2,23.0,2018-06,2018,6,1219.475,21.3125
2018-06-06,16:00,2644.5,26.7,2018-06,2018,6,1219.475,21.3125
2018-06-06,17:00,2577.6,27.2,2018-06,2018,6,1219.475,21.3125
2018-06-06,18:00,2311.4,28.5,2018-06,2018,6,1219.475,21.3125
2018-06-06,19:00,1887.8,29.1,2018-06,2018,6,1219.475,21.3125
2018-06-06,20:00,1229.8,28.7,2018-06,2018,6,1219.475,21.3125
2018-06-06,21:00,381.3,27.2,2018-06,2018,6,1219.475,21.3125
2018-06-06,22:00,12.5,25.1,2018-06,2018,6,1219.475,21.3125
2018-07-06,11:00,128.3,20.4,2018-07,2018,7,1314.3166666666668,24.47083333333333
2018-07-06,12:00,877.9,22.3,2018-07,2018,7,1314.3166666666668,24.47083333333333
2018-07-06,13:00,1561.9,24.9,2018-07,2018,7,1314.3166666666668,24.47083333333333
2018-07-06,14:00,2106.0,28.1,2018-07,2018,7,1314.3166666666668,24.47083333333333
2018-07-06,15:00,2461.9,30.1,2018-07,2018,7,1314.3166666666668,24.47083333333333
2018-07-06,16:00,1894.1,30.5,2018-07,2018,7,1314.3166666666668,24.47083333333333
2018-07-06,17:00,2583.9,31.9,2018-07,2018,7,1314.3166666666668,24.47083333333333
2018-07-06,18:00,1468.2,31.7,2018-07,2018,7,1314.3166666666668,24.47083333333333
2018-07-06,19:00,1386.7,31.0,2018-07,2018,7,1314.3166666666668,24.47083333333333
2018-07-06,20:00,901.2,30.3,2018-07,2018,7,1314.3166666666668,24.47083333333333
2018-07-06,21:00,380.3,28.1,2018-07,2018,7,1314.3166666666668,24.47083333333333
2018-07-06,22:00,21.4,26.1,2018-07,2018,7,1314.3166666666668,24.47083333333333
2018-08-06,11:00,45.2,19.2,2018-08,2018,8,1337.95,22.945833333333336
2018-08-06,12:00,231.1,19.6,2018-08,2018,8,1337.95,22.945833333333336
2018-08-06,13:00,674.4,20.8,2018-08,2018,8,1337.95,22.945833333333336
2018-08-06,14:00,1696.9,23.5,2018-08,2018,8,1337.95,22.945833333333336
2018-08-06,15:00,2462.9,25.3,2018-08,2018,8,1337.95,22.945833333333336
2018-08-06,16:00,2597.2,27.0,2018-08,2018,8,1337.95,22.945833333333336
2018-08-06,17:00,2541.6,28.7,2018-08,2018,8,1337.95,22.945833333333336
2018-08-06,18:00,2294.5,29.5,2018-08,2018,8,1337.95,22.945833333333336
2018-08-06,19:00,1847.8,29.5,2018-08,2018,8,1337.95,22.945833333333336
2018-08-06,20:00,1202.7,29.3,2018-08,2018,8,1337.95,22.945833333333336
2018-08-06,21:00,443.1,27.8,2018-08,2018,8,1337.95,22.945833333333336
2018-08-06,22:00,18.0,26.6,2018-08,2018,8,1337.95,22.945833333333336
2018-09-06,11:00,130.0,20.4,2018-09,2018,9,1528.3916666666667,25.633333333333336
2018-09-06,12:00,901.8,24.5,2018-09,2018,9,1528.3916666666667,25.633333333333336
2018-09-06,13:00,1573.7,27.5,2018-09,2018,9,1528.3916666666667,25.633333333333336
2018-09-06,14:00,2110.3,30.0,2018-09,2018,9,1528.3916666666667,25.633333333333336
2018-09-06,15:00,2466.7,31.5,2018-09,2018,9,1528.3916666666667,25.633333333333336
2018-09-06,16:00,2611.6,32.7,2018-09,2018,9,1528.3916666666667,25.633333333333336
2018-09-06,17:00,2569.1,33.2,2018-09,2018,9,1528.3916666666667,25.633333333333336
2018-09-06,18:00,2291.4,33.7,2018-09,2018,9,1528.3916666666667,25.633333333333336
2018-09-06,19:00,1934.0,33.9,2018-09,2018,9,1528.3916666666667,25.633333333333336
2018-09-06,20:00,1323.2,32.9,2018-09,2018,9,1528.3916666666667,25.633333333333336
2018-09-06,21:00,421.3,31.2,2018-09,2018,9,1528.3916666666667,25.633333333333336
2018-09-06,22:00,7.6,29.2,2018-09,2018,9,1528.3916666666667,25.633333333333336
2018-10-06,11:00,113.8,22.4,2018-10,2018,10,1263.0833333333333,26.620833333333334
2018-10-06,12:00,881.7,26.5,2018-10,2018,10,1263.0833333333333,26.620833333333334
2018-10-06,13:00,1428.6,28.4,2018-10,2018,10,1263.0833333333333,26.620833333333334
2018-10-06,14:00,1927.1,31.4,2018-10,2018,10,1263.0833333333333,26.620833333333334
2018-10-06,15:00,2471.3,32.7,2018-10,2018,10,1263.0833333333333,26.620833333333334
2018-10-06,16:00,1671.3,31.5,2018-10,2018,10,1263.0833333333333,26.620833333333334
2018-10-06,17:00,2151.0,31.4,2018-10,2018,10,1263.0833333333333,26.620833333333334
2018-10-06,18:00,1973.9,33.5,2018-10,2018,10,1263.0833333333333,26.620833333333334
2018-10-06,19:00,1376.5,33.2,2018-10,2018,10,1263.0833333333333,26.620833333333334
2018-10-06,20:00,885.7,31.7,2018-10,2018,10,1263.0833333333333,26.620833333333334
2018-10-06,21:00,263.8,30.1,2018-10,2018,10,1263.0833333333333,26.620833333333334
2018-10-06,22:00,12.3,27.8,2018-10,2018,10,1263.0833333333333,26.620833333333334
2018-11-06,11:00,109.1,24.1,2018-11,2018,11,1271.8666666666666,26.90833333333333
2018-11-06,12:00,798.8,26.7,2018-11,2018,11,1271.8666666666666,26.90833333333333
2018-11-06,13:00,1161.9,29.4,2018-11,2018,11,1271.8666666666666,26.90833333333333
2018-11-06,14:00,2093.2,30.1,2018-11,2018,11,1271.8666666666666,26.90833333333333
2018-11-06,15:00,2442.2,31.7,2018-11,2018,11,1271.8666666666666,26.90833333333333
2018-11-06,16:00,2143.7,33.2,2018-11,2018,11,1271.8666666666666,26.90833333333333
2018-11-06,17:00,2116.0,32.5,2018-11,2018,11,1271.8666666666666,26.90833333333333
2018-11-06,18:00,1662.4,33.0,2018-11,2018,11,1271.8666666666666,26.90833333333333
2018-11-06,19:00,1886.9,33.5,2018-11,2018,11,1271.8666666666666,26.90833333333333
2018-11-06,20:00,625.5,31.5,2018-11,2018,11,1271.8666666666666,26.90833333333333
2018-11-06,21:00,211.4,29.3,2018-11,2018,11,1271.8666666666666,26.90833333333333
2018-11-06,22:00,11.3,27.3,2018-11,2018,11,1271.8666666666666,26.90833333333333
2018-12-06,11:00,102.9,23.5,2018-12,2018,12,1318.8833333333334,26.391666666666666
2018-12-06,12:00,863.7,26.9,2018-12,2018,12,1318.8833333333334,26.391666666666666
2018-12-06,13:00,1498.3,29.2,2018-12,2018,12,1318.8833333333334,26.391666666666666
2018-12-06,14:00,1526.6,29.1,2018-12,2018,12,1318.8833333333334,26.391666666666666
2018-12-06,15:00,1821.3,31.0,2018-12,2018,12,1318.8833333333334,26.391666666666666
2018-12-06,16:00,2444.2,32.5,2018-12,2018,12,1318.8833333333334,26.391666666666666
2018-12-06,17:00,2240.6,32.2,2018-12,2018,12,1318.8833333333334,26.391666666666666
2018-12-06,18:00,1805.4,33.3,2018-12,2018,12,1318.8833333333334,26.391666666666666
2018-12-06,19:00,1814.5,32.4,2018-12,2018,12,1318.8833333333334,26.391666666666666
2018-12-06,20:00,1319.9,31.8,2018-12,2018,12,1318.8833333333334,26.391666666666666
2018-12-06,21:00,379.0,30.1,2018-12,2018,12,1318.8833333333334,26.391666666666666
2018-12-06,22:00,10.2,28.1,2018-12,2018,12,1318.8833333333334,26.391666666666666
2018-01-07,11:00,68.9,19.3,2018-01,2018,1,1521.1916666666666,24.833333333333332
2018-01-07,12:00,883.8,22.5,2018-01,2018,1,1521.1916666666666,24.833333333333332
2018-01-07,13:00,1566.9,28.0,2018-01,2018,1,1521.1916666666666,24.833333333333332
2018-01-07,14:00,2108.0,29.7,2018-01,2018,1,1521.1916666666666,24.833333333333332
2018-01-07,15:00,2452.8,30.1,2018-01,2018,1,1521.1916666666666,24.833333333333332
2018-01-07,16:00,2602.3,30.6,2018-01,2018,1,1521.1916666666666,24.833333333333332
2018-01-07,17:00,2560.6,31.6,2018-01,2018,1,1521.1916666666666,24.833333333333332
2018-01-07,18:00,2329.8,31.8,2018-01,2018,1,1521.1916666666666,24.833333333333332
2018-01-07,19:00,1901.3,31.1,2018-01,2018,1,1521.1916666666666,24.833333333333332
2018-01-07,20:00,1292.7,30.6,2018-01,2018,1,1521.1916666666666,24.833333333333332
2018-01-07,21:00,474.0,29.0,2018-01,2018,1,1521.1916666666666,24.833333333333332
2018-01-07,22:00,13.2,26.0,2018-01,2018,1,1521.1916666666666,24.833333333333332
2018-02-07,11:00,72.9,21.5,2018-02,2018,2,1506.2749999999999,24.695833333333336
2018-02-07,12:00,853.9,23.9,2018-02,2018,2,1506.2749999999999,24.695833333333336
2018-02-07,13:00,1533.9,28.2,2018-02,2018,2,1506.2749999999999,24.695833333333336
2018-02-07,14:00,2082.4,29.6,2018-02,2018,2,1506.2749999999999,24.695833333333336
2018-02-07,15:00,2420.2,30.9,2018-02,2018,2,1506.2749999999999,24.695833333333336
2018-02-07,16:00,2567.3,31.3,2018-02,2018,2,1506.2749999999999,24.695833333333336
2018-02-07,17:00,2521.5,32.0,2018-02,2018,2,1506.2749999999999,24.695833333333336
2018-02-07,18:00,2325.0,31.9,2018-02,2018,2,1506.2749999999999,24.695833333333336
2018-02-07,19:00,1916.4,31.6,2018-02,2018,2,1506.2749999999999,24.695833333333336
2018-02-07,20:00,1299.1,31.2,2018-02,2018,2,1506.2749999999999,24.695833333333336
2018-02-07,21:00,470.1,29.3,2018-02,2018,2,1506.2749999999999,24.695833333333336
2018-02-07,22:00,12.6,26.8,2018-02,2018,2,1506.2749999999999,24.695833333333336
2018-03-07,11:00,70.6,19.4,2018-03,2018,3,1506.9916666666668,24.90833333333333
2018-03-07,12:00,856.0,22.6,2018-03,2018,3,1506.9916666666668,24.90833333333333
2018-03-07,13:00,1522.5,27.0,2018-03,2018,3,1506.9916666666668,24.90833333333333
2018-03-07,14:00,2070.3,30.0,2018-03,2018,3,1506.9916666666668,24.90833333333333
2018-03-07,15:00,2417.1,31.2,2018-03,2018,3,1506.9916666666668,24.90833333333333
2018-03-07,16:00,2585.3,32.0,2018-03,2018,3,1506.9916666666668,24.90833333333333
2018-03-07,17:00,2559.9,32.6,2018-03,2018,3,1506.9916666666668,24.90833333333333
2018-03-07,18:00,2343.3,32.5,2018-03,2018,3,1506.9916666666668,24.90833333333333
2018-03-07,19:00,1929.1,32.4,2018-03,2018,3,1506.9916666666668,24.90833333333333
2018-03-07,20:00,1262.4,31.7,2018-03,2018,3,1506.9916666666668,24.90833333333333
2018-03-07,21:00,453.2,29.8,2018-03,2018,3,1506.9916666666668,24.90833333333333
2018-03-07,22:00,14.2,27.8,2018-03,2018,3,1506.9916666666668,24.90833333333333
2018-04-07,11:00,69.9,19.4,2018-04,2018,4,1525.075,25.22083333333333
2018-04-07,12:00,882.2,22.6,2018-04,2018,4,1525.075,25.22083333333333
2018-04-07,13:00,1559.4,27.3,2018-04,2018,4,1525.075,25.22083333333333
2018-04-07,14:00,2086.3,30.7,2018-04,2018,4,1525.075,25.22083333333333
2018-04-07,15:00,2448.1,32.4,2018-04,2018,4,1525.075,25.22083333333333
2018-04-07,16:00,2625.2,32.7,2018-04,2018,4,1525.075,25.22083333333333
2018-04-07,17:00,2571.0,33.3,2018-04,2018,4,1525.075,25.22083333333333
2018-04-07,18:00,2337.1,33.0,2018-04,2018,4,1525.075,25.22083333333333
2018-04-07,19:00,1917.0,33.0,2018-04,2018,4,1525.075,25.22083333333333
2018-04-07,20:00,1306.9,32.2,2018-04,2018,4,1525.075,25.22083333333333
2018-04-07,21:00,482.4,30.3,2018-04,2018,4,1525.075,25.22083333333333
2018-04-07,22:00,15.4,27.6,2018-04,2018,4,1525.075,25.22083333333333
2018-05-07,11:00,68.5,19.6,2018-05,2018,5,1466.5166666666667,25.704166666666666
2018-05-07,12:00,878.8,23.5,2018-05,2018,5,1466.5166666666667,25.704166666666666
2018-05-07,13:00,1546.8,28.2,2018-05,2018,5,1466.5166666666667,25.704166666666666
2018-05-07,14:00,2073.4,31.4,2018-05,2018,5,1466.5166666666667,25.704166666666666
2018-05-07,15:00,2329.1,30.5,2018-05,2018,5,1466.5166666666667,25.704166666666666
2018-05-07,16:00,2442.5,33.6,2018-05,2018,5,1466.5166666666667,25.704166666666666
2018-05-07,17:00,2576.8,33.9,2018-05,2018,5,1466.5166666666667,25.704166666666666
2018-05-07,18:00,2339.1,33.5,2018-05,2018,5,1466.5166666666667,25.704166666666666
2018-05-07,19:00,1551.8,33.2,2018-05,2018,5,1466.5166666666667,25.704166666666666
2018-05-07,20:00,1308.2,32.5,2018-05,2018,5,1466.5166666666667,25.704166666666666
2018-05-07,21:00,468.1,30.3,2018-05,2018,5,1466.5166666666667,25.704166666666666
2018-05-07,22:00,15.1,28.2,2018-05,2018,5,1466.5166666666667,25.704166666666666
2018-06-07,11:00,109.0,19.8,2018-06,2018,6,1492.4416666666666,25.329166666666666
2018-06-07,12:00,598.9,22.5,2018-06,2018,6,1492.4416666666666,25.329166666666666
2018-06-07,13:00,1553.3,28.1,2018-06,2018,6,1492.4416666666666,25.329166666666666
2018-06-07,14:00,2080.7,31.7,2018-06,2018,6,1492.4416666666666,25.329166666666666
2018-06-07,15:00,2455.4,31.8,2018-06,2018,6,1492.4416666666666,25.329166666666666
2018-06-07,16:00,2552.5,32.6,2018-06,2018,6,1492.4416666666666,25.329166666666666
2018-06-07,17:00,2552.6,32.4,2018-06,2018,6,1492.4416666666666,25.329166666666666
2018-06-07,18:00,2326.5,32.5,2018-06,2018,6,1492.4416666666666,25.329166666666666
2018-06-07,19:00,1898.3,32.0,2018-06,2018,6,1492.4416666666666,25.329166666666666
2018-06-07,20:00,1288.4,31.4,2018-06,2018,6,1492.4416666666666,25.329166666666666
2018-06-07,21:00,472.3,29.7,2018-06,2018,6,1492.4416666666666,25.329166666666666
2018-06-07,22:00,21.4,27.0,2018-06,2018,6,1492.4416666666666,25.329166666666666
2018-07-07,11:00,101.5,21.1,2018-07,2018,7,1514.6499999999999,25.2375
2018-07-07,12:00,880.8,24.0,2018-07,2018,7,1514.6499999999999,25.2375
2018-07-07,13:00,1544.1,28.2,2018-07,2018,7,1514.6499999999999,25.2375
2018-07-07,14:00,2105.3,30.3,2018-07,2018,7,1514.6499999999999,25.2375
2018-07-07,15:00,2453.8,31.4,2018-07,2018,7,1514.6499999999999,25.2375
2018-07-07,16:00,2608.9,31.6,2018-07,2018,7,1514.6499999999999,25.2375
2018-07-07,17:00,2560.7,31.6,2018-07,2018,7,1514.6499999999999,25.2375
2018-07-07,18:00,2327.6,32.0,2018-07,2018,7,1514.6499999999999,25.2375
2018-07-07,19:00,1889.4,32.0,2018-07,2018,7,1514.6499999999999,25.2375
2018-07-07,20:00,1236.5,31.1,2018-07,2018,7,1514.6499999999999,25.2375
2018-07-07,21:00,448.8,29.4,2018-07,2018,7,1514.6499999999999,25.2375
2018-07-07,22:00,18.4,26.6,2018-07,2018,7,1514.6499999999999,25.2375
2018-08-07,11:00,93.1,20.4,2018-08,2018,8,1499.7666666666667,25.412499999999998
2018-08-07,12:00,867.5,24.3,2018-08,2018,8,1499.7666666666667,25.412499999999998
2018-08-07,13:00,1519.9,27.5,2018-08,2018,8,1499.7666666666667,25.412499999999998
2018-08-07,14:00,2048.8,30.3,2018-08,2018,8,1499.7666666666667,25.412499999999998
2018-08-07,15:00,2386.5,31.7,2018-08,2018,8,1499.7666666666667,25.412499999999998
2018-08-07,16:00,2535.4,33.4,2018-08,2018,8,1499.7666666666667,25.412499999999998
2018-08-07,17:00,2491.6,33.4,2018-08,2018,8,1499.7666666666667,25.412499999999998
2018-08-07,18:00,2256.1,33.3,2018-08,2018,8,1499.7666666666667,25.412499999999998
2018-08-07,19:00,1935.7,34.0,2018-08,2018,8,1499.7666666666667,25.412499999999998
2018-08-07,20:00,1338.4,33.1,2018-08,2018,8,1499.7666666666667,25.412499999999998
2018-08-07,21:00,507.4,31.5,2018-08,2018,8,1499.7666666666667,25.412499999999998
2018-08-07,22:00,16.8,28.5,2018-08,2018,8,1499.7666666666667,25.412499999999998
2018-09-07,11:00,95.0,19.6,2018-09,2018,9,1484.675,23.241666666666664
2018-09-07,12:00,853.1,20.9,2018-09,2018,9,1484.675,23.241666666666664
2018-09-07,13:00,1490.4,23.6,2018-09,2018,9,1484.675,23.241666666666664
2018-09-07,14:00,2015.7,24.4,2018-09,2018,9,1484.675,23.241666666666664
2018-09-07,15:00,2368.8,25.7,2018-09,2018,9,1484.675,23.241666666666664
2018-09-07,16:00,2524.1,26.6,2018-09,2018,9,1484.675,23.241666666666664
2018-09-07,17:00,2509.3,27.9,2018-09,2018,9,1484.675,23.241666666666664
2018-09-07,18:00,2292.4,27.6,2018-09,2018,9,1484.675,23.241666666666664
2018-09-07,19:00,1874.6,27.2,2018-09,2018,9,1484.675,23.241666666666664
2018-09-07,20:00,1274.9,25.7,2018-09,2018,9,1484.675,23.241666666666664
2018-09-07,21:00,492.6,22.9,2018-09,2018,9,1484.675,23.241666666666664
2018-09-07,22:00,25.2,19.9,2018-09,2018,9,1484.675,23.241666666666664
2018-10-07,11:00,52.5,13.5,2018-10,2018,10,1222.975,17.333333333333332
2018-10-07,12:00,266.0,14.1,2018-10,2018,10,1222.975,17.333333333333332
2018-10-07,13:00,565.7,15.1,2018-10,2018,10,1222.975,17.333333333333332
2018-10-07,14:00,891.5,16.1,2018-10,2018,10,1222.975,17.333333333333332
2018-10-07,15:00,1697.6,18.5,2018-10,2018,10,1222.975,17.333333333333332
2018-10-07,16:00,2450.6,19.8,2018-10,2018,10,1222.975,17.333333333333332
2018-10-07,17:00,2575.1,21.1,2018-10,2018,10,1222.975,17.333333333333332
2018-10-07,18:00,2355.6,22.7,2018-10,2018,10,1222.975,17.333333333333332
2018-10-07,19:00,1946.9,23.8,2018-10,2018,10,1222.975,17.333333333333332
2018-10-07,20:00,1335.5,23.3,2018-10,2018,10,1222.975,17.333333333333332
2018-10-07,21:00,518.7,22.7,2018-10,2018,10,1222.975,17.333333333333332
2018-10-07,22:00,20.0,20.9,2018-10,2018,10,1222.975,17.333333333333332
2018-11-07,11:00,92.1,12.4,2018-11,2018,11,1458.9583333333333,20.033333333333335
2018-11-07,12:00,656.6,15.0,2018-11,2018,11,1458.9583333333333,20.033333333333335
2018-11-07,13:00,1430.6,18.8,2018-11,2018,11,1458.9583333333333,20.033333333333335
2018-11-07,14:00,1999.6,22.9,2018-11,2018,11,1458.9583333333333,20.033333333333335
2018-11-07,15:00,2286.0,26.5,2018-11,2018,11,1458.9583333333333,20.033333333333335
2018-11-07,16:00,2491.6,28.9,2018-11,2018,11,1458.9583333333333,20.033333333333335
2018-11-07,17:00,2533.9,30.9,2018-11,2018,11,1458.9583333333333,20.033333333333335
2018-11-07,18:00,2306.3,32.0,2018-11,2018,11,1458.9583333333333,20.033333333333335
2018-11-07,19:00,1898.4,31.8,2018-11,2018,11,1458.9583333333333,20.033333333333335
2018-11-07,20:00,1295.5,31.4,2018-11,2018,11,1458.9583333333333,20.033333333333335
2018-11-07,21:00,498.3,29.6,2018-11,2018,11,1458.9583333333333,20.033333333333335
2018-11-07,22:00,18.6,27.0,2018-11,2018,11,1458.9583333333333,20.033333333333335
2018-12-07,11:00,95.1,19.8,2018-12,2018,12,1489.0333333333335,25.258333333333336
2018-12-07,12:00,810.1,23.3,2018-12,2018,12,1489.0333333333335,25.258333333333336
2018-12-07,13:00,1486.4,27.3,2018-12,2018,12,1489.0333333333335,25.258333333333336
2018-12-07,14:00,2014.2,30.3,2018-12,2018,12,1489.0333333333335,25.258333333333336
2018-12-07,15:00,2381.3,31.9,2018-12,2018,12,1489.0333333333335,25.258333333333336
2018-12-07,16:00,2533.6,32.8,2018-12,2018,12,1489.0333333333335,25.258333333333336
2018-12-07,17:00,2548.3,33.6,2018-12,2018,12,1489.0333333333335,25.258333333333336
2018-12-07,18:00,2349.8,32.9,2018-12,2018,12,1489.0333333333335,25.258333333333336
2018-12-07,19:00,1774.3,33.2,2018-12,2018,12,1489.0333333333335,25.258333333333336
2018-12-07,20:00,1353.5,32.6,2018-12,2018,12,1489.0333333333335,25.258333333333336
2018-12-07,21:00,503.5,30.6,2018-12,2018,12,1489.0333333333335,25.258333333333336
2018-12-07,22:00,18.3,28.2,2018-12,2018,12,1489.0333333333335,25.258333333333336
2018-01-08,11:00,130.9,21.6,2018-01,2018,1,1339.6499999999999,27.208333333333332
2018-01-08,12:00,885.7,24.2,2018-01,2018,1,1339.6499999999999,27.208333333333332
2018-01-08,13:00,1580.9,27.4,2018-01,2018,1,1339.6499999999999,27.208333333333332
2018-01-08,14:00,2110.1,29.8,2018-01,2018,1,1339.6499999999999,27.208333333333332
2018-01-08,15:00,2449.9,32.1,2018-01,2018,1,1339.6499999999999,27.208333333333332
2018-01-08,16:00,2584.5,34.4,2018-01,2018,1,1339.6499999999999,27.208333333333332
2018-01-08,17:00,2573.5,34.2,2018-01,2018,1,1339.6499999999999,27.208333333333332
2018-01-08,18:00,2293.7,34.7,2018-01,2018,1,1339.6499999999999,27.208333333333332
2018-01-08,19:00,493.0,32.8,2018-01,2018,1,1339.6499999999999,27.208333333333332
2018-01-08,20:00,286.8,32.4,2018-01,2018,1,1339.6499999999999,27.208333333333332
2018-01-08,21:00,653.9,32.8,2018-01,2018,1,1339.6499999999999,27.208333333333332
2018-01-08,22:00,32.9,30.1,2018-01,2018,1,1339.6499999999999,27.208333333333332
2018-02-08,11:00,132.8,22.8,2018-02,2018,2,1455.9916666666668,28.054166666666664
2018-02-08,12:00,892.3,25.4,2018-02,2018,2,1455.9916666666668,28.054166666666664
2018-02-08,13:00,1589.6,30.0,2018-02,2018,2,1455.9916666666668,28.054166666666664
2018-02-08,14:00,2108.0,33.1,2018-02,2018,2,1455.9916666666668,28.054166666666664
2018-02-08,15:00,2442.4,34.1,2018-02,2018,2,1455.9916666666668,28.054166666666664
2018-02-08,16:00,2653.1,35.0,2018-02,2018,2,1455.9916666666668,28.054166666666664
2018-02-08,17:00,2150.4,35.0,2018-02,2018,2,1455.9916666666668,28.054166666666664
2018-02-08,18:00,2038.2,35.2,2018-02,2018,2,1455.9916666666668,28.054166666666664
2018-02-08,19:00,1583.5,33.5,2018-02,2018,2,1455.9916666666668,28.054166666666664
2018-02-08,20:00,1275.9,34.5,2018-02,2018,2,1455.9916666666668,28.054166666666664
2018-02-08,21:00,579.0,32.7,2018-02,2018,2,1455.9916666666668,28.054166666666664
2018-02-08,22:00,26.7,30.3,2018-02,2018,2,1455.9916666666668,28.054166666666664
2018-03-08,11:00,81.1,19.9,2018-03,2018,3,1574.0916666666665,27.254166666666666
2018-03-08,12:00,924.3,25.8,2018-03,2018,3,1574.0916666666665,27.254166666666666
2018-03-08,13:00,1634.2,28.8,2018-03,2018,3,1574.0916666666665,27.254166666666666
2018-03-08,14:00,2161.5,31.4,2018-03,2018,3,1574.0916666666665,27.254166666666666
2018-03-08,15:00,2514.7,33.5,2018-03,2018,3,1574.0916666666665,27.254166666666666
2018-03-08,16:00,2668.8,35.1,2018-03,2018,3,1574.0916666666665,27.254166666666666
2018-03-08,17:00,2592.8,34.9,2018-03,2018,3,1574.0916666666665,27.254166666666666
2018-03-08,18:00,2373.7,35.3,2018-03,2018,3,1574.0916666666665,27.254166666666666
2018-03-08,19:00,1979.5,35.7,2018-03,2018,3,1574.0916666666665,27.254166666666666
2018-03-08,20:00,1407.2,34.8,2018-03,2018,3,1574.0916666666665,27.254166666666666
2018-03-08,21:00,525.7,33.4,2018-03,2018,3,1574.0916666666665,27.254166666666666
2018-03-08,22:00,25.6,30.3,2018-03,2018,3,1574.0916666666665,27.254166666666666
2018-04-08,11:00,130.3,23.1,2018-04,2018,4,1351.5,27.729166666666668
2018-04-08,12:00,910.6,27.2,2018-04,2018,4,1351.5,27.729166666666668
2018-04-08,13:00,1600.0,30.6,2018-04,2018,4,1351.5,27.729166666666668
2018-04-08,14:00,2098.3,33.5,2018-04,2018,4,1351.5,27.729166666666668
2018-04-08,15:00,2456.9,34.0,2018-04,2018,4,1351.5,27.729166666666668
2018-04-08,16:00,2688.6,35.4,2018-04,2018,4,1351.5,27.729166666666668
2018-04-08,17:00,1450.2,33.2,2018-04,2018,4,1351.5,27.729166666666668
2018-04-08,18:00,1706.4,34.3,2018-04,2018,4,1351.5,27.729166666666668
2018-04-08,19:00,1388.2,34.8,2018-04,2018,4,1351.5,27.729166666666668
2018-04-08,20:00,1156.8,34.9,2018-04,2018,4,1351.5,27.729166666666668
2018-04-08,21:00,617.1,32.4,2018-04,2018,4,1351.5,27.729166666666668
2018-04-08,22:00,14.6,30.3,2018-04,2018,4,1351.5,27.729166666666668
2018-05-08,11:00,101.1,20.7,2018-05,2018,5,1336.0416666666667,26.679166666666664
2018-05-08,12:00,478.7,22.4,2018-05,2018,5,1336.0416666666667,26.679166666666664
2018-05-08,13:00,1568.2,24.9,2018-05,2018,5,1336.0416666666667,26.679166666666664
2018-05-08,14:00,2110.4,29.4,2018-05,2018,5,1336.0416666666667,26.679166666666664
2018-05-08,15:00,2512.7,30.8,2018-05,2018,5,1336.0416666666667,26.679166666666664
2018-05-08,16:00,2637.9,33.0,2018-05,2018,5,1336.0416666666667,26.679166666666664
2018-05-08,17:00,2590.8,33.8,2018-05,2018,5,1336.0416666666667,26.679166666666664
2018-05-08,18:00,1921.6,34.1,2018-05,2018,5,1336.0416666666667,26.679166666666664
2018-05-08,19:00,1294.3,32.7,2018-05,2018,5,1336.0416666666667,26.679166666666664
2018-05-08,20:00,500.7,32.1,2018-05,2018,5,1336.0416666666667,26.679166666666664
2018-05-08,21:00,271.5,31.5,2018-05,2018,5,1336.0416666666667,26.679166666666664
2018-05-08,22:00,44.6,29.5,2018-05,2018,5,1336.0416666666667,26.679166666666664
2018-06-08,11:00,162.5,18.8,2018-06,2018,6,1535.4416666666666,25.599999999999998
2018-06-08,12:00,792.8,20.7,2018-06,2018,6,1535.4416666666666,25.599999999999998
2018-06-08,13:00,1595.1,23.6,2018-06,2018,6,1535.4416666666666,25.599999999999998
2018-06-08,14:00,2142.7,27.2,2018-06,2018,6,1535.4416666666666,25.599999999999998
2018-06-08,15:00,2472.6,29.1,2018-06,2018,6,1535.4416666666666,25.599999999999998
2018-06-08,16:00,2612.2,31.2,2018-06,2018,6,1535.4416666666666,25.599999999999998
2018-06-08,17:00,2483.9,32.0,2018-06,2018,6,1535.4416666666666,25.599999999999998
2018-06-08,18:00,2313.1,33.4,2018-06,2018,6,1535.4416666666666,25.599999999999998
2018-06-08,19:00,1838.2,33.8,2018-06,2018,6,1535.4416666666666,25.599999999999998
2018-06-08,20:00,1350.0,33.3,2018-06,2018,6,1535.4416666666666,25.599999999999998
2018-06-08,21:00,625.3,31.8,2018-06,2018,6,1535.4416666666666,25.599999999999998
2018-06-08,22:00,36.9,30.2,2018-06,2018,6,1535.4416666666666,25.599999999999998
2018-07-08,11:00,123.7,20.7,2018-07,2018,7,1585.0083333333334,27.6375
2018-07-08,12:00,940.3,24.2,2018-07,2018,7,1585.0083333333334,27.6375
2018-07-08,13:00,1657.5,27.8,2018-07,2018,7,1585.0083333333334,27.6375
2018-07-08,14:00,2044.7,31.5,2018-07,2018,7,1585.0083333333334,27.6375
2018-07-08,15:00,2514.9,33.9,2018-07,2018,7,1585.0083333333334,27.6375
2018-07-08,16:00,2648.3,35.0,2018-07,2018,7,1585.0083333333334,27.6375
2018-07-08,17:00,2619.9,34.9,2018-07,2018,7,1585.0083333333334,27.6375
2018-07-08,18:00,2392.1,35.2,2018-07,2018,7,1585.0083333333334,27.6375
2018-07-08,19:00,1964.6,35.9,2018-07,2018,7,1585.0083333333334,27.6375
2018-07-08,20:00,1409.6,35.3,2018-07,2018,7,1585.0083333333334,27.6375
2018-07-08,21:00,681.1,33.5,2018-07,2018,7,1585.0083333333334,27.6375
2018-07-08,22:00,23.4,30.8,2018-07,2018,7,1585.0083333333334,27.6375
2018-08-08,11:00,202.3,23.2,2018-08,2018,8,1593.8166666666666,28.270833333333332
2018-08-08,12:00,925.0,26.5,2018-08,2018,8,1593.8166666666666,28.270833333333332
2018-08-08,13:00,1659.3,29.9,2018-08,2018,8,1593.8166666666666,28.270833333333332
2018-08-08,14:00,2171.8,33.1,2018-08,2018,8,1593.8166666666666,28.270833333333332
2018-08-08,15:00,2485.2,34.8,2018-08,2018,8,1593.8166666666666,28.270833333333332
2018-08-08,16:00,2806.7,36.6,2018-08,2018,8,1593.8166666666666,28.270833333333332
2018-08-08,17:00,2610.7,36.1,2018-08,2018,8,1593.8166666666666,28.270833333333332
2018-08-08,18:00,2348.8,36.6,2018-08,2018,8,1593.8166666666666,28.270833333333332
2018-08-08,19:00,1879.1,35.5,2018-08,2018,8,1593.8166666666666,28.270833333333332
2018-08-08,20:00,1374.0,36.2,2018-08,2018,8,1593.8166666666666,28.270833333333332
2018-08-08,21:00,650.8,34.3,2018-08,2018,8,1593.8166666666666,28.270833333333332
2018-08-08,22:00,12.1,31.4,2018-08,2018,8,1593.8166666666666,28.270833333333332
2018-09-08,11:00,115.5,24.2,2018-09,2018,9,1330.4333333333334,27.162499999999998
2018-09-08,12:00,501.8,25.0,2018-09,2018,9,1330.4333333333334,27.162499999999998
2018-09-08,13:00,1335.4,26.9,2018-09,2018,9,1330.4333333333334,27.162499999999998
2018-09-08,14:00,2025.1,29.0,2018-09,2018,9,1330.4333333333334,27.162499999999998
2018-09-08,15:00,1769.1,29.2,2018-09,2018,9,1330.4333333333334,27.162499999999998
2018-09-08,16:00,2067.6,30.3,2018-09,2018,9,1330.4333333333334,27.162499999999998
2018-09-08,17:00,2111.5,29.2,2018-09,2018,9,1330.4333333333334,27.162499999999998
2018-09-08,18:00,2126.3,30.2,2018-09,2018,9,1330.4333333333334,27.162499999999998
2018-09-08,19:00,1901.5,30.5,2018-09,2018,9,1330.4333333333334,27.162499999999998
2018-09-08,20:00,1338.2,30.6,2018-09,2018,9,1330.4333333333334,27.162499999999998
2018-09-08,21:00,616.4,28.7,2018-09,2018,9,1330.4333333333334,27.162499999999998
2018-09-08,22:00,56.8,27.1,2018-09,2018,9,1330.4333333333334,27.162499999999998
2018-10-08,11:00,77.0,17.1,2018-10,2018,10,1316.0916666666667,24.3875
2018-10-08,12:00,435.8,19.2,2018-10,2018,10,1316.0916666666667,24.3875
2018-10-08,13:00,1124.0,22.8,2018-10,2018,10,1316.0916666666667,24.3875
2018-10-08,14:00,1600.5,26.2,2018-10,2018,10,1316.0916666666667,24.3875
2018-10-08,15:00,2255.9,28.8,2018-10,2018,10,1316.0916666666667,24.3875
2018-10-08,16:00,2298.9,31.0,2018-10,2018,10,1316.0916666666667,24.3875
2018-10-08,17:00,2416.0,32.6,2018-10,2018,10,1316.0916666666667,24.3875
2018-10-08,18:00,2423.1,34.3,2018-10,2018,10,1316.0916666666667,24.3875
2018-10-08,19:00,1834.8,34.9,2018-10,2018,10,1316.0916666666667,24.3875
2018-10-08,20:00,761.5,33.0,2018-10,2018,10,1316.0916666666667,24.3875
2018-10-08,21:00,512.7,31.9,2018-10,2018,10,1316.0916666666667,24.3875
2018-10-08,22:00,52.9,29.9,2018-10,2018,10,1316.0916666666667,24.3875
2018-11-08,11:00,135.7,20.7,2018-11,2018,11,1582.8999999999999,27.2375
2018-11-08,12:00,930.3,24.6,2018-11,2018,11,1582.8999999999999,27.2375
2018-11-08,13:00,1642.4,27.8,2018-11,2018,11,1582.8999999999999,27.2375
2018-11-08,14:00,2167.1,32.3,2018-11,2018,11,1582.8999999999999,27.2375
2018-11-08,15:00,2510.4,34.2,2018-11,2018,11,1582.8999999999999,27.2375
2018-11-08,16:00,2653.8,34.9,2018-11,2018,11,1582.8999999999999,27.2375
2018-11-08,17:00,2207.7,35.2,2018-11,2018,11,1582.8999999999999,27.2375
2018-11-08,18:00,2534.3,34.9,2018-11,2018,11,1582.8999999999999,27.2375
2018-11-08,19:00,2067.8,35.5,2018-11,2018,11,1582.8999999999999,27.2375
2018-11-08,20:00,1449.3,34.4,2018-11,2018,11,1582.8999999999999,27.2375
2018-11-08,21:00,666.2,33.2,2018-11,2018,11,1582.8999999999999,27.2375
2018-11-08,22:00,29.8,30.7,2018-11,2018,11,1582.8999999999999,27.2375
2018-12-08,11:00,145.7,24.0,2018-12,2018,12,1528.9916666666668,28.891666666666666
2018-12-08,12:00,930.0,26.7,2018-12,2018,12,1528.9916666666668,28.891666666666666
2018-12-08,13:00,1664.2,30.5,2018-12,2018,12,1528.9916666666668,28.891666666666666
2018-12-08,14:00,2193.6,33.0,2018-12,2018,12,1528.9916666666668,28.891666666666666
2018-12-08,15:00,2543.8,34.0,2018-12,2018,12,1528.9916666666668,28.891666666666666
2018-12-08,16:00,2684.6,35.8,2018-12,2018,12,1528.9916666666668,28.891666666666666
2018-12-08,17:00,2639.3,36.0,2018-12,2018,12,1528.9916666666668,28.891666666666666
2018-12-08,18:00,1900.4,36.2,2018-12,2018,12,1528.9916666666668,28.891666666666666
2018-12-08,19:00,1993.8,36.3,2018-12,2018,12,1528.9916666666668,28.891666666666666
2018-12-08,20:00,1140.0,34.3,2018-12,2018,12,1528.9916666666668,28.891666666666666
2018-12-08,21:00,483.4,33.6,2018-12,2018,12,1528.9916666666668,28.891666666666666
2018-12-08,22:00,29.1,30.7,2018-12,2018,12,1528.9916666666668,28.891666666666666
2018-01-09,10:00,2.7,20.9,2018-01,2018,1,1682.4615384615386,29.037499999999998
2018-01-09,11:00,268.4,24.1,2018-01,2018,1,1682.4615384615386,29.037499999999998
2018-01-09,12:00,875.4,26.8,2018-01,2018,1,1682.4615384615386,29.037499999999998
2018-01-09,13:00,1905.4,31.1,2018-01,2018,1,1682.4615384615386,29.037499999999998
2018-01-09,14:00,2514.1,33.5,2018-01,2018,1,1682.4615384615386,29.037499999999998
2018-01-09,15:00,2922.9,34.4,2018-01,2018,1,1682.4615384615386,29.037499999999998
2018-01-09,16:00,3064.6,35.6,2018-01,2018,1,1682.4615384615386,29.037499999999998
2018-01-09,17:00,3005.7,36.6,2018-01,2018,1,1682.4615384615386,29.037499999999998
2018-01-09,18:00,2663.4,36.5,2018-01,2018,1,1682.4615384615386,29.037499999999998
2018-01-09,19:00,2252.8,37.6,2018-01,2018,1,1682.4615384615386,29.037499999999998
2018-01-09,20:00,1631.9,36.0,2018-01,2018,1,1682.4615384615386,29.037499999999998
2018-01-09,21:00,730.8,34.6,2018-01,2018,1,1682.4615384615386,29.037499999999998
2018-01-09,22:00,33.9,31.8,2018-01,2018,1,1682.4615384615386,29.037499999999998
2018-02-09,10:00,6.3,21.5,2018-02,2018,2,1628.823076923077,28.02916666666667
2018-02-09,11:00,359.3,24.7,2018-02,2018,2,1628.823076923077,28.02916666666667
2018-02-09,12:00,1208.5,28.1,2018-02,2018,2,1628.823076923077,28.02916666666667
2018-02-09,13:00,1931.3,30.4,2018-02,2018,2,1628.823076923077,28.02916666666667
2018-02-09,14:00,2524.7,32.4,2018-02,2018,2,1628.823076923077,28.02916666666667
2018-02-09,15:00,2914.9,34.2,2018-02,2018,2,1628.823076923077,28.02916666666667
2018-02-09,16:00,3065.5,35.9,2018-02,2018,2,1628.823076923077,28.02916666666667
2018-02-09,17:00,2948.1,36.0,2018-02,2018,2,1628.823076923077,28.02916666666667
2018-02-09,18:00,2707.9,37.4,2018-02,2018,2,1628.823076923077,28.02916666666667
2018-02-09,19:00,2014.1,35.2,2018-02,2018,2,1628.823076923077,28.02916666666667
2018-02-09,20:00,1108.8,32.5,2018-02,2018,2,1628.823076923077,28.02916666666667
2018-02-09,21:00,345.4,30.0,2018-02,2018,2,1628.823076923077,28.02916666666667
2018-02-09,22:00,39.9,26.2,2018-02,2018,2,1628.823076923077,28.02916666666667
2018-03-09,10:00,5.1,13.8,2018-03,2018,3,1720.0923076923077,20.8
2018-03-09,11:00,365.5,14.7,2018-03,2018,3,1720.0923076923077,20.8
2018-03-09,12:00,1166.6,17.3,2018-03,2018,3,1720.0923076923077,20.8
2018-03-09,13:00,1918.0,19.9,2018-03,2018,3,1720.0923076923077,20.8
2018-03-09,14:00,2526.7,22.6,2018-03,2018,3,1720.0923076923077,20.8
2018-03-09,15:00,2936.9,25.0,2018-03,2018,3,1720.0923076923077,20.8
2018-03-09,16:00,3093.3,27.1,2018-03,2018,3,1720.0923076923077,20.8
2018-03-09,17:00,3011.5,28.4,2018-03,2018,3,1720.0923076923077,20.8
2018-03-09,18:00,2741.8,28.5,2018-03,2018,3,1720.0923076923077,20.8
2018-03-09,19:00,2256.3,29.5,2018-03,2018,3,1720.0923076923077,20.8
2018-03-09,20:00,1552.4,28.8,2018-03,2018,3,1720.0923076923077,20.8
2018-03-09,21:00,732.1,27.4,2018-03,2018,3,1720.0923076923077,20.8
2018-03-09,22:00,55.0,25.3,2018-03,2018,3,1720.0923076923077,20.8
2018-04-09,10:00,5.3,14.1,2018-04,2018,4,1760.646153846154,22.445833333333336
2018-04-09,11:00,402.4,15.5,2018-04,2018,4,1760.646153846154,22.445833333333336
2018-04-09,12:00,1207.3,18.8,2018-04,2018,4,1760.646153846154,22.445833333333336
2018-04-09,13:00,1966.8,21.6,2018-04,2018,4,1760.646153846154,22.445833333333336
2018-04-09,14:00,2577.3,24.4,2018-04,2018,4,1760.646153846154,22.445833333333336
2018-04-09,15:00,2991.3,26.4,2018-04,2018,4,1760.646153846154,22.445833333333336
2018-04-09,16:00,3139.0,28.5,2018-04,2018,4,1760.646153846154,22.445833333333336
2018-04-09,17:00,3087.7,30.4,2018-04,2018,4,1760.646153846154,22.445833333333336
2018-04-09,18:00,2816.3,31.0,2018-04,2018,4,1760.646153846154,22.445833333333336
2018-04-09,19:00,2312.1,32.3,2018-04,2018,4,1760.646153846154,22.445833333333336
2018-04-09,20:00,1596.0,31.9,2018-04,2018,4,1760.646153846154,22.445833333333336
2018-04-09,21:00,746.4,30.4,2018-04,2018,4,1760.646153846154,22.445833333333336
2018-04-09,22:00,40.5,28.2,2018-04,2018,4,1760.646153846154,22.445833333333336
2018-05-09,10:00,4.6,15.5,2018-05,2018,5,1786.5,24.96666666666667
2018-05-09,11:00,429.5,17.9,2018-05,2018,5,1786.5,24.96666666666667
2018-05-09,12:00,1285.1,22.4,2018-05,2018,5,1786.5,24.96666666666667
2018-05-09,13:00,2048.7,25.6,2018-05,2018,5,1786.5,24.96666666666667
2018-05-09,14:00,2645.1,28.9,2018-05,2018,5,1786.5,24.96666666666667
2018-05-09,15:00,3031.3,31.4,2018-05,2018,5,1786.5,24.96666666666667
2018-05-09,16:00,3174.0,32.7,2018-05,2018,5,1786.5,24.96666666666667
2018-05-09,17:00,3102.1,33.2,2018-05,2018,5,1786.5,24.96666666666667
2018-05-09,18:00,2821.3,35.3,2018-05,2018,5,1786.5,24.96666666666667
2018-05-09,19:00,2334.3,34.3,2018-05,2018,5,1786.5,24.96666666666667
2018-05-09,20:00,1573.2,34.4,2018-05,2018,5,1786.5,24.96666666666667
2018-05-09,21:00,737.7,33.5,2018-05,2018,5,1786.5,24.96666666666667
2018-05-09,22:00,37.6,30.7,2018-05,2018,5,1786.5,24.96666666666667
2018-06-09,10:00,5.0,18.9,2018-06,2018,6,1693.7615384615385,27.59166666666667
2018-06-09,11:00,420.2,20.7,2018-06,2018,6,1693.7615384615385,27.59166666666667
2018-06-09,12:00,1241.2,25.0,2018-06,2018,6,1693.7615384615385,27.59166666666667
2018-06-09,13:00,1992.2,29.5,2018-06,2018,6,1693.7615384615385,27.59166666666667
2018-06-09,14:00,2596.1,32.8,2018-06,2018,6,1693.7615384615385,27.59166666666667
2018-06-09,15:00,2971.5,33.9,2018-06,2018,6,1693.7615384615385,27.59166666666667
2018-06-09,16:00,3097.4,35.1,2018-06,2018,6,1693.7615384615385,27.59166666666667
2018-06-09,17:00,2998.5,35.9,2018-06,2018,6,1693.7615384615385,27.59166666666667
2018-06-09,18:00,2705.4,36.4,2018-06,2018,6,1693.7615384615385,27.59166666666667
2018-06-09,19:00,2135.5,36.2,2018-06,2018,6,1693.7615384615385,27.59166666666667
2018-06-09,20:00,1314.0,36.2,2018-06,2018,6,1693.7615384615385,27.59166666666667
2018-06-09,21:00,511.3,33.5,2018-06,2018,6,1693.7615384615385,27.59166666666667
2018-06-09,22:00,30.6,31.2,2018-06,2018,6,1693.7615384615385,27.59166666666667
2018-07-09,10:00,5.0,22.4,2018-07,2018,7,1673.2307692307693,30.0125
2018-07-09,11:00,376.7,25.5,2018-07,2018,7,1673.2307692307693,30.0125
2018-07-09,12:00,1184.8,28.1,2018-07,2018,7,1673.2307692307693,30.0125
2018-07-09,13:00,1922.8,32.6,2018-07,2018,7,1673.2307692307693,30.0125
2018-07-09,14:00,2504.0,35.1,2018-07,2018,7,1673.2307692307693,30.0125
2018-07-09,15:00,2851.2,36.5,2018-07,2018,7,1673.2307692307693,30.0125
2018-07-09,16:00,3072.2,37.2,2018-07,2018,7,1673.2307692307693,30.0125
2018-07-09,17:00,3074.8,38.1,2018-07,2018,7,1673.2307692307693,30.0125
2018-07-09,18:00,2692.5,37.9,2018-07,2018,7,1673.2307692307693,30.0125
2018-07-09,19:00,2231.9,37.5,2018-07,2018,7,1673.2307692307693,30.0125
2018-07-09,20:00,1394.0,36.6,2018-07,2018,7,1673.2307692307693,30.0125
2018-07-09,21:00,412.6,34.4,2018-07,2018,7,1673.2307692307693,30.0125
2018-07-09,22:00,29.5,32.1,2018-07,2018,7,1673.2307692307693,30.0125
2018-08-09,10:00,3.8,23.3,2018-08,2018,8,1617.0,30.3875
2018-08-09,11:00,316.3,23.2,2018-08,2018,8,1617.0,30.3875
2018-08-09,12:00,1036.4,26.1,2018-08,2018,8,1617.0,30.3875
2018-08-09,13:00,1767.1,30.5,2018-08,2018,8,1617.0,30.3875
2018-08-09,14:00,2357.7,34.8,2018-08,2018,8,1617.0,30.3875
2018-08-09,15:00,2783.1,35.6,2018-08,2018,8,1617.0,30.3875
2018-08-09,16:00,2961.7,37.9,2018-08,2018,8,1617.0,30.3875
2018-08-09,17:00,2883.2,37.7,2018-08,2018,8,1617.0,30.3875
2018-08-09,18:00,2574.0,37.5,2018-08,2018,8,1617.0,30.3875
2018-08-09,19:00,2177.3,37.9,2018-08,2018,8,1617.0,30.3875
2018-08-09,20:00,1447.9,37.0,2018-08,2018,8,1617.0,30.3875
2018-08-09,21:00,677.0,35.1,2018-08,2018,8,1617.0,30.3875
2018-08-09,22:00,35.5,32.3,2018-08,2018,8,1617.0,30.3875
2018-09-09,10:00,7.3,22.4,2018-09,2018,9,1635.5076923076922,29.641666666666666
2018-09-09,11:00,387.0,24.5,2018-09,2018,9,1635.5076923076922,29.641666666666666
2018-09-09,12:00,1199.7,28.0,2018-09,2018,9,1635.5076923076922,29.641666666666666
2018-09-09,13:00,1949.5,31.1,2018-09,2018,9,1635.5076923076922,29.641666666666666
2018-09-09,14:00,2525.1,34.1,2018-09,2018,9,1635.5076923076922,29.641666666666666
2018-09-09,15:00,2850.5,35.4,2018-09,2018,9,1635.5076923076922,29.641666666666666
2018-09-09,16:00,2856.2,37.2,2018-09,2018,9,1635.5076923076922,29.641666666666666
2018-09-09,17:00,2958.8,36.5,2018-09,2018,9,1635.5076923076922,29.641666666666666
2018-09-09,18:00,2287.8,37.7,2018-09,2018,9,1635.5076923076922,29.641666666666666
2018-09-09,19:00,2065.0,37.0,2018-09,2018,9,1635.5076923076922,29.641666666666666
2018-09-09,20:00,1412.4,36.5,2018-09,2018,9,1635.5076923076922,29.641666666666666
2018-09-09,21:00,710.3,35.1,2018-09,2018,9,1635.5076923076922,29.641666666666666
2018-09-09,22:00,52.0,32.5,2018-09,2018,9,1635.5076923076922,29.641666666666666
2018-10-09,10:00,5.6,20.6,2018-10,2018,10,1463.2153846153847,29.016666666666666
2018-10-09,11:00,321.9,24.8,2018-10,2018,10,1463.2153846153847,29.016666666666666
2018-10-09,12:00,1098.9,27.4,2018-10,2018,10,1463.2153846153847,29.016666666666666
2018-10-09,13:00,1962.1,30.0,2018-10,2018,10,1463.2153846153847,29.016666666666666
2018-10-09,14:00,2242.6,32.4,2018-10,2018,10,1463.2153846153847,29.016666666666666
2018-10-09,15:00,2364.6,33.3,2018-10,2018,10,1463.2153846153847,29.016666666666666
2018-10-09,16:00,2886.4,34.6,2018-10,2018,10,1463.2153846153847,29.016666666666666
2018-10-09,17:00,2629.7,34.9,2018-10,2018,10,1463.2153846153847,29.016666666666666
2018-10-09,18:00,1869.3,35.9,2018-10,2018,10,1463.2153846153847,29.016666666666666
2018-10-09,19:00,1944.5,36.2,2018-10,2018,10,1463.2153846153847,29.016666666666666
2018-10-09,20:00,1288.8,35.9,2018-10,2018,10,1463.2153846153847,29.016666666666666
2018-10-09,21:00,362.3,33.8,2018-10,2018,10,1463.2153846153847,29.016666666666666
2018-10-09,22:00,45.1,31.8,2018-10,2018,10,1463.2153846153847,29.016666666666666
2018-11-09,10:00,8.7,22.2,2018-11,2018,11,1692.323076923077,29.5625
2018-11-09,11:00,365.4,24.4,2018-11,2018,11,1692.323076923077,29.5625
2018-11-09,12:00,1142.9,26.7,2018-11,2018,11,1692.323076923077,29.5625
2018-11-09,13:00,1887.2,30.7,2018-11,2018,11,1692.323076923077,29.5625
2018-11-09,14:00,2487.1,33.8,2018-11,2018,11,1692.323076923077,29.5625
2018-11-09,15:00,2877.7,36.0,2018-11,2018,11,1692.323076923077,29.5625
2018-11-09,16:00,3045.0,36.4,2018-11,2018,11,1692.323076923077,29.5625
2018-11-09,17:00,2994.3,36.5,2018-11,2018,11,1692.323076923077,29.5625
2018-11-09,18:00,2802.7,37.5,2018-11,2018,11,1692.323076923077,29.5625
2018-11-09,19:00,2194.5,37.3,2018-11,2018,11,1692.323076923077,29.5625
2018-11-09,20:00,1500.0,36.3,2018-11,2018,11,1692.323076923077,29.5625
2018-11-09,21:00,656.2,34.9,2018-11,2018,11,1692.323076923077,29.5625
2018-11-09,22:00,38.5,32.7,2018-11,2018,11,1692.323076923077,29.5625
2018-12-09,10:00,8.5,20.7,2018-12,2018,12,1689.3615384615384,29.516666666666666
2018-12-09,11:00,426.5,24.5,2018-12,2018,12,1689.3615384615384,29.516666666666666
2018-12-09,12:00,1208.3,28.4,2018-12,2018,12,1689.3615384615384,29.516666666666666
2018-12-09,13:00,1931.7,30.2,2018-12,2018,12,1689.3615384615384,29.516666666666666
2018-12-09,14:00,2518.3,32.8,2018-12,2018,12,1689.3615384615384,29.516666666666666
2018-12-09,15:00,2878.4,35.3,2018-12,2018,12,1689.3615384615384,29.516666666666666
2018-12-09,16:00,3015.0,36.9,2018-12,2018,12,1689.3615384615384,29.516666666666666
2018-12-09,17:00,2982.9,37.2,2018-12,2018,12,1689.3615384615384,29.516666666666666
2018-12-09,18:00,2702.1,38.0,2018-12,2018,12,1689.3615384615384,29.516666666666666
2018-12-09,19:00,2119.3,37.3,2018-12,2018,12,1689.3615384615384,29.516666666666666
2018-12-09,20:00,1521.7,36.6,2018-12,2018,12,1689.3615384615384,29.516666666666666
2018-12-09,21:00,622.8,35.0,2018-12,2018,12,1689.3615384615384,29.516666666666666
2018-12-09,22:00,26.2,32.8,2018-12,2018,12,1689.3615384615384,29.516666666666666
2018-01-10,10:00,26.3,23.0,2018-01,2018,1,1214.1923076923076,26.504166666666666
2018-01-10,11:00,385.1,23.9,2018-01,2018,1,1214.1923076923076,26.504166666666666
2018-01-10,12:00,441.9,24.2,2018-01,2018,1,1214.1923076923076,26.504166666666666
2018-01-10,13:00,479.3,24.6,2018-01,2018,1,1214.1923076923076,26.504166666666666
2018-01-10,14:00,812.7,26.1,2018-01,2018,1,1214.1923076923076,26.504166666666666
2018-01-10,15:00,1789.3,28.6,2018-01,2018,1,1214.1923076923076,26.504166666666666
2018-01-10,16:00,2181.8,30.3,2018-01,2018,1,1214.1923076923076,26.504166666666666
2018-01-10,17:00,2172.4,30.3,2018-01,2018,1,1214.1923076923076,26.504166666666666
2018-01-10,18:00,2928.2,32.1,2018-01,2018,1,1214.1923076923076,26.504166666666666
2018-01-10,19:00,2272.8,32.8,2018-01,2018,1,1214.1923076923076,26.504166666666666
2018-01-10,20:00,1529.3,33.1,2018-01,2018,1,1214.1923076923076,26.504166666666666
2018-01-10,21:00,708.7,31.1,2018-01,2018,1,1214.1923076923076,26.504166666666666
2018-01-10,22:00,56.7,29.7,2018-01,2018,1,1214.1923076923076,26.504166666666666
2018-02-10,10:00,21.7,23.5,2018-02,2018,2,1134.1307692307691,26.895833333333332
2018-02-10,11:00,429.1,25.8,2018-02,2018,2,1134.1307692307691,26.895833333333332
2018-02-10,12:00,1070.0,28.6,2018-02,2018,2,1134.1307692307691,26.895833333333332
2018-02-10,13:00,1669.7,30.5,2018-02,2018,2,1134.1307692307691,26.895833333333332
2018-02-10,14:00,1488.7,30.4,2018-02,2018,2,1134.1307692307691,26.895833333333332
2018-02-10,15:00,1566.5,31.4,2018-02,2018,2,1134.1307692307691,26.895833333333332
2018-02-10,16:00,1894.3,31.9,2018-02,2018,2,1134.1307692307691,26.895833333333332
2018-02-10,17:00,2067.2,31.9,2018-02,2018,2,1134.1307692307691,26.895833333333332
2018-02-10,18:00,1351.5,30.5,2018-02,2018,2,1134.1307692307691,26.895833333333332
2018-02-10,19:00,902.8,25.3,2018-02,2018,2,1134.1307692307691,26.895833333333332
2018-02-10,20:00,1625.1,29.7,2018-02,2018,2,1134.1307692307691,26.895833333333332
2018-02-10,21:00,602.1,27.9,2018-02,2018,2,1134.1307692307691,26.895833333333332
2018-02-10,22:00,55.0,27.2,2018-02,2018,2,1134.1307692307691,26.895833333333332
2018-03-10,10:00,62.5,23.0,2018-03,2018,3,1664.9692307692308,28.245833333333334
2018-03-10,11:00,568.4,24.8,2018-03,2018,3,1664.9692307692308,28.245833333333334
2018-03-10,12:00,1107.4,26.6,2018-03,2018,3,1664.9692307692308,28.245833333333334
2018-03-10,13:00,2241.2,29.7,2018-03,2018,3,1664.9692307692308,28.245833333333334
2018-03-10,14:00,2896.4,30.8,2018-03,2018,3,1664.9692307692308,28.245833333333334
2018-03-10,15:00,2954.0,33.0,2018-03,2018,3,1664.9692307692308,28.245833333333334
2018-03-10,16:00,2819.6,33.3,2018-03,2018,3,1664.9692307692308,28.245833333333334
2018-03-10,17:00,3118.0,34.8,2018-03,2018,3,1664.9692307692308,28.245833333333334
2018-03-10,18:00,2094.2,34.0,2018-03,2018,3,1664.9692307692308,28.245833333333334
2018-03-10,19:00,1668.2,35.3,2018-03,2018,3,1664.9692307692308,28.245833333333334
2018-03-10,20:00,1353.3,34.9,2018-03,2018,3,1664.9692307692308,28.245833333333334
2018-03-10,21:00,705.1,33.1,2018-03,2018,3,1664.9692307692308,28.245833333333334
2018-03-10,22:00,56.3,31.7,2018-03,2018,3,1664.9692307692308,28.245833333333334
2018-04-10,10:00,27.8,23.0,2018-04,2018,4,1370.1923076923076,26.90416666666667
2018-04-10,11:00,205.4,23.5,2018-04,2018,4,1370.1923076923076,26.90416666666667
2018-04-10,12:00,1296.9,26.9,2018-04,2018,4,1370.1923076923076,26.90416666666667
2018-04-10,13:00,2116.0,29.6,2018-04,2018,4,1370.1923076923076,26.90416666666667
2018-04-10,14:00,2754.7,32.1,2018-04,2018,4,1370.1923076923076,26.90416666666667
2018-04-10,15:00,3092.2,33.2,2018-04,2018,4,1370.1923076923076,26.90416666666667
2018-04-10,16:00,2869.6,33.8,2018-04,2018,4,1370.1923076923076,26.90416666666667
2018-04-10,17:00,2959.0,34.1,2018-04,2018,4,1370.1923076923076,26.90416666666667
2018-04-10,18:00,1767.6,25.9,2018-04,2018,4,1370.1923076923076,26.90416666666667
2018-04-10,19:00,114.6,24.0,2018-04,2018,4,1370.1923076923076,26.90416666666667
2018-04-10,20:00,380.7,24.8,2018-04,2018,4,1370.1923076923076,26.90416666666667
2018-04-10,21:00,210.2,25.4,2018-04,2018,4,1370.1923076923076,26.90416666666667
2018-04-10,22:00,17.8,24.7,2018-04,2018,4,1370.1923076923076,26.90416666666667
2018-05-10,10:00,54.3,22.8,2018-05,2018,5,1320.5538461538463,25.9875
2018-05-10,11:00,397.6,24.0,2018-05,2018,5,1320.5538461538463,25.9875
2018-05-10,12:00,1073.6,25.4,2018-05,2018,5,1320.5538461538463,25.9875
2018-05-10,13:00,2037.9,28.2,2018-05,2018,5,1320.5538461538463,25.9875
2018-05-10,14:00,2482.7,30.0,2018-05,2018,5,1320.5538461538463,25.9875
2018-05-10,15:00,3132.7,31.5,2018-05,2018,5,1320.5538461538463,25.9875
2018-05-10,16:00,2289.8,33.0,2018-05,2018,5,1320.5538461538463,25.9875
2018-05-10,17:00,1327.4,32.1,2018-05,2018,5,1320.5538461538463,25.9875
2018-05-10,18:00,1766.3,32.2,2018-05,2018,5,1320.5538461538463,25.9875
2018-05-10,19:00,1280.7,28.3,2018-05,2018,5,1320.5538461538463,25.9875
2018-05-10,20:00,614.0,28.5,2018-05,2018,5,1320.5538461538463,25.9875
2018-05-10,21:00,668.9,25.9,2018-05,2018,5,1320.5538461538463,25.9875
2018-05-10,22:00,41.3,26.0,2018-05,2018,5,1320.5538461538463,25.9875
2018-06-10,10:00,49.1,23.3,2018-06,2018,6,1387.9153846153847,27.2
2018-06-10,11:00,345.2,24.1,2018-06,2018,6,1387.9153846153847,27.2
2018-06-10,12:00,847.3,26.5,2018-06,2018,6,1387.9153846153847,27.2
2018-06-10,13:00,990.1,27.3,2018-06,2018,6,1387.9153846153847,27.2
2018-06-10,14:00,1799.5,29.8,2018-06,2018,6,1387.9153846153847,27.2
2018-06-10,15:00,3320.5,32.2,2018-06,2018,6,1387.9153846153847,27.2
2018-06-10,16:00,3006.7,33.1,2018-06,2018,6,1387.9153846153847,27.2
2018-06-10,17:00,3331.2,34.3,2018-06,2018,6,1387.9153846153847,27.2
2018-06-10,18:00,2625.8,34.9,2018-06,2018,6,1387.9153846153847,27.2
2018-06-10,19:00,838.2,32.3,2018-06,2018,6,1387.9153846153847,27.2
2018-06-10,20:00,556.9,30.9,2018-06,2018,6,1387.9153846153847,27.2
2018-06-10,21:00,283.3,29.4,2018-06,2018,6,1387.9153846153847,27.2
2018-06-10,22:00,49.1,28.6,2018-06,2018,6,1387.9153846153847,27.2
2018-07-10,10:00,22.5,23.5,2018-07,2018,7,1274.323076923077,27.0625
2018-07-10,11:00,207.7,24.3,2018-07,2018,7,1274.323076923077,27.0625
2018-07-10,12:00,315.5,24.7,2018-07,2018,7,1274.323076923077,27.0625
2018-07-10,13:00,648.9,26.7,2018-07,2018,7,1274.323076923077,27.0625
2018-07-10,14:00,1079.8,28.5,2018-07,2018,7,1274.323076923077,27.0625
2018-07-10,15:00,1621.6,30.3,2018-07,2018,7,1274.323076923077,27.0625
2018-07-10,16:00,1852.4,30.6,2018-07,2018,7,1274.323076923077,27.0625
2018-07-10,17:00,2971.0,32.6,2018-07,2018,7,1274.323076923077,27.0625
2018-07-10,18:00,2928.1,33.6,2018-07,2018,7,1274.323076923077,27.0625
2018-07-10,19:00,2345.9,34.0,2018-07,2018,7,1274.323076923077,27.0625
2018-07-10,20:00,1620.2,32.4,2018-07,2018,7,1274.323076923077,27.0625
2018-07-10,21:00,845.8,30.4,2018-07,2018,7,1274.323076923077,27.0625
2018-07-10,22:00,106.8,29.1,2018-07,2018,7,1274.323076923077,27.0625
2018-08-10,10:00,20.3,23.9,2018-08,2018,8,848.1692307692308,26.462500000000002
2018-08-10,11:00,225.5,24.4,2018-08,2018,8,848.1692307692308,26.462500000000002
2018-08-10,12:00,563.3,25.3,2018-08,2018,8,848.1692307692308,26.462500000000002
2018-08-10,13:00,1274.9,26.9,2018-08,2018,8,848.1692307692308,26.462500000000002
2018-08-10,14:00,1068.5,28.1,2018-08,2018,8,848.1692307692308,26.462500000000002
2018-08-10,15:00,2414.0,31.8,2018-08,2018,8,848.1692307692308,26.462500000000002
2018-08-10,16:00,2380.0,32.1,2018-08,2018,8,848.1692307692308,26.462500000000002
2018-08-10,17:00,1088.3,31.0,2018-08,2018,8,848.1692307692308,26.462500000000002
2018-08-10,18:00,605.5,28.4,2018-08,2018,8,848.1692307692308,26.462500000000002
2018-08-10,19:00,571.4,27.4,2018-08,2018,8,848.1692307692308,26.462500000000002
2018-08-10,20:00,450.5,26.7,2018-08,2018,8,848.1692307692308,26.462500000000002
2018-08-10,21:00,339.7,26.9,2018-08,2018,8,848.1692307692308,26.462500000000002
2018-08-10,22:00,24.3,25.4,2018-08,2018,8,848.1692307692308,26.462500000000002
2018-09-10,00:00,1.0,24.3,2018-09,2018,9,980.2357142857144,25.570833333333336
2018-09-10,10:00,34.0,22.1,2018-09,2018,9,980.2357142857144,25.570833333333336
2018-09-10,11:00,212.4,22.6,2018-09,2018,9,980.2357142857144,25.570833333333336
2018-09-10,12:00,411.1,23.7,2018-09,2018,9,980.2357142857144,25.570833333333336
2018-09-10,13:00,799.5,25.1,2018-09,2018,9,980.2357142857144,25.570833333333336
2018-09-10,14:00,913.1,25.8,2018-09,2018,9,980.2357142857144,25.570833333333336
2018-09-10,15:00,962.5,27.3,2018-09,2018,9,980.2357142857144,25.570833333333336
2018-09-10,16:00,1201.7,28.6,2018-09,2018,9,980.2357142857144,25.570833333333336
2018-09-10,17:00,2031.6,30.2,2018-09,2018,9,980.2357142857144,25.570833333333336
2018-09-10,18:00,2880.0,32.4,2018-09,2018,9,980.2357142857144,25.570833333333336
2018-09-10,19:00,2387.3,32.6,2018-09,2018,9,980.2357142857144,25.570833333333336
2018-09-10,20:00,1485.7,27.3,2018-09,2018,9,980.2357142857144,25.570833333333336
2018-09-10,21:00,392.6,26.8,2018-09,2018,9,980.2357142857144,25.570833333333336
2018-09-10,22:00,10.8,26.0,2018-09,2018,9,980.2357142857144,25.570833333333336
2018-10-10,04:00,0.2,22.3,2018-10,2018,10,1108.04375,25.96666666666667
2018-10-10,05:00,0.6,22.4,2018-10,2018,10,1108.04375,25.96666666666667
2018-10-10,06:00,0.2,22.4,2018-10,2018,10,1108.04375,25.96666666666667
2018-10-10,10:00,48.8,21.5,2018-10,2018,10,1108.04375,25.96666666666667
2018-10-10,11:00,310.9,23.0,2018-10,2018,10,1108.04375,25.96666666666667
2018-10-10,12:00,858.5,24.5,2018-10,2018,10,1108.04375,25.96666666666667
2018-10-10,13:00,1176.5,26.7,2018-10,2018,10,1108.04375,25.96666666666667
2018-10-10,14:00,2101.9,29.2,2018-10,2018,10,1108.04375,25.96666666666667
2018-10-10,15:00,2150.8,30.5,2018-10,2018,10,1108.04375,25.96666666666667
2018-10-10,16:00,3307.0,32.5,2018-10,2018,10,1108.04375,25.96666666666667
2018-10-10,17:00,3116.5,33.1,2018-10,2018,10,1108.04375,25.96666666666667
2018-10-10,18:00,2669.2,33.7,2018-10,2018,10,1108.04375,25.96666666666667
2018-10-10,19:00,1437.5,32.5,2018-10,2018,10,1108.04375,25.96666666666667
2018-10-10,20:00,403.7,30.3,2018-10,2018,10,1108.04375,25.96666666666667
2018-10-10,21:00,125.0,27.4,2018-10,2018,10,1108.04375,25.96666666666667
2018-10-10,22:00,21.4,26.5,2018-10,2018,10,1108.04375,25.96666666666667
2018-11-10,10:00,41.7,23.1,2018-11,2018,11,1527.2076923076925,27.304166666666664
2018-11-10,11:00,500.9,26.9,2018-11,2018,11,1527.2076923076925,27.304166666666664
2018-11-10,12:00,933.9,27.3,2018-11,2018,11,1527.2076923076925,27.304166666666664
2018-11-10,13:00,1465.3,28.1,2018-11,2018,11,1527.2076923076925,27.304166666666664
2018-11-10,14:00,2911.4,31.2,2018-11,2018,11,1527.2076923076925,27.304166666666664
2018-11-10,15:00,2323.4,32.2,2018-11,2018,11,1527.2076923076925,27.304166666666664
2018-11-10,16:00,2631.9,31.9,2018-11,2018,11,1527.2076923076925,27.304166666666664
2018-11-10,17:00,3121.5,33.1,2018-11,2018,11,1527.2076923076925,27.304166666666664
2018-11-10,18:00,2128.3,32.1,2018-11,2018,11,1527.2076923076925,27.304166666666664
2018-11-10,19:00,1518.4,31.8,2018-11,2018,11,1527.2076923076925,27.304166666666664
2018-11-10,20:00,1541.5,32.4,2018-11,2018,11,1527.2076923076925,27.304166666666664
2018-11-10,21:00,650.0,28.8,2018-11,2018,11,1527.2076923076925,27.304166666666664
2018-11-10,22:00,85.5,28.0,2018-11,2018,11,1527.2076923076925,27.304166666666664
2018-12-10,10:00,103.6,23.6,2018-12,2018,12,1242.6307692307694,26.912499999999998
2018-12-10,11:00,709.0,25.2,2018-12,2018,12,1242.6307692307694,26.912499999999998
2018-12-10,12:00,1107.7,26.3,2018-12,2018,12,1242.6307692307694,26.912499999999998
2018-12-10,13:00,2064.2,28.7,2018-12,2018,12,1242.6307692307694,26.912499999999998
2018-12-10,14:00,2273.9,29.2,2018-12,2018,12,1242.6307692307694,26.912499999999998
2018-12-10,15:00,1590.0,29.3,2018-12,2018,12,1242.6307692307694,26.912499999999998
2018-12-10,16:00,1487.6,29.1,2018-12,2018,12,1242.6307692307694,26.912499999999998
2018-12-10,17:00,1134.2,28.2,2018-12,2018,12,1242.6307692307694,26.912499999999998
2018-12-10,18:00,1814.3,30.9,2018-12,2018,12,1242.6307692307694,26.912499999999998
2018-12-10,19:00,1654.7,31.5,2018-12,2018,12,1242.6307692307694,26.912499999999998
2018-12-10,20:00,1399.2,31.4,2018-12,2018,12,1242.6307692307694,26.912499999999998
2018-12-10,21:00,713.9,31.0,2018-12,2018,12,1242.6307692307694,26.912499999999998
2018-12-10,22:00,101.9,28.8,2018-12,2018,12,1242.6307692307694,26.912499999999998
2018-01-11,10:00,134.5,23.4,2018-01,2018,1,1401.0615384615385,26.65416666666667
2018-01-11,11:00,810.7,25.3,2018-01,2018,1,1401.0615384615385,26.65416666666667
2018-01-11,12:00,1378.4,27.9,2018-01,2018,1,1401.0615384615385,26.65416666666667
2018-01-11,13:00,2222.9,30.1,2018-01,2018,1,1401.0615384615385,26.65416666666667
2018-01-11,14:00,2251.3,31.0,2018-01,2018,1,1401.0615384615385,26.65416666666667
2018-01-11,15:00,1384.8,31.6,2018-01,2018,1,1401.0615384615385,26.65416666666667
2018-01-11,16:00,2694.9,32.4,2018-01,2018,1,1401.0615384615385,26.65416666666667
2018-01-11,17:00,2754.5,30.9,2018-01,2018,1,1401.0615384615385,26.65416666666667
2018-01-11,18:00,836.2,23.7,2018-01,2018,1,1401.0615384615385,26.65416666666667
2018-01-11,19:00,1067.8,27.4,2018-01,2018,1,1401.0615384615385,26.65416666666667
2018-01-11,20:00,1872.1,29.9,2018-01,2018,1,1401.0615384615385,26.65416666666667
2018-01-11,21:00,714.7,28.7,2018-01,2018,1,1401.0615384615385,26.65416666666667
2018-01-11,22:00,91.0,27.0,2018-01,2018,1,1401.0615384615385,26.65416666666667
2018-02-11,10:00,20.3,21.7,2018-02,2018,2,1376.6153846153845,25.604166666666668
2018-02-11,11:00,226.8,21.9,2018-02,2018,2,1376.6153846153845,25.604166666666668
2018-02-11,12:00,649.5,23.3,2018-02,2018,2,1376.6153846153845,25.604166666666668
2018-02-11,13:00,1401.8,25.5,2018-02,2018,2,1376.6153846153845,25.604166666666668
2018-02-11,14:00,2729.5,28.9,2018-02,2018,2,1376.6153846153845,25.604166666666668
2018-02-11,15:00,2840.4,29.7,2018-02,2018,2,1376.6153846153845,25.604166666666668
2018-02-11,16:00,2974.3,31.3,2018-02,2018,2,1376.6153846153845,25.604166666666668
2018-02-11,17:00,3170.8,32.3,2018-02,2018,2,1376.6153846153845,25.604166666666668
2018-02-11,18:00,2927.5,32.3,2018-02,2018,2,1376.6153846153845,25.604166666666668
2018-02-11,19:00,630.0,25.9,2018-02,2018,2,1376.6153846153845,25.604166666666668
2018-02-11,20:00,149.5,24.6,2018-02,2018,2,1376.6153846153845,25.604166666666668
2018-02-11,21:00,142.9,24.4,2018-02,2018,2,1376.6153846153845,25.604166666666668
2018-02-11,22:00,32.7,24.7,2018-02,2018,2,1376.6153846153845,25.604166666666668
2018-03-11,10:00,81.9,22.3,2018-03,2018,3,1351.4923076923078,25.804166666666664
2018-03-11,11:00,469.0,23.9,2018-03,2018,3,1351.4923076923078,25.804166666666664
2018-03-11,12:00,1281.8,25.9,2018-03,2018,3,1351.4923076923078,25.804166666666664
2018-03-11,13:00,1675.9,28.0,2018-03,2018,3,1351.4923076923078,25.804166666666664
2018-03-11,14:00,1583.8,27.9,2018-03,2018,3,1351.4923076923078,25.804166666666664
2018-03-11,15:00,1997.4,28.3,2018-03,2018,3,1351.4923076923078,25.804166666666664
2018-03-11,16:00,2041.3,29.8,2018-03,2018,3,1351.4923076923078,25.804166666666664
2018-03-11,17:00,2803.0,30.8,2018-03,2018,3,1351.4923076923078,25.804166666666664
2018-03-11,18:00,1842.1,30.7,2018-03,2018,3,1351.4923076923078,25.804166666666664
2018-03-11,19:00,1863.2,32.1,2018-03,2018,3,1351.4923076923078,25.804166666666664
2018-03-11,20:00,1138.5,28.5,2018-03,2018,3,1351.4923076923078,25.804166666666664
2018-03-11,21:00,726.1,28.2,2018-03,2018,3,1351.4923076923078,25.804166666666664
2018-03-11,22:00,65.4,26.7,2018-03,2018,3,1351.4923076923078,25.804166666666664
2018-04-11,10:00,19.6,21.9,2018-04,2018,4,1364.2769230769231,25.495833333333334
2018-04-11,11:00,139.9,22.4,2018-04,2018,4,1364.2769230769231,25.495833333333334
2018-04-11,12:00,346.7,22.0,2018-04,2018,4,1364.2769230769231,25.495833333333334
2018-04-11,13:00,720.0,23.1,2018-04,2018,4,1364.2769230769231,25.495833333333334
2018-04-11,14:00,1412.9,25.2,2018-04,2018,4,1364.2769230769231,25.495833333333334
2018-04-11,15:00,1950.5,26.9,2018-04,2018,4,1364.2769230769231,25.495833333333334
2018-04-11,16:00,2291.0,28.6,2018-04,2018,4,1364.2769230769231,25.495833333333334
2018-04-11,17:00,2276.9,28.9,2018-04,2018,4,1364.2769230769231,25.495833333333334
2018-04-11,18:00,3176.6,31.2,2018-04,2018,4,1364.2769230769231,25.495833333333334
2018-04-11,19:00,2538.3,31.3,2018-04,2018,4,1364.2769230769231,25.495833333333334
2018-04-11,20:00,1839.4,30.7,2018-04,2018,4,1364.2769230769231,25.495833333333334
2018-04-11,21:00,891.5,28.6,2018-04,2018,4,1364.2769230769231,25.495833333333334
2018-04-11,22:00,132.3,27.9,2018-04,2018,4,1364.2769230769231,25.495833333333334
2018-05-11,10:00,48.1,23.9,2018-05,2018,5,964.876923076923,25.791666666666668
2018-05-11,11:00,416.9,25.5,2018-05,2018,5,964.876923076923,25.791666666666668
2018-05-11,12:00,1379.5,27.4,2018-05,2018,5,964.876923076923,25.791666666666668
2018-05-11,13:00,1741.1,28.8,2018-05,2018,5,964.876923076923,25.791666666666668
2018-05-11,14:00,2624.1,29.6,2018-05,2018,5,964.876923076923,25.791666666666668
2018-05-11,15:00,1667.3,30.3,2018-05,2018,5,964.876923076923,25.791666666666668
2018-05-11,16:00,2126.2,29.7,2018-05,2018,5,964.876923076923,25.791666666666668
2018-05-11,17:00,351.5,24.0,2018-05,2018,5,964.876923076923,25.791666666666668
2018-05-11,18:00,555.0,25.1,2018-05,2018,5,964.876923076923,25.791666666666668
2018-05-11,19:00,802.3,26.8,2018-05,2018,5,964.876923076923,25.791666666666668
2018-05-11,20:00,552.5,26.9,2018-05,2018,5,964.876923076923,25.791666666666668
2018-05-11,21:00,259.1,26.7,2018-05,2018,5,964.876923076923,25.791666666666668
2018-05-11,22:00,19.8,25.9,2018-05,2018,5,964.876923076923,25.791666666666668
2018-06-11,03:00,0.3,22.2,2018-06,2018,6,1570.4071428571428,25.858333333333334
2018-06-11,10:00,60.4,22.2,2018-06,2018,6,1570.4071428571428,25.858333333333334
2018-06-11,11:00,295.6,22.6,2018-06,2018,6,1570.4071428571428,25.858333333333334
2018-06-11,12:00,804.1,23.4,2018-06,2018,6,1570.4071428571428,25.858333333333334
2018-06-11,13:00,1177.7,25.2,2018-06,2018,6,1570.4071428571428,25.858333333333334
2018-06-11,14:00,1292.0,26.9,2018-06,2018,6,1570.4071428571428,25.858333333333334
2018-06-11,15:00,3063.6,30.1,2018-06,2018,6,1570.4071428571428,25.858333333333334
2018-06-11,16:00,3541.1,31.1,2018-06,2018,6,1570.4071428571428,25.858333333333334
2018-06-11,17:00,3339.3,31.9,2018-06,2018,6,1570.4071428571428,25.858333333333334
2018-06-11,18:00,3142.7,32.2,2018-06,2018,6,1570.4071428571428,25.858333333333334
2018-06-11,19:00,2561.2,32.6,2018-06,2018,6,1570.4071428571428,25.858333333333334
2018-06-11,20:00,1803.2,32.0,2018-06,2018,6,1570.4071428571428,25.858333333333334
2018-06-11,21:00,844.6,30.4,2018-06,2018,6,1570.4071428571428,25.858333333333334
2018-06-11,22:00,59.9,27.4,2018-06,2018,6,1570.4071428571428,25.858333333333334
2018-07-11,10:00,54.1,23.3,2018-07,2018,7,1137.5230769230768,25.525000000000002
2018-07-11,11:00,231.3,23.6,2018-07,2018,7,1137.5230769230768,25.525000000000002
2018-07-11,12:00,1109.7,25.7,2018-07,2018,7,1137.5230769230768,25.525000000000002
2018-07-11,13:00,1893.2,27.2,2018-07,2018,7,1137.5230769230768,25.525000000000002
2018-07-11,14:00,2902.2,27.9,2018-07,2018,7,1137.5230769230768,25.525000000000002
2018-07-11,15:00,1721.1,27.9,2018-07,2018,7,1137.5230769230768,25.525000000000002
2018-07-11,16:00,2316.3,28.3,2018-07,2018,7,1137.5230769230768,25.525000000000002
2018-07-11,17:00,1666.6,28.1,2018-07,2018,7,1137.5230769230768,25.525000000000002
2018-07-11,18:00,1028.3,26.9,2018-07,2018,7,1137.5230769230768,25.525000000000002
2018-07-11,19:00,870.8,26.8,2018-07,2018,7,1137.5230769230768,25.525000000000002
2018-07-11,20:00,582.2,26.2,2018-07,2018,7,1137.5230769230768,25.525000000000002
2018-07-11,21:00,351.0,26.1,2018-07,2018,7,1137.5230769230768,25.525000000000002
2018-07-11,22:00,61.0,25.6,2018-07,2018,7,1137.5230769230768,25.525000000000002
2018-08-11,10:00,77.3,23.0,2018-08,2018,8,679.4615384615385,24.133333333333336
2018-08-11,11:00,654.2,24.4,2018-08,2018,8,679.4615384615385,24.133333333333336
2018-08-11,12:00,1074.3,24.9,2018-08,2018,8,679.4615384615385,24.133333333333336
2018-08-11,13:00,1597.6,26.3,2018-08,2018,8,679.4615384615385,24.133333333333336
2018-08-11,14:00,1289.0,26.1,2018-08,2018,8,679.4615384615385,24.133333333333336
2018-08-11,15:00,762.4,25.3,2018-08,2018,8,679.4615384615385,24.133333333333336
2018-08-11,16:00,187.3,24.3,2018-08,2018,8,679.4615384615385,24.133333333333336
2018-08-11,17:00,287.3,24.2,2018-08,2018,8,679.4615384615385,24.133333333333336
2018-08-11,18:00,481.1,24.4,2018-08,2018,8,679.4615384615385,24.133333333333336
2018-08-11,19:00,955.3,25.2,2018-08,2018,8,679.4615384615385,24.133333333333336
2018-08-11,20:00,998.0,25.6,2018-08,2018,8,679.4615384615385,24.133333333333336
2018-08-11,21:00,390.3,25.2,2018-08,2018,8,679.4615384615385,24.133333333333336
2018-08-11,22:00,78.9,24.3,2018-08,2018,8,679.4615384615385,24.133333333333336
2018-09-11,10:00,105.6,23.0,2018-09,2018,9,1673.3153846153848,26.008333333333336
2018-09-11,11:00,514.8,24.6,2018-09,2018,9,1673.3153846153848,26.008333333333336
2018-09-11,12:00,1554.0,27.4,2018-09,2018,9,1673.3153846153848,26.008333333333336
2018-09-11,13:00,2513.9,29.2,2018-09,2018,9,1673.3153846153848,26.008333333333336
2018-09-11,14:00,2963.9,29.7,2018-09,2018,9,1673.3153846153848,26.008333333333336
2018-09-11,15:00,3474.5,31.4,2018-09,2018,9,1673.3153846153848,26.008333333333336
2018-09-11,16:00,3221.5,30.7,2018-09,2018,9,1673.3153846153848,26.008333333333336
2018-09-11,17:00,2559.4,31.3,2018-09,2018,9,1673.3153846153848,26.008333333333336
2018-09-11,18:00,2677.4,32.3,2018-09,2018,9,1673.3153846153848,26.008333333333336
2018-09-11,19:00,1606.2,27.9,2018-09,2018,9,1673.3153846153848,26.008333333333336
2018-09-11,20:00,266.3,26.8,2018-09,2018,9,1673.3153846153848,26.008333333333336
2018-09-11,21:00,252.1,27.6,2018-09,2018,9,1673.3153846153848,26.008333333333336
2018-09-11,22:00,43.5,26.0,2018-09,2018,9,1673.3153846153848,26.008333333333336
2018-10-11,10:00,49.5,22.5,2018-10,2018,10,1157.4153846153845,24.795833333333334
2018-10-11,11:00,193.4,22.6,2018-10,2018,10,1157.4153846153845,24.795833333333334
2018-10-11,12:00,637.8,23.3,2018-10,2018,10,1157.4153846153845,24.795833333333334
2018-10-11,13:00,1875.1,26.7,2018-10,2018,10,1157.4153846153845,24.795833333333334
2018-10-11,14:00,1906.5,27.7,2018-10,2018,10,1157.4153846153845,24.795833333333334
2018-10-11,15:00,2445.6,29.0,2018-10,2018,10,1157.4153846153845,24.795833333333334
2018-10-11,16:00,2776.5,28.9,2018-10,2018,10,1157.4153846153845,24.795833333333334
2018-10-11,17:00,2398.3,28.2,2018-10,2018,10,1157.4153846153845,24.795833333333334
2018-10-11,18:00,1299.1,26.9,2018-10,2018,10,1157.4153846153845,24.795833333333334
2018-10-11,19:00,460.7,25.8,2018-10,2018,10,1157.4153846153845,24.795833333333334
2018-10-11,20:00,376.6,25.4,2018-10,2018,10,1157.4153846153845,24.795833333333334
2018-10-11,21:00,591.2,24.5,2018-10,2018,10,1157.4153846153845,24.795833333333334
2018-10-11,22:00,36.1,23.6,2018-10,2018,10,1157.4153846153845,24.795833333333334
2018-11-11,10:00,86.9,21.5,2018-11,2018,11,1610.4846153846154,25.97083333333333
2018-11-11,11:00,504.3,22.5,2018-11,2018,11,1610.4846153846154,25.97083333333333
2018-11-11,12:00,884.4,24.8,2018-11,2018,11,1610.4846153846154,25.97083333333333
2018-11-11,13:00,2076.5,26.4,2018-11,2018,11,1610.4846153846154,25.97083333333333
2018-11-11,14:00,2654.4,28.9,2018-11,2018,11,1610.4846153846154,25.97083333333333
2018-11-11,15:00,2146.8,30.7,2018-11,2018,11,1610.4846153846154,25.97083333333333
2018-11-11,16:00,2355.9,31.0,2018-11,2018,11,1610.4846153846154,25.97083333333333
2018-11-11,17:00,2424.0,31.7,2018-11,2018,11,1610.4846153846154,25.97083333333333
2018-11-11,18:00,2878.6,32.6,2018-11,2018,11,1610.4846153846154,25.97083333333333
2018-11-11,19:00,2173.2,32.2,2018-11,2018,11,1610.4846153846154,25.97083333333333
2018-11-11,20:00,1788.4,32.0,2018-11,2018,11,1610.4846153846154,25.97083333333333
2018-11-11,21:00,816.6,31.0,2018-11,2018,11,1610.4846153846154,25.97083333333333
2018-11-11,22:00,146.3,28.9,2018-11,2018,11,1610.4846153846154,25.97083333333333
2018-12-11,10:00,169.8,24.3,2018-12,2018,12,1745.2714285714285,28.333333333333332
2018-12-11,11:00,888.7,27.5,2018-12,2018,12,1745.2714285714285,28.333333333333332
2018-12-11,12:00,1715.4,29.6,2018-12,2018,12,1745.2714285714285,28.333333333333332
2018-12-11,13:00,2465.4,30.0,2018-12,2018,12,1745.2714285714285,28.333333333333332
2018-12-11,14:00,2492.4,32.6,2018-12,2018,12,1745.2714285714285,28.333333333333332
2018-12-11,15:00,2989.5,32.4,2018-12,2018,12,1745.2714285714285,28.333333333333332
2018-12-11,16:00,1783.3,31.4,2018-12,2018,12,1745.2714285714285,28.333333333333332
2018-12-11,17:00,3137.8,33.4,2018-12,2018,12,1745.2714285714285,28.333333333333332
2018-12-11,18:00,2724.7,33.5,2018-12,2018,12,1745.2714285714285,28.333333333333332
2018-12-11,19:00,2696.5,34.6,2018-12,2018,12,1745.2714285714285,28.333333333333332
2018-12-11,20:00,2083.4,34.4,2018-12,2018,12,1745.2714285714285,28.333333333333332
2018-12-11,21:00,1067.4,31.9,2018-12,2018,12,1745.2714285714285,28.333333333333332
2018-12-11,22:00,219.4,28.5,2018-12,2018,12,1745.2714285714285,28.333333333333332
2018-12-11,23:00,0.1,28.5,2018-12,2018,12,1745.2714285714285,28.333333333333332
2018-01-12,10:00,34.6,21.9,2018-01,2018,1,415.0,22.7
2018-01-12,11:00,121.5,22.4,2018-01,2018,1,415.0,22.7
2018-01-12,12:00,271.8,22.9,2018-01,2018,1,415.0,22.7
2018-01-12,13:00,725.9,23.8,2018-01,2018,1,415.0,22.7
2018-01-12,14:00,623.5,24.6,2018-01,2018,1,415.0,22.7
2018-01-12,15:00,429.4,22.7,2018-01,2018,1,415.0,22.7
2018-01-12,16:00,488.4,22.9,2018-01,2018,1,415.0,22.7
2018-01-12,17:00,404.0,23.1,2018-01,2018,1,415.0,22.7
2018-01-12,18:00,604.0,23.9,2018-01,2018,1,415.0,22.7
2018-01-12,19:00,694.5,24.1,2018-01,2018,1,415.0,22.7
2018-01-12,20:00,439.4,24.1,2018-01,2018,1,415.0,22.7
2018-01-12,21:00,464.7,24.5,2018-01,2018,1,415.0,22.7
2018-01-12,22:00,93.3,23.9,2018-01,2018,1,415.0,22.7
2018-02-12,10:00,61.4,22.5,2018-02,2018,2,867.9538461538461,23.7
2018-02-12,11:00,60.2,22.3,2018-02,2018,2,867.9538461538461,23.7
2018-02-12,12:00,250.2,22.4,2018-02,2018,2,867.9538461538461,23.7
2018-02-12,13:00,835.5,23.2,2018-02,2018,2,867.9538461538461,23.7
2018-02-12,14:00,1269.9,23.6,2018-02,2018,2,867.9538461538461,23.7
2018-02-12,15:00,1363.1,24.9,2018-02,2018,2,867.9538461538461,23.7
2018-02-12,16:00,1740.1,26.7,2018-02,2018,2,867.9538461538461,23.7
2018-02-12,17:00,1327.0,26.3,2018-02,2018,2,867.9538461538461,23.7
2018-02-12,18:00,2451.7,28.7,2018-02,2018,2,867.9538461538461,23.7
2018-02-12,19:00,756.8,24.6,2018-02,2018,2,867.9538461538461,23.7
2018-02-12,20:00,592.3,24.9,2018-02,2018,2,867.9538461538461,23.7
2018-02-12,21:00,495.7,24.9,2018-02,2018,2,867.9538461538461,23.7
2018-02-12,22:00,79.5,24.0,2018-02,2018,2,867.9538461538461,23.7
2018-03-12,10:00,25.0,21.7,2018-03,2018,3,805.9000000000001,23.441666666666666
2018-03-12,11:00,154.8,22.0,2018-03,2018,3,805.9000000000001,23.441666666666666
2018-03-12,12:00,314.7,22.1,2018-03,2018,3,805.9000000000001,23.441666666666666
2018-03-12,13:00,476.3,22.6,2018-03,2018,3,805.9000000000001,23.441666666666666
2018-03-12,14:00,621.1,23.0,2018-03,2018,3,805.9000000000001,23.441666666666666
2018-03-12,15:00,737.3,22.5,2018-03,2018,3,805.9000000000001,23.441666666666666
2018-03-12,16:00,720.1,23.2,2018-03,2018,3,805.9000000000001,23.441666666666666
2018-03-12,17:00,1654.0,25.0,2018-03,2018,3,805.9000000000001,23.441666666666666
2018-03-12,18:00,2135.8,25.5,2018-03,2018,3,805.9000000000001,23.441666666666666
2018-03-12,19:00,1565.0,26.8,2018-03,2018,3,805.9000000000001,23.441666666666666
2018-03-12,20:00,1204.5,27.4,2018-03,2018,3,805.9000000000001,23.441666666666666
2018-03-12,21:00,801.9,26.6,2018-03,2018,3,805.9000000000001,23.441666666666666
2018-03-12,22:00,66.2,25.0,2018-03,2018,3,805.9000000000001,23.441666666666666
2018-04-12,10:00,47.1,22.3,2018-04,2018,4,1057.746153846154,24.433333333333334
2018-04-12,11:00,282.7,22.9,2018-04,2018,4,1057.746153846154,24.433333333333334
2018-04-12,12:00,729.8,24.2,2018-04,2018,4,1057.746153846154,24.433333333333334
2018-04-12,13:00,1085.5,25.1,2018-04,2018,4,1057.746153846154,24.433333333333334
2018-04-12,14:00,1276.7,25.9,2018-04,2018,4,1057.746153846154,24.433333333333334
2018-04-12,15:00,1504.0,26.9,2018-04,2018,4,1057.746153846154,24.433333333333334
2018-04-12,16:00,2341.2,28.6,2018-04,2018,4,1057.746153846154,24.433333333333334
2018-04-12,17:00,1731.3,27.5,2018-04,2018,4,1057.746153846154,24.433333333333334
2018-04-12,18:00,1480.9,27.9,2018-04,2018,4,1057.746153846154,24.433333333333334
2018-04-12,19:00,1245.0,27.6,2018-04,2018,4,1057.746153846154,24.433333333333334
2018-04-12,20:00,1251.0,28.4,2018-04,2018,4,1057.746153846154,24.433333333333334
2018-04-12,21:00,652.2,25.5,2018-04,2018,4,1057.746153846154,24.433333333333334
2018-04-12,22:00,123.3,24.5,2018-04,2018,4,1057.746153846154,24.433333333333334
2018-05-12,10:00,89.9,22.8,2018-05,2018,5,954.3846153846154,24.1375
2018-05-12,11:00,403.5,23.6,2018-05,2018,5,954.3846153846154,24.1375
2018-05-12,12:00,958.7,24.4,2018-05,2018,5,954.3846153846154,24.1375
2018-05-12,13:00,1206.5,25.8,2018-05,2018,5,954.3846153846154,24.1375
2018-05-12,14:00,1336.7,25.3,2018-05,2018,5,954.3846153846154,24.1375
2018-05-12,15:00,1308.2,27.5,2018-05,2018,5,954.3846153846154,24.1375
2018-05-12,16:00,3024.1,29.1,2018-05,2018,5,954.3846153846154,24.1375
2018-05-12,17:00,1513.2,27.5,2018-05,2018,5,954.3846153846154,24.1375
2018-05-12,18:00,1011.2,26.9,2018-05,2018,5,954.3846153846154,24.1375
2018-05-12,19:00,703.9,25.3,2018-05,2018,5,954.3846153846154,24.1375
2018-05-12,20:00,392.6,24.1,2018-05,2018,5,954.3846153846154,24.1375
2018-05-12,21:00,362.0,23.8,2018-05,2018,5,954.3846153846154,24.1375
2018-05-12,22:00,96.5,23.5,2018-05,2018,5,954.3846153846154,24.1375
2018-06-12,10:00,57.5,22.2,2018-06,2018,6,1190.4642857142858,25.15833333333333
2018-06-12,11:00,259.8,23.0,2018-06,2018,6,1190.4642857142858,25.15833333333333
2018-06-12,12:00,818.5,24.6,2018-06,2018,6,1190.4642857142858,25.15833333333333
2018-06-12,13:00,1362.1,25.7,2018-06,2018,6,1190.4642857142858,25.15833333333333
2018-06-12,14:00,1406.7,27.0,2018-06,2018,6,1190.4642857142858,25.15833333333333
2018-06-12,15:00,1848.4,28.0,2018-06,2018,6,1190.4642857142858,25.15833333333333
2018-06-12,16:00,3140.5,29.5,2018-06,2018,6,1190.4642857142858,25.15833333333333
2018-06-12,17:00,2524.9,30.0,2018-06,2018,6,1190.4642857142858,25.15833333333333
2018-06-12,18:00,2459.5,30.3,2018-06,2018,6,1190.4642857142858,25.15833333333333
2018-06-12,19:00,1349.7,30.2,2018-06,2018,6,1190.4642857142858,25.15833333333333
2018-06-12,20:00,637.9,29.0,2018-06,2018,6,1190.4642857142858,25.15833333333333
2018-06-12,21:00,497.0,29.4,2018-06,2018,6,1190.4642857142858,25.15833333333333
2018-06-12,22:00,303.6,28.3,2018-06,2018,6,1190.4642857142858,25.15833333333333
2018-06-12,23:00,0.4,23.9,2018-06,2018,6,1190.4642857142858,25.15833333333333
2018-07-12,10:00,86.4,22.1,2018-07,2018,7,1295.1538461538462,25.454166666666666
2018-07-12,11:00,542.4,23.4,2018-07,2018,7,1295.1538461538462,25.454166666666666
2018-07-12,12:00,823.0,24.6,2018-07,2018,7,1295.1538461538462,25.454166666666666
2018-07-12,13:00,1321.8,25.7,2018-07,2018,7,1295.1538461538462,25.454166666666666
2018-07-12,14:00,1664.5,27.7,2018-07,2018,7,1295.1538461538462,25.454166666666666
2018-07-12,15:00,1687.8,28.7,2018-07,2018,7,1295.1538461538462,25.454166666666666
2018-07-12,16:00,3095.1,29.6,2018-07,2018,7,1295.1538461538462,25.454166666666666
2018-07-12,17:00,2227.6,30.0,2018-07,2018,7,1295.1538461538462,25.454166666666666
2018-07-12,18:00,1172.5,30.7,2018-07,2018,7,1295.1538461538462,25.454166666666666
2018-07-12,19:00,1888.9,32.2,2018-07,2018,7,1295.1538461538462,25.454166666666666
2018-07-12,20:00,1331.5,30.8,2018-07,2018,7,1295.1538461538462,25.454166666666666
2018-07-12,21:00,841.2,31.3,2018-07,2018,7,1295.1538461538462,25.454166666666666
2018-07-12,22:00,154.3,23.7,2018-07,2018,7,1295.1538461538462,25.454166666666666
2018-08-12,02:00,0.4,22.7,2018-08,2018,8,1104.7214285714285,24.962500000000002
2018-08-12,10:00,81.0,22.1,2018-08,2018,8,1104.7214285714285,24.962500000000002
2018-08-12,11:00,373.8,23.2,2018-08,2018,8,1104.7214285714285,24.962500000000002
2018-08-12,12:00,680.8,24.4,2018-08,2018,8,1104.7214285714285,24.962500000000002
2018-08-12,13:00,1193.1,25.9,2018-08,2018,8,1104.7214285714285,24.962500000000002
2018-08-12,14:00,2274.0,28.1,2018-08,2018,8,1104.7214285714285,24.962500000000002
2018-08-12,15:00,2229.7,29.6,2018-08,2018,8,1104.7214285714285,24.962500000000002
2018-08-12,16:00,1335.6,29.2,2018-08,2018,8,1104.7214285714285,24.962500000000002
2018-08-12,17:00,1692.3,30.2,2018-08,2018,8,1104.7214285714285,24.962500000000002
2018-08-12,18:00,2635.6,30.2,2018-08,2018,8,1104.7214285714285,24.962500000000002
2018-08-12,19:00,1676.2,30.2,2018-08,2018,8,1104.7214285714285,24.962500000000002
2018-08-12,20:00,734.4,28.2,2018-08,2018,8,1104.7214285714285,24.962500000000002
2018-08-12,21:00,436.7,27.3,2018-08,2018,8,1104.7214285714285,24.962500000000002
2018-08-12,22:00,122.5,24.8,2018-08,2018,8,1104.7214285714285,24.962500000000002
2018-09-12,07:00,0.1,23.4,2018-09,2018,9,916.0571428571428,24.325
2018-09-12,10:00,79.4,23.0,2018-09,2018,9,916.0571428571428,24.325
2018-09-12,11:00,464.2,23.9,2018-09,2018,9,916.0571428571428,24.325
2018-09-12,12:00,876.8,25.2,2018-09,2018,9,916.0571428571428,24.325
2018-09-12,13:00,981.7,25.6,2018-09,2018,9,916.0571428571428,24.325
2018-09-12,14:00,1169.5,26.8,2018-09,2018,9,916.0571428571428,24.325
2018-09-12,15:00,1856.7,28.3,2018-09,2018,9,916.0571428571428,24.325
2018-09-12,16:00,2541.1,28.8,2018-09,2018,9,916.0571428571428,24.325
2018-09-12,17:00,2061.0,29.4,2018-09,2018,9,916.0571428571428,24.325
2018-09-12,18:00,1522.7,27.3,2018-09,2018,9,916.0571428571428,24.325
2018-09-12,19:00,344.9,22.5,2018-09,2018,9,916.0571428571428,24.325
2018-09-12,20:00,258.1,21.9,2018-09,2018,9,916.0571428571428,24.325
2018-09-12,21:00,430.7,23.2,2018-09,2018,9,916.0571428571428,24.325
2018-09-12,22:00,237.9,22.5,2018-09,2018,9,916.0571428571428,24.325
2018-10-12,09:00,0.1,22.7,2018-10,2018,10,1319.6642857142856,24.3875
2018-10-12,10:00,46.1,22.6,2018-10,2018,10,1319.6642857142856,24.3875
2018-10-12,11:00,266.6,22.9,2018-10,2018,10,1319.6642857142856,24.3875
2018-10-12,12:00,595.7,23.9,2018-10,2018,10,1319.6642857142856,24.3875
2018-10-12,13:00,944.9,24.8,2018-10,2018,10,1319.6642857142856,24.3875
2018-10-12,14:00,1859.1,26.6,2018-10,2018,10,1319.6642857142856,24.3875
2018-10-12,15:00,2346.9,26.0,2018-10,2018,10,1319.6642857142856,24.3875
2018-10-12,16:00,2450.1,26.2,2018-10,2018,10,1319.6642857142856,24.3875
2018-10-12,17:00,2860.8,28.3,2018-10,2018,10,1319.6642857142856,24.3875
2018-10-12,18:00,3018.8,28.8,2018-10,2018,10,1319.6642857142856,24.3875
2018-10-12,19:00,1927.8,26.5,2018-10,2018,10,1319.6642857142856,24.3875
2018-10-12,20:00,1173.6,26.7,2018-10,2018,10,1319.6642857142856,24.3875
2018-10-12,21:00,785.2,25.6,2018-10,2018,10,1319.6642857142856,24.3875
2018-10-12,22:00,199.6,24.4,2018-10,2018,10,1319.6642857142856,24.3875
2018-11-12,10:00,112.0,22.7,2018-11,2018,11,1805.5615384615385,25.983333333333334
2018-11-12,11:00,729.1,24.4,2018-11,2018,11,1805.5615384615385,25.983333333333334
2018-11-12,12:00,1465.4,26.1,2018-11,2018,11,1805.5615384615385,25.983333333333334
2018-11-12,13:00,2072.9,28.1,2018-11,2018,11,1805.5615384615385,25.983333333333334
2018-11-12,14:00,3029.0,29.0,2018-11,2018,11,1805.5615384615385,25.983333333333334
2018-11-12,15:00,3272.2,30.0,2018-11,2018,11,1805.5615384615385,25.983333333333334
2018-11-12,16:00,2518.7,29.5,2018-11,2018,11,1805.5615384615385,25.983333333333334
2018-11-12,17:00,3113.2,29.9,2018-11,2018,11,1805.5615384615385,25.983333333333334
2018-11-12,18:00,2019.8,30.2,2018-11,2018,11,1805.5615384615385,25.983333333333334
2018-11-12,19:00,2658.6,31.1,2018-11,2018,11,1805.5615384615385,25.983333333333334
2018-11-12,20:00,1841.4,30.4,2018-11,2018,11,1805.5615384615385,25.983333333333334
2018-11-12,21:00,401.5,28.0,2018-11,2018,11,1805.5615384615385,25.983333333333334
2018-11-12,22:00,238.5,27.2,2018-11,2018,11,1805.5615384615385,25.983333333333334
2018-12-12,10:00,104.9,24.2,2018-12,2018,12,1722.2000000000003,27.008333333333336
2018-12-12,11:00,839.6,26.0,2018-12,2018,12,1722.2000000000003,27.008333333333336
2018-12-12,12:00,1641.8,27.9,2018-12,2018,12,1722.2000000000003,27.008333333333336
2018-12-12,13:00,2363.7,29.5,2018-12,2018,12,1722.2000000000003,27.008333333333336
2018-12-12,14:00,2211.5,30.1,2018-12,2018,12,1722.2000000000003,27.008333333333336
2018-12-12,15:00,2943.3,30.5,2018-12,2018,12,1722.2000000000003,27.008333333333336
2018-12-12,16:00,2706.9,31.3,2018-12,2018,12,1722.2000000000003,27.008333333333336
2018-12-12,17:00,3307.3,32.5,2018-12,2018,12,1722.2000000000003,27.008333333333336
2018-12-12,18:00,2404.9,30.8,2018-12,2018,12,1722.2000000000003,27.008333333333336
2018-12-12,19:00,1966.3,30.8,2018-12,2018,12,1722.2000000000003,27.008333333333336
2018-12-12,20:00,1645.9,30.9,2018-12,2018,12,1722.2000000000003,27.008333333333336
2018-12-12,21:00,192.5,29.8,2018-12,2018,12,1722.2000000000003,27.008333333333336
2018-12-12,22:00,60.0,28.7,2018-12,2018,12,1722.2000000000003,27.008333333333336
2019-01-01,1000 UTC,4.5,21.4,2019-01,2019,1,1056.9461538461537,23.287499999999998
2019-01-01,1100 UTC,21.4,21.5,2019-01,2019,1,1056.9461538461537,23.287499999999998
2019-01-01,1200 UTC,114.6,21.4,2019-01,2019,1,1056.9461538461537,23.287499999999998
2019-01-01,1300 UTC,267.6,21.1,2019-01,2019,1,1056.9461538461537,23.287499999999998
2019-01-01,1400 UTC,796.4,22.1,2019-01,2019,1,1056.9461538461537,23.287499999999998
2019-01-01,1500 UTC,878.4,22.1,2019-01,2019,1,1056.9461538461537,23.287499999999998
2019-01-01,1600 UTC,1771.1,23.6,2019-01,2019,1,1056.9461538461537,23.287499999999998
2019-01-01,1700 UTC,1851.5,25.9,2019-01,2019,1,1056.9461538461537,23.287499999999998
2019-01-01,1800 UTC,2081.9,27.3,2019-01,2019,1,1056.9461538461537,23.287499999999998
2019-01-01,1900 UTC,2694.5,27.8,2019-01,2019,1,1056.9461538461537,23.287499999999998
2019-01-01,2000 UTC,2025.9,28.8,2019-01,2019,1,1056.9461538461537,23.287499999999998
2019-01-01,2100 UTC,923.4,27.6,2019-01,2019,1,1056.9461538461537,23.287499999999998
2019-01-01,2200 UTC,309.1,24.9,2019-01,2019,1,1056.9461538461537,23.287499999999998
2019-02-01,1000 UTC,62.5,21.8,2019-02,2019,2,1391.1153846153845,24.71666666666667
2019-02-01,1100 UTC,470.0,23.5,2019-02,2019,2,1391.1153846153845,24.71666666666667
2019-02-01,1200 UTC,720.6,25.2,2019-02,2019,2,1391.1153846153845,24.71666666666667
2019-02-01,1300 UTC,1552.7,26.7,2019-02,2019,2,1391.1153846153845,24.71666666666667
2019-02-01,1400 UTC,2181.0,28.3,2019-02,2019,2,1391.1153846153845,24.71666666666667
2019-02-01,1500 UTC,2852.9,29.6,2019-02,2019,2,1391.1153846153845,24.71666666666667
2019-02-01,1600 UTC,3453.7,30.7,2019-02,2019,2,1391.1153846153845,24.71666666666667
2019-02-01,1700 UTC,3273.0,31.6,2019-02,2019,2,1391.1153846153845,24.71666666666667
2019-02-01,1800 UTC,1180.0,25.2,2019-02,2019,2,1391.1153846153845,24.71666666666667
2019-02-01,1900 UTC,298.6,25.1,2019-02,2019,2,1391.1153846153845,24.71666666666667
2019-02-01,2000 UTC,597.8,26.8,2019-02,2019,2,1391.1153846153845,24.71666666666667
2019-02-01,2100 UTC,1201.3,27.9,2019-02,2019,2,1391.1153846153845,24.71666666666667
2019-02-01,2200 UTC,240.4,25.9,2019-02,2019,2,1391.1153846153845,24.71666666666667
2019-03-01,1000 UTC,47.7,22.0,2019-03,2019,3,1732.6642857142856,26.5125
2019-03-01,1100 UTC,323.8,23.4,2019-03,2019,3,1732.6642857142856,26.5125
2019-03-01,1200 UTC,1224.7,26.3,2019-03,2019,3,1732.6642857142856,26.5125
2019-03-01,1300 UTC,2315.0,29.1,2019-03,2019,3,1732.6642857142856,26.5125
2019-03-01,1400 UTC,2843.9,29.9,2019-03,2019,3,1732.6642857142856,26.5125
2019-03-01,1500 UTC,3294.1,31.6,2019-03,2019,3,1732.6642857142856,26.5125
2019-03-01,1600 UTC,3158.3,31.9,2019-03,2019,3,1732.6642857142856,26.5125
2019-03-01,1700 UTC,3336.8,32.4,2019-03,2019,3,1732.6642857142856,26.5125
2019-03-01,1800 UTC,2674.7,32.1,2019-03,2019,3,1732.6642857142856,26.5125
2019-03-01,1900 UTC,2279.8,32.9,2019-03,2019,3,1732.6642857142856,26.5125
2019-03-01,2000 UTC,1656.6,32.1,2019-03,2019,3,1732.6642857142856,26.5125
2019-03-01,2100 UTC,851.9,31.6,2019-03,2019,3,1732.6642857142856,26.5125
2019-03-01,2200 UTC,249.4,29.9,2019-03,2019,3,1732.6642857142856,26.5125
2019-03-01,2300 UTC,0.6,27.6,2019-03,2019,3,1732.6642857142856,26.5125
2019-04-01,0900 UTC,0.9,21.4,2019-04,2019,4,997.8133333333333,25.162499999999998
2019-04-01,1000 UTC,53.3,21.7,2019-04,2019,4,997.8133333333333,25.162499999999998
2019-04-01,1100 UTC,127.1,22.3,2019-04,2019,4,997.8133333333333,25.162499999999998
2019-04-01,1200 UTC,1355.7,24.4,2019-04,2019,4,997.8133333333333,25.162499999999998
2019-04-01,1300 UTC,2147.7,27.3,2019-04,2019,4,997.8133333333333,25.162499999999998
2019-04-01,1400 UTC,2891.2,30.3,2019-04,2019,4,997.8133333333333,25.162499999999998
2019-04-01,1500 UTC,2728.5,29.5,2019-04,2019,4,997.8133333333333,25.162499999999998
2019-04-01,1600 UTC,2296.0,30.1,2019-04,2019,4,997.8133333333333,25.162499999999998
2019-04-01,1700 UTC,1541.6,30.1,2019-04,2019,4,997.8133333333333,25.162499999999998
2019-04-01,1800 UTC,878.3,24.7,2019-04,2019,4,997.8133333333333,25.162499999999998
2019-04-01,1900 UTC,59.6,22.6,2019-04,2019,4,997.8133333333333,25.162499999999998
2019-04-01,2000 UTC,266.7,23.1,2019-04,2019,4,997.8133333333333,25.162499999999998
2019-04-01,2100 UTC,426.7,24.2,2019-04,2019,4,997.8133333333333,25.162499999999998
2019-04-01,2200 UTC,188.0,23.6,2019-04,2019,4,997.8133333333333,25.162499999999998
2019-04-01,2300 UTC,5.9,23.8,2019-04,2019,4,997.8133333333333,25.162499999999998
2019-05-01,1000 UTC,39.3,22.3,2019-05,2019,5,927.4153846153846,24.25
2019-05-01,1100 UTC,421.6,24.1,2019-05,2019,5,927.4153846153846,24.25
2019-05-01,1200 UTC,869.8,25.3,2019-05,2019,5,927.4153846153846,24.25
2019-05-01,1300 UTC,1461.1,27.4,2019-05,2019,5,927.4153846153846,24.25
2019-05-01,1400 UTC,2229.7,29.1,2019-05,2019,5,927.4153846153846,24.25
2019-05-01,1500 UTC,3030.3,30.4,2019-05,2019,5,927.4153846153846,24.25
2019-05-01,1600 UTC,2555.6,30.6,2019-05,2019,5,927.4153846153846,24.25
2019-05-01,1700 UTC,541.2,23.5,2019-05,2019,5,927.4153846153846,24.25
2019-05-01,1800 UTC,404.3,22.9,2019-05,2019,5,927.4153846153846,24.25
2019-05-01,1900 UTC,157.0,23.2,2019-05,2019,5,927.4153846153846,24.25
2019-05-01,2000 UTC,180.3,23.7,2019-05,2019,5,927.4153846153846,24.25
2019-05-01,2100 UTC,101.4,23.7,2019-05,2019,5,927.4153846153846,24.25
2019-05-01,2200 UTC,64.8,23.4,2019-05,2019,5,927.4153846153846,24.25
2019-06-01,1000 UTC,42.5,21.9,2019-06,2019,6,1491.0214285714285,25.25
2019-06-01,1100 UTC,257.8,22.6,2019-06,2019,6,1491.0214285714285,25.25
2019-06-01,1200 UTC,656.0,23.8,2019-06,2019,6,1491.0214285714285,25.25
2019-06-01,1300 UTC,1394.6,25.4,2019-06,2019,6,1491.0214285714285,25.25
2019-06-01,1400 UTC,1786.9,27.1,2019-06,2019,6,1491.0214285714285,25.25
2019-06-01,1500 UTC,2372.5,28.7,2019-06,2019,6,1491.0214285714285,25.25
2019-06-01,1600 UTC,2785.7,29.6,2019-06,2019,6,1491.0214285714285,25.25
2019-06-01,1700 UTC,3586.1,30.9,2019-06,2019,6,1491.0214285714285,25.25
2019-06-01,1800 UTC,3129.6,30.0,2019-06,2019,6,1491.0214285714285,25.25
2019-06-01,1900 UTC,2414.9,31.2,2019-06,2019,6,1491.0214285714285,25.25
2019-06-01,2000 UTC,1974.4,30.5,2019-06,2019,6,1491.0214285714285,25.25
2019-06-01,2100 UTC,315.5,29.0,2019-06,2019,6,1491.0214285714285,25.25
2019-06-01,2200 UTC,157.3,26.9,2019-06,2019,6,1491.0214285714285,25.25
2019-06-01,2300 UTC,0.5,26.2,2019-06,2019,6,1491.0214285714285,25.25
2019-07-01,1000 UTC,22.7,23.5,2019-07,2019,7,1029.123076923077,24.895833333333332
2019-07-01,1100 UTC,333.3,24.3,2019-07,2019,7,1029.123076923077,24.895833333333332
2019-07-01,1200 UTC,556.0,24.2,2019-07,2019,7,1029.123076923077,24.895833333333332
2019-07-01,1300 UTC,274.1,23.6,2019-07,2019,7,1029.123076923077,24.895833333333332
2019-07-01,1400 UTC,734.6,24.4,2019-07,2019,7,1029.123076923077,24.895833333333332
2019-07-01,1500 UTC,964.5,25.1,2019-07,2019,7,1029.123076923077,24.895833333333332
2019-07-01,1600 UTC,1642.4,26.0,2019-07,2019,7,1029.123076923077,24.895833333333332
2019-07-01,1700 UTC,1875.1,26.4,2019-07,2019,7,1029.123076923077,24.895833333333332
2019-07-01,1800 UTC,2286.6,27.2,2019-07,2019,7,1029.123076923077,24.895833333333332
2019-07-01,1900 UTC,2192.5,28.1,2019-07,2019,7,1029.123076923077,24.895833333333332
2019-07-01,2000 UTC,1773.0,27.4,2019-07,2019,7,1029.123076923077,24.895833333333332
2019-07-01,2100 UTC,602.8,27.0,2019-07,2019,7,1029.123076923077,24.895833333333332
2019-07-01,2200 UTC,121.0,23.6,2019-07,2019,7,1029.123076923077,24.895833333333332
2019-08-01,1000 UTC,75.1,22.1,2019-08,2019,8,1794.1846153846152,25.754166666666666
2019-08-01,1100 UTC,882.5,24.1,2019-08,2019,8,1794.1846153846152,25.754166666666666
2019-08-01,1200 UTC,1344.1,26.6,2019-08,2019,8,1794.1846153846152,25.754166666666666
2019-08-01,1300 UTC,1599.3,27.1,2019-08,2019,8,1794.1846153846152,25.754166666666666
2019-08-01,1400 UTC,1277.9,27.0,2019-08,2019,8,1794.1846153846152,25.754166666666666
2019-08-01,1500 UTC,2656.5,29.8,2019-08,2019,8,1794.1846153846152,25.754166666666666
2019-08-01,1600 UTC,3418.1,30.3,2019-08,2019,8,1794.1846153846152,25.754166666666666
2019-08-01,1700 UTC,3242.4,30.7,2019-08,2019,8,1794.1846153846152,25.754166666666666
2019-08-01,1800 UTC,3218.3,30.8,2019-08,2019,8,1794.1846153846152,25.754166666666666
2019-08-01,1900 UTC,2454.6,31.5,2019-08,2019,8,1794.1846153846152,25.754166666666666
2019-08-01,2000 UTC,1911.6,31.1,2019-08,2019,8,1794.1846153846152,25.754166666666666
2019-08-01,2100 UTC,1019.4,29.9,2019-08,2019,8,1794.1846153846152,25.754166666666666
2019-08-01,2200 UTC,224.6,28.9,2019-08,2019,8,1794.1846153846152,25.754166666666666
2019-09-01,1000 UTC,51.1,22.3,2019-09,2019,9,1519.2714285714285,25.679166666666664
2019-09-01,1100 UTC,206.7,22.2,2019-09,2019,9,1519.2714285714285,25.679166666666664
2019-09-01,1200 UTC,1053.5,24.1,2019-09,2019,9,1519.2714285714285,25.679166666666664
2019-09-01,1300 UTC,1580.8,25.5,2019-09,2019,9,1519.2714285714285,25.679166666666664
2019-09-01,1400 UTC,2538.6,27.4,2019-09,2019,9,1519.2714285714285,25.679166666666664
2019-09-01,1500 UTC,2404.0,27.8,2019-09,2019,9,1519.2714285714285,25.679166666666664
2019-09-01,1600 UTC,2746.3,29.6,2019-09,2019,9,1519.2714285714285,25.679166666666664
2019-09-01,1700 UTC,2093.5,30.3,2019-09,2019,9,1519.2714285714285,25.679166666666664
2019-09-01,1800 UTC,2802.0,30.9,2019-09,2019,9,1519.2714285714285,25.679166666666664
2019-09-01,1900 UTC,2454.0,31.3,2019-09,2019,9,1519.2714285714285,25.679166666666664
2019-09-01,2000 UTC,1824.2,28.2,2019-09,2019,9,1519.2714285714285,25.679166666666664
2019-09-01,2100 UTC,1232.2,28.6,2019-09,2019,9,1519.2714285714285,25.679166666666664
2019-09-01,2200 UTC,282.1,26.4,2019-09,2019,9,1519.2714285714285,25.679166666666664
2019-09-01,2300 UTC,0.8,25.4,2019-09,2019,9,1519.2714285714285,25.679166666666664
2019-10-01,1000 UTC,32.0,21.5,2019-10,2019,10,1328.0285714285715,24.90416666666667
2019-10-01,1100 UTC,278.8,22.7,2019-10,2019,10,1328.0285714285715,24.90416666666667
2019-10-01,1200 UTC,541.3,23.2,2019-10,2019,10,1328.0285714285715,24.90416666666667
2019-10-01,1300 UTC,593.0,24.7,2019-10,2019,10,1328.0285714285715,24.90416666666667
2019-10-01,1400 UTC,2196.8,27.1,2019-10,2019,10,1328.0285714285715,24.90416666666667
2019-10-01,1500 UTC,2413.9,27.9,2019-10,2019,10,1328.0285714285715,24.90416666666667
2019-10-01,1600 UTC,3252.0,30.1,2019-10,2019,10,1328.0285714285715,24.90416666666667
2019-10-01,1700 UTC,2739.0,30.7,2019-10,2019,10,1328.0285714285715,24.90416666666667
2019-10-01,1800 UTC,2801.6,29.9,2019-10,2019,10,1328.0285714285715,24.90416666666667
2019-10-01,1900 UTC,2740.7,29.5,2019-10,2019,10,1328.0285714285715,24.90416666666667
2019-10-01,2000 UTC,862.3,28.0,2019-10,2019,10,1328.0285714285715,24.90416666666667
2019-10-01,2100 UTC,78.5,25.0,2019-10,2019,10,1328.0285714285715,24.90416666666667
2019-10-01,2200 UTC,61.7,24.3,2019-10,2019,10,1328.0285714285715,24.90416666666667
2019-10-01,2300 UTC,0.8,24.5,2019-10,2019,10,1328.0285714285715,24.90416666666667
2019-11-01,1000 UTC,26.9,20.8,2019-11,2019,11,1229.1153846153845,24.254166666666666
2019-11-01,1100 UTC,474.3,22.6,2019-11,2019,11,1229.1153846153845,24.254166666666666
2019-11-01,1200 UTC,1391.5,23.9,2019-11,2019,11,1229.1153846153845,24.254166666666666
2019-11-01,1300 UTC,2128.9,25.9,2019-11,2019,11,1229.1153846153845,24.254166666666666
2019-11-01,1400 UTC,2399.6,27.0,2019-11,2019,11,1229.1153846153845,24.254166666666666
2019-11-01,1500 UTC,1997.0,27.9,2019-11,2019,11,1229.1153846153845,24.254166666666666
2019-11-01,1600 UTC,1622.3,28.1,2019-11,2019,11,1229.1153846153845,24.254166666666666
2019-11-01,1700 UTC,1836.6,28.9,2019-11,2019,11,1229.1153846153845,24.254166666666666
2019-11-01,1800 UTC,1689.3,29.3,2019-11,2019,11,1229.1153846153845,24.254166666666666
2019-11-01,1900 UTC,921.6,27.2,2019-11,2019,11,1229.1153846153845,24.254166666666666
2019-11-01,2000 UTC,1039.3,25.7,2019-11,2019,11,1229.1153846153845,24.254166666666666
2019-11-01,2100 UTC,368.8,24.7,2019-11,2019,11,1229.1153846153845,24.254166666666666
2019-11-01,2200 UTC,82.4,24.4,2019-11,2019,11,1229.1153846153845,24.254166666666666
2019-12-01,1000 UTC,52.1,21.3,2019-12,2019,12,1825.6846153846154,25.40833333333333
2019-12-01,1100 UTC,321.6,22.0,2019-12,2019,12,1825.6846153846154,25.40833333333333
2019-12-01,1200 UTC,1029.7,24.2,2019-12,2019,12,1825.6846153846154,25.40833333333333
2019-12-01,1300 UTC,1073.8,25.7,2019-12,2019,12,1825.6846153846154,25.40833333333333
2019-12-01,1400 UTC,2410.1,28.6,2019-12,2019,12,1825.6846153846154,25.40833333333333
2019-12-01,1500 UTC,3051.9,29.1,2019-12,2019,12,1825.6846153846154,25.40833333333333
2019-12-01,1600 UTC,3194.9,30.1,2019-12,2019,12,1825.6846153846154,25.40833333333333
2019-12-01,1700 UTC,3446.2,31.5,2019-12,2019,12,1825.6846153846154,25.40833333333333
2019-12-01,1800 UTC,3455.1,31.0,2019-12,2019,12,1825.6846153846154,25.40833333333333
2019-12-01,1900 UTC,2314.2,31.9,2019-12,2019,12,1825.6846153846154,25.40833333333333
2019-12-01,2000 UTC,2167.8,31.8,2019-12,2019,12,1825.6846153846154,25.40833333333333
2019-12-01,2100 UTC,1137.3,29.8,2019-12,2019,12,1825.6846153846154,25.40833333333333
2019-12-01,2200 UTC,79.2,27.2,2019-12,2019,12,1825.6846153846154,25.40833333333333
2019-01-02,1000 UTC,24.6,22.4,2019-01,2019,1,1387.7357142857143,27.474999999999998
2019-01-02,1100 UTC,409.0,24.4,2019-01,2019,1,1387.7357142857143,27.474999999999998
2019-01-02,1200 UTC,1221.9,27.3,2019-01,2019,1,1387.7357142857143,27.474999999999998
2019-01-02,1300 UTC,2047.6,29.8,2019-01,2019,1,1387.7357142857143,27.474999999999998
2019-01-02,1400 UTC,2745.7,31.6,2019-01,2019,1,1387.7357142857143,27.474999999999998
2019-01-02,1500 UTC,3261.5,33.2,2019-01,2019,1,1387.7357142857143,27.474999999999998
2019-01-02,1600 UTC,3171.6,33.1,2019-01,2019,1,1387.7357142857143,27.474999999999998
2019-01-02,1700 UTC,2137.3,33.1,2019-01,2019,1,1387.7357142857143,27.474999999999998
2019-01-02,1800 UTC,1625.7,33.3,2019-01,2019,1,1387.7357142857143,27.474999999999998
2019-01-02,1900 UTC,996.9,32.3,2019-01,2019,1,1387.7357142857143,27.474999999999998
2019-01-02,2000 UTC,873.0,32.7,2019-01,2019,1,1387.7357142857143,27.474999999999998
2019-01-02,2100 UTC,700.7,31.9,2019-01,2019,1,1387.7357142857143,27.474999999999998
2019-01-02,2200 UTC,212.1,28.0,2019-01,2019,1,1387.7357142857143,27.474999999999998
2019-01-02,2300 UTC,0.7,26.1,2019-01,2019,1,1387.7357142857143,27.474999999999998
2019-02-02,0700 UTC,0.1,20.3,2019-02,2019,2,1721.4666666666667,26.28333333333333
2019-02-02,1000 UTC,11.7,20.4,2019-02,2019,2,1721.4666666666667,26.28333333333333
2019-02-02,1100 UTC,172.9,21.1,2019-02,2019,2,1721.4666666666667,26.28333333333333
2019-02-02,1200 UTC,1240.1,24.4,2019-02,2019,2,1721.4666666666667,26.28333333333333
2019-02-02,1300 UTC,2202.0,26.9,2019-02,2019,2,1721.4666666666667,26.28333333333333
2019-02-02,1400 UTC,2808.1,28.9,2019-02,2019,2,1721.4666666666667,26.28333333333333
2019-02-02,1500 UTC,3268.4,30.5,2019-02,2019,2,1721.4666666666667,26.28333333333333
2019-02-02,1600 UTC,3517.2,31.7,2019-02,2019,2,1721.4666666666667,26.28333333333333
2019-02-02,1700 UTC,3440.8,33.4,2019-02,2019,2,1721.4666666666667,26.28333333333333
2019-02-02,1800 UTC,2946.5,33.4,2019-02,2019,2,1721.4666666666667,26.28333333333333
2019-02-02,1900 UTC,2310.3,34.8,2019-02,2019,2,1721.4666666666667,26.28333333333333
2019-02-02,2000 UTC,2254.7,34.1,2019-02,2019,2,1721.4666666666667,26.28333333333333
2019-02-02,2100 UTC,1353.8,31.7,2019-02,2019,2,1721.4666666666667,26.28333333333333
2019-02-02,2200 UTC,292.5,27.0,2019-02,2019,2,1721.4666666666667,26.28333333333333
2019-02-02,2300 UTC,2.9,26.0,2019-02,2019,2,1721.4666666666667,26.28333333333333
2019-03-02,1000 UTC,17.1,22.8,2019-03,2019,3,1883.4076923076923,27.583333333333332
2019-03-02,1100 UTC,298.9,23.8,2019-03,2019,3,1883.4076923076923,27.583333333333332
2019-03-02,1200 UTC,1357.9,26.6,2019-03,2019,3,1883.4076923076923,27.583333333333332
2019-03-02,1300 UTC,2184.9,28.0,2019-03,2019,3,1883.4076923076923,27.583333333333332
2019-03-02,1400 UTC,2772.9,29.5,2019-03,2019,3,1883.4076923076923,27.583333333333332
2019-03-02,1500 UTC,3148.9,30.5,2019-03,2019,3,1883.4076923076923,27.583333333333332
2019-03-02,1600 UTC,3042.5,32.4,2019-03,2019,3,1883.4076923076923,27.583333333333332
2019-03-02,1700 UTC,3575.7,33.3,2019-03,2019,3,1883.4076923076923,27.583333333333332
2019-03-02,1800 UTC,3027.2,34.0,2019-03,2019,3,1883.4076923076923,27.583333333333332
2019-03-02,1900 UTC,2571.5,34.2,2019-03,2019,3,1883.4076923076923,27.583333333333332
2019-03-02,2000 UTC,1608.0,33.8,2019-03,2019,3,1883.4076923076923,27.583333333333332
2019-03-02,2100 UTC,709.0,31.5,2019-03,2019,3,1883.4076923076923,27.583333333333332
2019-03-02,2200 UTC,169.8,30.5,2019-03,2019,3,1883.4076923076923,27.583333333333332
2019-04-02,1000 UTC,10.9,21.8,2019-04,2019,4,1501.3214285714287,26.879166666666666
2019-04-02,1100 UTC,533.5,25.7,2019-04,2019,4,1501.3214285714287,26.879166666666666
2019-04-02,1200 UTC,1298.2,26.8,2019-04,2019,4,1501.3214285714287,26.879166666666666
2019-04-02,1300 UTC,2082.7,29.7,2019-04,2019,4,1501.3214285714287,26.879166666666666
2019-04-02,1400 UTC,2714.6,31.2,2019-04,2019,4,1501.3214285714287,26.879166666666666
2019-04-02,1500 UTC,2942.7,32.5,2019-04,2019,4,1501.3214285714287,26.879166666666666
2019-04-02,1600 UTC,3424.1,33.6,2019-04,2019,4,1501.3214285714287,26.879166666666666
2019-04-02,1700 UTC,3494.0,34.5,2019-04,2019,4,1501.3214285714287,26.879166666666666
2019-04-02,1800 UTC,2096.6,33.3,2019-04,2019,4,1501.3214285714287,26.879166666666666
2019-04-02,1900 UTC,832.4,29.8,2019-04,2019,4,1501.3214285714287,26.879166666666666
2019-04-02,2000 UTC,908.5,29.4,2019-04,2019,4,1501.3214285714287,26.879166666666666
2019-04-02,2100 UTC,467.7,28.8,2019-04,2019,4,1501.3214285714287,26.879166666666666
2019-04-02,2200 UTC,209.6,26.6,2019-04,2019,4,1501.3214285714287,26.879166666666666
2019-04-02,2300 UTC,3.0,25.9,2019-04,2019,4,1501.3214285714287,26.879166666666666
2019-05-02,1000 UTC,12.8,22.6,2019-05,2019,5,1750.9153846153847,26.724999999999998
2019-05-02,1100 UTC,392.7,24.5,2019-05,2019,5,1750.9153846153847,26.724999999999998
2019-05-02,1200 UTC,1285.9,26.8,2019-05,2019,5,1750.9153846153847,26.724999999999998
2019-05-02,1300 UTC,1841.4,30.4,2019-05,2019,5,1750.9153846153847,26.724999999999998
2019-05-02,1400 UTC,2393.5,32.0,2019-05,2019,5,1750.9153846153847,26.724999999999998
2019-05-02,1500 UTC,3419.9,32.4,2019-05,2019,5,1750.9153846153847,26.724999999999998
2019-05-02,1600 UTC,2968.1,32.8,2019-05,2019,5,1750.9153846153847,26.724999999999998
2019-05-02,1700 UTC,3239.0,34.2,2019-05,2019,5,1750.9153846153847,26.724999999999998
2019-05-02,1800 UTC,3322.3,35.3,2019-05,2019,5,1750.9153846153847,26.724999999999998
2019-05-02,1900 UTC,2374.9,29.9,2019-05,2019,5,1750.9153846153847,26.724999999999998
2019-05-02,2000 UTC,1356.2,28.6,2019-05,2019,5,1750.9153846153847,26.724999999999998
2019-05-02,2100 UTC,99.4,25.8,2019-05,2019,5,1750.9153846153847,26.724999999999998
2019-05-02,2200 UTC,55.8,25.8,2019-05,2019,5,1750.9153846153847,26.724999999999998
2019-06-02,1000 UTC,9.5,22.1,2019-06,2019,6,1613.3785714285714,26.570833333333336
2019-06-02,1100 UTC,643.3,24.0,2019-06,2019,6,1613.3785714285714,26.570833333333336
2019-06-02,1200 UTC,997.4,26.3,2019-06,2019,6,1613.3785714285714,26.570833333333336
2019-06-02,1300 UTC,2215.6,27.8,2019-06,2019,6,1613.3785714285714,26.570833333333336
2019-06-02,1400 UTC,2852.6,29.6,2019-06,2019,6,1613.3785714285714,26.570833333333336
2019-06-02,1500 UTC,3283.0,30.9,2019-06,2019,6,1613.3785714285714,26.570833333333336
2019-06-02,1600 UTC,3605.8,32.2,2019-06,2019,6,1613.3785714285714,26.570833333333336
2019-06-02,1700 UTC,3641.4,32.8,2019-06,2019,6,1613.3785714285714,26.570833333333336
2019-06-02,1800 UTC,2341.7,32.8,2019-06,2019,6,1613.3785714285714,26.570833333333336
2019-06-02,1900 UTC,1789.0,31.4,2019-06,2019,6,1613.3785714285714,26.570833333333336
2019-06-02,2000 UTC,747.5,29.6,2019-06,2019,6,1613.3785714285714,26.570833333333336
2019-06-02,2100 UTC,300.4,27.7,2019-06,2019,6,1613.3785714285714,26.570833333333336
2019-06-02,2200 UTC,158.5,26.2,2019-06,2019,6,1613.3785714285714,26.570833333333336
2019-06-02,2300 UTC,1.6,26.8,2019-06,2019,6,1613.3785714285714,26.570833333333336
2019-07-02,1000 UTC,13.3,24.2,2019-07,2019,7,1659.6,27.5
2019-07-02,1100 UTC,507.6,25.9,2019-07,2019,7,1659.6,27.5
2019-07-02,1200 UTC,1317.6,27.5,2019-07,2019,7,1659.6,27.5
2019-07-02,1300 UTC,2155.8,29.3,2019-07,2019,7,1659.6,27.5
2019-07-02,1400 UTC,2733.1,31.5,2019-07,2019,7,1659.6,27.5
2019-07-02,1500 UTC,3500.7,31.9,2019-07,2019,7,1659.6,27.5
2019-07-02,1600 UTC,3203.9,33.2,2019-07,2019,7,1659.6,27.5
2019-07-02,1700 UTC,2476.8,33.9,2019-07,2019,7,1659.6,27.5
2019-07-02,1800 UTC,2553.6,32.2,2019-07,2019,7,1659.6,27.5
2019-07-02,1900 UTC,911.9,30.0,2019-07,2019,7,1659.6,27.5
2019-07-02,2000 UTC,1421.5,27.6,2019-07,2019,7,1659.6,27.5
2019-07-02,2100 UTC,675.9,27.3,2019-07,2019,7,1659.6,27.5
2019-07-02,2200 UTC,103.1,27.9,2019-07,2019,7,1659.6,27.5
2019-08-02,0200 UTC,1.2,21.9,2019-08,2019,8,1168.68,25.429166666666664
2019-08-02,1000 UTC,3.8,22.0,2019-08,2019,8,1168.68,25.429166666666664
2019-08-02,1100 UTC,190.6,22.6,2019-08,2019,8,1168.68,25.429166666666664
2019-08-02,1200 UTC,585.2,22.6,2019-08,2019,8,1168.68,25.429166666666664
2019-08-02,1300 UTC,1531.4,25.0,2019-08,2019,8,1168.68,25.429166666666664
2019-08-02,1400 UTC,1504.5,26.9,2019-08,2019,8,1168.68,25.429166666666664
2019-08-02,1500 UTC,1680.0,27.3,2019-08,2019,8,1168.68,25.429166666666664
2019-08-02,1600 UTC,1984.6,28.9,2019-08,2019,8,1168.68,25.429166666666664
2019-08-02,1700 UTC,3365.7,31.0,2019-08,2019,8,1168.68,25.429166666666664
2019-08-02,1800 UTC,1888.2,30.5,2019-08,2019,8,1168.68,25.429166666666664
2019-08-02,1900 UTC,1639.6,28.7,2019-08,2019,8,1168.68,25.429166666666664
2019-08-02,2000 UTC,1606.0,31.1,2019-08,2019,8,1168.68,25.429166666666664
2019-08-02,2100 UTC,1260.3,31.1,2019-08,2019,8,1168.68,25.429166666666664
2019-08-02,2200 UTC,287.2,29.3,2019-08,2019,8,1168.68,25.429166666666664
2019-08-02,2300 UTC,1.9,27.8,2019-08,2019,8,1168.68,25.429166666666664
2019-09-02,1000 UTC,11.5,23.1,2019-09,2019,9,1500.0076923076922,26.3
2019-09-02,1100 UTC,475.7,26.5,2019-09,2019,9,1500.0076923076922,26.3
2019-09-02,1200 UTC,1283.1,27.2,2019-09,2019,9,1500.0076923076922,26.3
2019-09-02,1300 UTC,1479.8,27.6,2019-09,2019,9,1500.0076923076922,26.3
2019-09-02,1400 UTC,1527.5,29.1,2019-09,2019,9,1500.0076923076922,26.3
2019-09-02,1500 UTC,2971.8,31.0,2019-09,2019,9,1500.0076923076922,26.3
2019-09-02,1600 UTC,3306.5,31.1,2019-09,2019,9,1500.0076923076922,26.3
2019-09-02,1700 UTC,1965.2,32.6,2019-09,2019,9,1500.0076923076922,26.3
2019-09-02,1800 UTC,3136.4,29.9,2019-09,2019,9,1500.0076923076922,26.3
2019-09-02,1900 UTC,1713.7,25.8,2019-09,2019,9,1500.0076923076922,26.3
2019-09-02,2000 UTC,1286.6,25.7,2019-09,2019,9,1500.0076923076922,26.3
2019-09-02,2100 UTC,261.5,25.4,2019-09,2019,9,1500.0076923076922,26.3
2019-09-02,2200 UTC,80.8,24.9,2019-09,2019,9,1500.0076923076922,26.3
2019-10-02,1000 UTC,0.5,22.9,2019-10,2019,10,999.6857142857143,25.258333333333336
2019-10-02,1100 UTC,42.5,23.1,2019-10,2019,10,999.6857142857143,25.258333333333336
2019-10-02,1200 UTC,205.9,23.7,2019-10,2019,10,999.6857142857143,25.258333333333336
2019-10-02,1300 UTC,1000.0,25.2,2019-10,2019,10,999.6857142857143,25.258333333333336
2019-10-02,1400 UTC,1289.9,26.3,2019-10,2019,10,999.6857142857143,25.258333333333336
2019-10-02,1500 UTC,1595.0,28.4,2019-10,2019,10,999.6857142857143,25.258333333333336
2019-10-02,1600 UTC,2547.6,29.9,2019-10,2019,10,999.6857142857143,25.258333333333336
2019-10-02,1700 UTC,2087.3,31.6,2019-10,2019,10,999.6857142857143,25.258333333333336
2019-10-02,1800 UTC,3033.1,32.8,2019-10,2019,10,999.6857142857143,25.258333333333336
2019-10-02,1900 UTC,1729.6,31.4,2019-10,2019,10,999.6857142857143,25.258333333333336
2019-10-02,2000 UTC,328.3,24.9,2019-10,2019,10,999.6857142857143,25.258333333333336
2019-10-02,2100 UTC,88.5,25.1,2019-10,2019,10,999.6857142857143,25.258333333333336
2019-10-02,2200 UTC,46.9,24.5,2019-10,2019,10,999.6857142857143,25.258333333333336
2019-10-02,2300 UTC,0.5,24.4,2019-10,2019,10,999.6857142857143,25.258333333333336
2019-11-02,1000 UTC,2.2,23.4,2019-11,2019,11,1705.3642857142856,26.974999999999998
2019-11-02,1100 UTC,208.4,23.9,2019-11,2019,11,1705.3642857142856,26.974999999999998
2019-11-02,1200 UTC,616.8,25.0,2019-11,2019,11,1705.3642857142856,26.974999999999998
2019-11-02,1300 UTC,1353.7,27.3,2019-11,2019,11,1705.3642857142856,26.974999999999998
2019-11-02,1400 UTC,2399.9,29.7,2019-11,2019,11,1705.3642857142856,26.974999999999998
2019-11-02,1500 UTC,2833.5,29.8,2019-11,2019,11,1705.3642857142856,26.974999999999998
2019-11-02,1600 UTC,3528.6,31.4,2019-11,2019,11,1705.3642857142856,26.974999999999998
2019-11-02,1700 UTC,3837.8,32.0,2019-11,2019,11,1705.3642857142856,26.974999999999998
2019-11-02,1800 UTC,2814.7,32.7,2019-11,2019,11,1705.3642857142856,26.974999999999998
2019-11-02,1900 UTC,2854.9,33.3,2019-11,2019,11,1705.3642857142856,26.974999999999998
2019-11-02,2000 UTC,2375.6,33.0,2019-11,2019,11,1705.3642857142856,26.974999999999998
2019-11-02,2100 UTC,778.8,29.2,2019-11,2019,11,1705.3642857142856,26.974999999999998
2019-11-02,2200 UTC,268.2,28.8,2019-11,2019,11,1705.3642857142856,26.974999999999998
2019-11-02,2300 UTC,2.0,27.6,2019-11,2019,11,1705.3642857142856,26.974999999999998
2019-12-02,0900 UTC,1.7,21.7,2019-12,2019,12,1605.0071428571428,26.162499999999998
2019-12-02,1000 UTC,39.8,22.4,2019-12,2019,12,1605.0071428571428,26.162499999999998
2019-12-02,1100 UTC,265.7,22.1,2019-12,2019,12,1605.0071428571428,26.162499999999998
2019-12-02,1200 UTC,633.8,23.0,2019-12,2019,12,1605.0071428571428,26.162499999999998
2019-12-02,1300 UTC,2388.5,27.1,2019-12,2019,12,1605.0071428571428,26.162499999999998
2019-12-02,1400 UTC,3083.2,28.6,2019-12,2019,12,1605.0071428571428,26.162499999999998
2019-12-02,1500 UTC,3425.9,30.2,2019-12,2019,12,1605.0071428571428,26.162499999999998
2019-12-02,1600 UTC,2721.1,31.3,2019-12,2019,12,1605.0071428571428,26.162499999999998
2019-12-02,1700 UTC,3333.0,33.1,2019-12,2019,12,1605.0071428571428,26.162499999999998
2019-12-02,1800 UTC,3027.7,33.0,2019-12,2019,12,1605.0071428571428,26.162499999999998
2019-12-02,1900 UTC,2564.5,33.6,2019-12,2019,12,1605.0071428571428,26.162499999999998
2019-12-02,2000 UTC,874.4,22.8,2019-12,2019,12,1605.0071428571428,26.162499999999998
2019-12-02,2100 UTC,106.8,23.2,2019-12,2019,12,1605.0071428571428,26.162499999999998
2019-12-02,2200 UTC,4.0,23.4,2019-12,2019,12,1605.0071428571428,26.162499999999998
2019-01-03,1000 UTC,4.4,21.9,2019-01,2019,1,1745.2615384615385,25.5
2019-01-03,1100 UTC,242.6,22.4,2019-01,2019,1,1745.2615384615385,25.5
2019-01-03,1200 UTC,1052.2,24.3,2019-01,2019,1,1745.2615384615385,25.5
2019-01-03,1300 UTC,1914.3,25.9,2019-01,2019,1,1745.2615384615385,25.5
2019-01-03,1400 UTC,2039.2,27.1,2019-01,2019,1,1745.2615384615385,25.5
2019-01-03,1500 UTC,3120.1,28.9,2019-01,2019,1,1745.2615384615385,25.5
2019-01-03,1600 UTC,2732.0,29.0,2019-01,2019,1,1745.2615384615385,25.5
2019-01-03,1700 UTC,2676.5,28.4,2019-01,2019,1,1745.2615384615385,25.5
2019-01-03,1800 UTC,3403.7,31.1,2019-01,2019,1,1745.2615384615385,25.5
2019-01-03,1900 UTC,2507.6,31.3,2019-01,2019,1,1745.2615384615385,25.5
2019-01-03,2000 UTC,1853.7,30.9,2019-01,2019,1,1745.2615384615385,25.5
2019-01-03,2100 UTC,1014.0,29.5,2019-01,2019,1,1745.2615384615385,25.5
2019-01-03,2200 UTC,128.1,28.3,2019-01,2019,1,1745.2615384615385,25.5
2019-02-03,1000 UTC,1.2,22.9,2019-02,2019,2,1053.7076923076925,25.3875
2019-02-03,1100 UTC,87.9,23.4,2019-02,2019,2,1053.7076923076925,25.3875
2019-02-03,1200 UTC,378.0,23.8,2019-02,2019,2,1053.7076923076925,25.3875
2019-02-03,1300 UTC,1037.2,25.8,2019-02,2019,2,1053.7076923076925,25.3875
2019-02-03,1400 UTC,1386.1,26.7,2019-02,2019,2,1053.7076923076925,25.3875
2019-02-03,1500 UTC,1726.8,27.7,2019-02,2019,2,1053.7076923076925,25.3875
2019-02-03,1600 UTC,1938.3,28.4,2019-02,2019,2,1053.7076923076925,25.3875
2019-02-03,1700 UTC,2772.7,29.5,2019-02,2019,2,1053.7076923076925,25.3875
2019-02-03,1800 UTC,2390.9,30.8,2019-02,2019,2,1053.7076923076925,25.3875
2019-02-03,1900 UTC,1024.0,27.7,2019-02,2019,2,1053.7076923076925,25.3875
2019-02-03,2000 UTC,421.3,27.9,2019-02,2019,2,1053.7076923076925,25.3875
2019-02-03,2100 UTC,403.9,27.8,2019-02,2019,2,1053.7076923076925,25.3875
2019-02-03,2200 UTC,129.9,25.8,2019-02,2019,2,1053.7076923076925,25.3875
2019-03-03,0700 UTC,0.2,22.4,2019-03,2019,3,927.8117647058824,24.879166666666666
2019-03-03,0800 UTC,0.6,22.6,2019-03,2019,3,927.8117647058824,24.879166666666666
2019-03-03,0900 UTC,0.7,22.3,2019-03,2019,3,927.8117647058824,24.879166666666666
2019-03-03,1000 UTC,7.5,22.3,2019-03,2019,3,927.8117647058824,24.879166666666666
2019-03-03,1100 UTC,233.7,22.8,2019-03,2019,3,927.8117647058824,24.879166666666666
2019-03-03,1200 UTC,868.0,24.4,2019-03,2019,3,927.8117647058824,24.879166666666666
2019-03-03,1300 UTC,777.4,25.0,2019-03,2019,3,927.8117647058824,24.879166666666666
2019-03-03,1400 UTC,1271.4,26.6,2019-03,2019,3,927.8117647058824,24.879166666666666
2019-03-03,1500 UTC,1480.4,27.3,2019-03,2019,3,927.8117647058824,24.879166666666666
2019-03-03,1600 UTC,2450.9,28.7,2019-03,2019,3,927.8117647058824,24.879166666666666
2019-03-03,1700 UTC,2343.2,29.0,2019-03,2019,3,927.8117647058824,24.879166666666666
2019-03-03,1800 UTC,2195.9,30.1,2019-03,2019,3,927.8117647058824,24.879166666666666
2019-03-03,1900 UTC,2163.0,29.9,2019-03,2019,3,927.8117647058824,24.879166666666666
2019-03-03,2000 UTC,1178.9,29.8,2019-03,2019,3,927.8117647058824,24.879166666666666
2019-03-03,2100 UTC,694.5,29.3,2019-03,2019,3,927.8117647058824,24.879166666666666
2019-03-03,2200 UTC,105.9,24.9,2019-03,2019,3,927.8117647058824,24.879166666666666
2019-03-03,2300 UTC,0.6,24.0,2019-03,2019,3,927.8117647058824,24.879166666666666
2019-04-03,1000 UTC,3.7,22.7,2019-04,2019,4,1215.0153846153846,25.233333333333334
2019-04-03,1100 UTC,129.7,23.0,2019-04,2019,4,1215.0153846153846,25.233333333333334
2019-04-03,1200 UTC,856.6,24.9,2019-04,2019,4,1215.0153846153846,25.233333333333334
2019-04-03,1300 UTC,972.2,25.2,2019-04,2019,4,1215.0153846153846,25.233333333333334
2019-04-03,1400 UTC,1391.2,27.1,2019-04,2019,4,1215.0153846153846,25.233333333333334
2019-04-03,1500 UTC,1807.8,27.8,2019-04,2019,4,1215.0153846153846,25.233333333333334
2019-04-03,1600 UTC,2125.2,29.1,2019-04,2019,4,1215.0153846153846,25.233333333333334
2019-04-03,1700 UTC,3539.6,29.2,2019-04,2019,4,1215.0153846153846,25.233333333333334
2019-04-03,1800 UTC,1954.0,29.3,2019-04,2019,4,1215.0153846153846,25.233333333333334
2019-04-03,1900 UTC,1655.9,31.1,2019-04,2019,4,1215.0153846153846,25.233333333333334
2019-04-03,2000 UTC,845.6,29.2,2019-04,2019,4,1215.0153846153846,25.233333333333334
2019-04-03,2100 UTC,427.8,26.0,2019-04,2019,4,1215.0153846153846,25.233333333333334
2019-04-03,2200 UTC,85.9,25.4,2019-04,2019,4,1215.0153846153846,25.233333333333334
2019-05-03,1100 UTC,4.7,21.7,2019-05,2019,5,715.1500000000001,23.462500000000002
2019-05-03,1200 UTC,26.7,21.7,2019-05,2019,5,715.1500000000001,23.462500000000002
2019-05-03,1300 UTC,91.2,21.1,2019-05,2019,5,715.1500000000001,23.462500000000002
2019-05-03,1400 UTC,309.3,21.4,2019-05,2019,5,715.1500000000001,23.462500000000002
2019-05-03,1500 UTC,646.6,22.0,2019-05,2019,5,715.1500000000001,23.462500000000002
2019-05-03,1600 UTC,1101.3,22.8,2019-05,2019,5,715.1500000000001,23.462500000000002
2019-05-03,1700 UTC,1262.0,23.7,2019-05,2019,5,715.1500000000001,23.462500000000002
2019-05-03,1800 UTC,1178.9,25.4,2019-05,2019,5,715.1500000000001,23.462500000000002
2019-05-03,1900 UTC,1831.9,25.8,2019-05,2019,5,715.1500000000001,23.462500000000002
2019-05-03,2000 UTC,1363.4,26.0,2019-05,2019,5,715.1500000000001,23.462500000000002
2019-05-03,2100 UTC,622.2,25.1,2019-05,2019,5,715.1500000000001,23.462500000000002
2019-05-03,2200 UTC,143.6,24.2,2019-05,2019,5,715.1500000000001,23.462500000000002
2019-06-03,1000 UTC,4.4,21.3,2019-06,2019,6,1777.1,24.675
2019-06-03,1100 UTC,109.2,21.5,2019-06,2019,6,1777.1,24.675
2019-06-03,1200 UTC,473.0,21.9,2019-06,2019,6,1777.1,24.675
2019-06-03,1300 UTC,1748.4,25.1,2019-06,2019,6,1777.1,24.675
2019-06-03,1400 UTC,2570.9,27.4,2019-06,2019,6,1777.1,24.675
2019-06-03,1500 UTC,3163.5,28.7,2019-06,2019,6,1777.1,24.675
2019-06-03,1600 UTC,3518.9,29.0,2019-06,2019,6,1777.1,24.675
2019-06-03,1700 UTC,3129.7,30.3,2019-06,2019,6,1777.1,24.675
2019-06-03,1800 UTC,3078.8,30.2,2019-06,2019,6,1777.1,24.675
2019-06-03,1900 UTC,2400.4,30.1,2019-06,2019,6,1777.1,24.675
2019-06-03,2000 UTC,1670.0,29.1,2019-06,2019,6,1777.1,24.675
2019-06-03,2100 UTC,1097.8,28.7,2019-06,2019,6,1777.1,24.675
2019-06-03,2200 UTC,137.3,28.0,2019-06,2019,6,1777.1,24.675
2019-07-03,1000 UTC,5.9,21.4,2019-07,2019,7,1531.4142857142856,25.3
2019-07-03,1100 UTC,298.5,22.5,2019-07,2019,7,1531.4142857142856,25.3
2019-07-03,1200 UTC,564.7,23.8,2019-07,2019,7,1531.4142857142856,25.3
2019-07-03,1300 UTC,1828.4,26.3,2019-07,2019,7,1531.4142857142856,25.3
2019-07-03,1400 UTC,2659.3,28.9,2019-07,2019,7,1531.4142857142856,25.3
2019-07-03,1500 UTC,2585.6,28.5,2019-07,2019,7,1531.4142857142856,25.3
2019-07-03,1600 UTC,3084.0,30.0,2019-07,2019,7,1531.4142857142856,25.3
2019-07-03,1700 UTC,3123.4,30.4,2019-07,2019,7,1531.4142857142856,25.3
2019-07-03,1800 UTC,2473.3,31.5,2019-07,2019,7,1531.4142857142856,25.3
2019-07-03,1900 UTC,2853.0,31.2,2019-07,2019,7,1531.4142857142856,25.3
2019-07-03,2000 UTC,1115.7,30.2,2019-07,2019,7,1531.4142857142856,25.3
2019-07-03,2100 UTC,617.8,29.0,2019-07,2019,7,1531.4142857142856,25.3
2019-07-03,2200 UTC,226.7,24.6,2019-07,2019,7,1531.4142857142856,25.3
2019-07-03,2300 UTC,3.5,24.1,2019-07,2019,7,1531.4142857142856,25.3
2019-08-03,1000 UTC,3.0,22.0,2019-08,2019,8,1719.3076923076924,26.325
2019-08-03,1100 UTC,381.3,23.8,2019-08,2019,8,1719.3076923076924,26.325
2019-08-03,1200 UTC,909.0,25.7,2019-08,2019,8,1719.3076923076924,26.325
2019-08-03,1300 UTC,1522.8,28.7,2019-08,2019,8,1719.3076923076924,26.325
2019-08-03,1400 UTC,2792.8,30.4,2019-08,2019,8,1719.3076923076924,26.325
2019-08-03,1500 UTC,3115.5,30.5,2019-08,2019,8,1719.3076923076924,26.325
2019-08-03,1600 UTC,2501.1,31.8,2019-08,2019,8,1719.3076923076924,26.325
2019-08-03,1700 UTC,3191.5,31.8,2019-08,2019,8,1719.3076923076924,26.325
2019-08-03,1800 UTC,2762.8,32.8,2019-08,2019,8,1719.3076923076924,26.325
2019-08-03,1900 UTC,2280.5,31.7,2019-08,2019,8,1719.3076923076924,26.325
2019-08-03,2000 UTC,1476.9,31.8,2019-08,2019,8,1719.3076923076924,26.325
2019-08-03,2100 UTC,1112.1,28.8,2019-08,2019,8,1719.3076923076924,26.325
2019-08-03,2200 UTC,301.7,28.4,2019-08,2019,8,1719.3076923076924,26.325
2019-09-03,1000 UTC,8.2,22.4,2019-09,2019,9,1183.1923076923076,25.712500000000002
2019-09-03,1100 UTC,183.6,23.0,2019-09,2019,9,1183.1923076923076,25.712500000000002
2019-09-03,1200 UTC,566.9,24.4,2019-09,2019,9,1183.1923076923076,25.712500000000002
2019-09-03,1300 UTC,1318.5,27.7,2019-09,2019,9,1183.1923076923076,25.712500000000002
2019-09-03,1400 UTC,2354.7,30.1,2019-09,2019,9,1183.1923076923076,25.712500000000002
2019-09-03,1500 UTC,3436.4,31.5,2019-09,2019,9,1183.1923076923076,25.712500000000002
2019-09-03,1600 UTC,3390.7,33.3,2019-09,2019,9,1183.1923076923076,25.712500000000002
2019-09-03,1700 UTC,1589.2,31.0,2019-09,2019,9,1183.1923076923076,25.712500000000002
2019-09-03,1800 UTC,972.9,30.0,2019-09,2019,9,1183.1923076923076,25.712500000000002
2019-09-03,1900 UTC,467.8,28.3,2019-09,2019,9,1183.1923076923076,25.712500000000002
2019-09-03,2000 UTC,521.5,26.9,2019-09,2019,9,1183.1923076923076,25.712500000000002
2019-09-03,2100 UTC,515.9,26.9,2019-09,2019,9,1183.1923076923076,25.712500000000002
2019-09-03,2200 UTC,55.2,22.9,2019-09,2019,9,1183.1923076923076,25.712500000000002
2019-10-03,1000 UTC,1.6,22.2,2019-10,2019,10,1436.7692307692307,25.28333333333333
2019-10-03,1100 UTC,138.9,22.5,2019-10,2019,10,1436.7692307692307,25.28333333333333
2019-10-03,1200 UTC,548.5,23.7,2019-10,2019,10,1436.7692307692307,25.28333333333333
2019-10-03,1300 UTC,1729.9,26.3,2019-10,2019,10,1436.7692307692307,25.28333333333333
2019-10-03,1400 UTC,2678.3,28.5,2019-10,2019,10,1436.7692307692307,25.28333333333333
2019-10-03,1500 UTC,3043.0,30.7,2019-10,2019,10,1436.7692307692307,25.28333333333333
2019-10-03,1600 UTC,3410.3,31.0,2019-10,2019,10,1436.7692307692307,25.28333333333333
2019-10-03,1700 UTC,2406.7,31.9,2019-10,2019,10,1436.7692307692307,25.28333333333333
2019-10-03,1800 UTC,2650.2,32.3,2019-10,2019,10,1436.7692307692307,25.28333333333333
2019-10-03,1900 UTC,1192.6,29.8,2019-10,2019,10,1436.7692307692307,25.28333333333333
2019-10-03,2000 UTC,380.5,27.0,2019-10,2019,10,1436.7692307692307,25.28333333333333
2019-10-03,2100 UTC,436.9,27.1,2019-10,2019,10,1436.7692307692307,25.28333333333333
2019-10-03,2200 UTC,60.6,25.6,2019-10,2019,10,1436.7692307692307,25.28333333333333
2019-11-03,1000 UTC,3.5,22.5,2019-11,2019,11,970.4538461538461,25.295833333333334
2019-11-03,1100 UTC,445.2,23.4,2019-11,2019,11,970.4538461538461,25.295833333333334
2019-11-03,1200 UTC,952.9,25.1,2019-11,2019,11,970.4538461538461,25.295833333333334
2019-11-03,1300 UTC,1435.9,27.4,2019-11,2019,11,970.4538461538461,25.295833333333334
2019-11-03,1400 UTC,2107.6,28.4,2019-11,2019,11,970.4538461538461,25.295833333333334
2019-11-03,1500 UTC,1816.0,30.4,2019-11,2019,11,970.4538461538461,25.295833333333334
2019-11-03,1600 UTC,1335.1,29.4,2019-11,2019,11,970.4538461538461,25.295833333333334
2019-11-03,1700 UTC,473.5,26.0,2019-11,2019,11,970.4538461538461,25.295833333333334
2019-11-03,1800 UTC,1070.8,28.6,2019-11,2019,11,970.4538461538461,25.295833333333334
2019-11-03,1900 UTC,1901.1,26.9,2019-11,2019,11,970.4538461538461,25.295833333333334
2019-11-03,2000 UTC,616.6,26.2,2019-11,2019,11,970.4538461538461,25.295833333333334
2019-11-03,2100 UTC,386.6,24.7,2019-11,2019,11,970.4538461538461,25.295833333333334
2019-11-03,2200 UTC,71.1,24.6,2019-11,2019,11,970.4538461538461,25.295833333333334
2019-12-03,1000 UTC,0.8,22.3,2019-12,2019,12,1182.0846153846155,25.09583333333333
2019-12-03,1100 UTC,104.8,22.8,2019-12,2019,12,1182.0846153846155,25.09583333333333
2019-12-03,1200 UTC,327.4,23.7,2019-12,2019,12,1182.0846153846155,25.09583333333333
2019-12-03,1300 UTC,853.0,24.8,2019-12,2019,12,1182.0846153846155,25.09583333333333
2019-12-03,1400 UTC,1037.1,25.0,2019-12,2019,12,1182.0846153846155,25.09583333333333
2019-12-03,1500 UTC,2364.9,28.0,2019-12,2019,12,1182.0846153846155,25.09583333333333
2019-12-03,1600 UTC,1293.1,26.9,2019-12,2019,12,1182.0846153846155,25.09583333333333
2019-12-03,1700 UTC,1638.8,28.5,2019-12,2019,12,1182.0846153846155,25.09583333333333
2019-12-03,1800 UTC,2675.9,30.0,2019-12,2019,12,1182.0846153846155,25.09583333333333
2019-12-03,1900 UTC,2069.7,29.9,2019-12,2019,12,1182.0846153846155,25.09583333333333
2019-12-03,2000 UTC,1811.5,28.9,2019-12,2019,12,1182.0846153846155,25.09583333333333
2019-12-03,2100 UTC,875.7,28.4,2019-12,2019,12,1182.0846153846155,25.09583333333333
2019-12-03,2200 UTC,314.4,27.2,2019-12,2019,12,1182.0846153846155,25.09583333333333
2019-01-04,1000 UTC,6.1,22.8,2019-01,2019,1,1471.8615384615384,27.720833333333335
2019-01-04,1100 UTC,304.3,27.3,2019-01,2019,1,1471.8615384615384,27.720833333333335
2019-01-04,1200 UTC,1158.2,27.5,2019-01,2019,1,1471.8615384615384,27.720833333333335
2019-01-04,1300 UTC,1688.3,30.1,2019-01,2019,1,1471.8615384615384,27.720833333333335
2019-01-04,1400 UTC,2349.8,31.0,2019-01,2019,1,1471.8615384615384,27.720833333333335
2019-01-04,1500 UTC,1590.8,31.6,2019-01,2019,1,1471.8615384615384,27.720833333333335
2019-01-04,1600 UTC,2937.4,31.0,2019-01,2019,1,1471.8615384615384,27.720833333333335
2019-01-04,1700 UTC,2841.0,31.9,2019-01,2019,1,1471.8615384615384,27.720833333333335
2019-01-04,1800 UTC,2130.6,32.7,2019-01,2019,1,1471.8615384615384,27.720833333333335
2019-01-04,1900 UTC,1580.8,33.6,2019-01,2019,1,1471.8615384615384,27.720833333333335
2019-01-04,2000 UTC,1795.1,32.0,2019-01,2019,1,1471.8615384615384,27.720833333333335
2019-01-04,2100 UTC,615.1,31.4,2019-01,2019,1,1471.8615384615384,27.720833333333335
2019-01-04,2200 UTC,136.7,29.1,2019-01,2019,1,1471.8615384615384,27.720833333333335
2019-02-04,1000 UTC,0.0,23.8,2019-02,2019,2,880.9769230769232,26.104166666666668
2019-02-04,1100 UTC,302.1,26.0,2019-02,2019,2,880.9769230769232,26.104166666666668
2019-02-04,1200 UTC,663.3,26.4,2019-02,2019,2,880.9769230769232,26.104166666666668
2019-02-04,1300 UTC,768.6,27.9,2019-02,2019,2,880.9769230769232,26.104166666666668
2019-02-04,1400 UTC,2142.7,30.6,2019-02,2019,2,880.9769230769232,26.104166666666668
2019-02-04,1500 UTC,1433.9,28.7,2019-02,2019,2,880.9769230769232,26.104166666666668
2019-02-04,1600 UTC,1374.5,28.0,2019-02,2019,2,880.9769230769232,26.104166666666668
2019-02-04,1700 UTC,2232.5,27.6,2019-02,2019,2,880.9769230769232,26.104166666666668
2019-02-04,1800 UTC,525.0,26.4,2019-02,2019,2,880.9769230769232,26.104166666666668
2019-02-04,1900 UTC,690.4,27.2,2019-02,2019,2,880.9769230769232,26.104166666666668
2019-02-04,2000 UTC,783.3,28.5,2019-02,2019,2,880.9769230769232,26.104166666666668
2019-02-04,2100 UTC,485.3,26.8,2019-02,2019,2,880.9769230769232,26.104166666666668
2019-02-04,2200 UTC,51.1,26.0,2019-02,2019,2,880.9769230769232,26.104166666666668
2019-03-04,1000 UTC,3.4,23.2,2019-03,2019,3,1068.0923076923077,25.525000000000002
2019-03-04,1100 UTC,348.3,24.6,2019-03,2019,3,1068.0923076923077,25.525000000000002
2019-03-04,1200 UTC,780.0,25.9,2019-03,2019,3,1068.0923076923077,25.525000000000002
2019-03-04,1300 UTC,1028.4,27.1,2019-03,2019,3,1068.0923076923077,25.525000000000002
2019-03-04,1400 UTC,553.3,25.1,2019-03,2019,3,1068.0923076923077,25.525000000000002
2019-03-04,1500 UTC,1165.7,24.3,2019-03,2019,3,1068.0923076923077,25.525000000000002
2019-03-04,1600 UTC,3353.7,28.5,2019-03,2019,3,1068.0923076923077,25.525000000000002
2019-03-04,1700 UTC,2613.6,29.5,2019-03,2019,3,1068.0923076923077,25.525000000000002
2019-03-04,1800 UTC,1847.4,29.0,2019-03,2019,3,1068.0923076923077,25.525000000000002
2019-03-04,1900 UTC,1170.5,29.4,2019-03,2019,3,1068.0923076923077,25.525000000000002
2019-03-04,2000 UTC,720.4,28.7,2019-03,2019,3,1068.0923076923077,25.525000000000002
2019-03-04,2100 UTC,276.2,27.2,2019-03,2019,3,1068.0923076923077,25.525000000000002
2019-03-04,2200 UTC,24.3,25.3,2019-03,2019,3,1068.0923076923077,25.525000000000002
2019-04-04,1000 UTC,0.9,22.4,2019-04,2019,4,1482.353846153846,26.016666666666666
2019-04-04,1100 UTC,282.1,23.6,2019-04,2019,4,1482.353846153846,26.016666666666666
2019-04-04,1200 UTC,1029.3,26.1,2019-04,2019,4,1482.353846153846,26.016666666666666
2019-04-04,1300 UTC,1535.3,27.9,2019-04,2019,4,1482.353846153846,26.016666666666666
2019-04-04,1400 UTC,2123.7,29.8,2019-04,2019,4,1482.353846153846,26.016666666666666
2019-04-04,1500 UTC,2510.1,29.9,2019-04,2019,4,1482.353846153846,26.016666666666666
2019-04-04,1600 UTC,2818.2,30.6,2019-04,2019,4,1482.353846153846,26.016666666666666
2019-04-04,1700 UTC,2062.4,30.9,2019-04,2019,4,1482.353846153846,26.016666666666666
2019-04-04,1800 UTC,2329.9,31.8,2019-04,2019,4,1482.353846153846,26.016666666666666
2019-04-04,1900 UTC,2347.3,31.8,2019-04,2019,4,1482.353846153846,26.016666666666666
2019-04-04,2000 UTC,1754.1,31.6,2019-04,2019,4,1482.353846153846,26.016666666666666
2019-04-04,2100 UTC,449.3,26.5,2019-04,2019,4,1482.353846153846,26.016666666666666
2019-04-04,2200 UTC,28.0,23.7,2019-04,2019,4,1482.353846153846,26.016666666666666
2019-05-04,1100 UTC,127.1,23.8,2019-05,2019,5,1498.9416666666666,26.40833333333333
2019-05-04,1200 UTC,1033.4,26.6,2019-05,2019,5,1498.9416666666666,26.40833333333333
2019-05-04,1300 UTC,2040.5,29.0,2019-05,2019,5,1498.9416666666666,26.40833333333333
2019-05-04,1400 UTC,2549.1,29.9,2019-05,2019,5,1498.9416666666666,26.40833333333333
2019-05-04,1500 UTC,1786.8,30.4,2019-05,2019,5,1498.9416666666666,26.40833333333333
2019-05-04,1600 UTC,2612.0,30.4,2019-05,2019,5,1498.9416666666666,26.40833333333333
2019-05-04,1700 UTC,1863.3,30.5,2019-05,2019,5,1498.9416666666666,26.40833333333333
2019-05-04,1800 UTC,2592.1,30.5,2019-05,2019,5,1498.9416666666666,26.40833333333333
2019-05-04,1900 UTC,1897.3,30.3,2019-05,2019,5,1498.9416666666666,26.40833333333333
2019-05-04,2000 UTC,1211.1,28.7,2019-05,2019,5,1498.9416666666666,26.40833333333333
2019-05-04,2100 UTC,228.1,27.9,2019-05,2019,5,1498.9416666666666,26.40833333333333
2019-05-04,2200 UTC,46.5,27.1,2019-05,2019,5,1498.9416666666666,26.40833333333333
2019-06-04,1000 UTC,1.3,21.5,2019-06,2019,6,976.8615384615385,24.3875
2019-06-04,1100 UTC,63.3,21.8,2019-06,2019,6,976.8615384615385,24.3875
2019-06-04,1200 UTC,197.3,22.6,2019-06,2019,6,976.8615384615385,24.3875
2019-06-04,1300 UTC,396.0,23.1,2019-06,2019,6,976.8615384615385,24.3875
2019-06-04,1400 UTC,914.0,24.1,2019-06,2019,6,976.8615384615385,24.3875
2019-06-04,1500 UTC,1906.1,26.1,2019-06,2019,6,976.8615384615385,24.3875
2019-06-04,1600 UTC,1887.6,26.1,2019-06,2019,6,976.8615384615385,24.3875
2019-06-04,1700 UTC,2027.9,27.8,2019-06,2019,6,976.8615384615385,24.3875
2019-06-04,1800 UTC,2071.7,27.7,2019-06,2019,6,976.8615384615385,24.3875
2019-06-04,1900 UTC,1216.8,28.9,2019-06,2019,6,976.8615384615385,24.3875
2019-06-04,2000 UTC,1581.9,27.9,2019-06,2019,6,976.8615384615385,24.3875
2019-06-04,2100 UTC,370.5,27.4,2019-06,2019,6,976.8615384615385,24.3875
2019-06-04,2200 UTC,64.8,26.3,2019-06,2019,6,976.8615384615385,24.3875
2019-07-04,1100 UTC,112.8,21.2,2019-07,2019,7,1136.675,23.75
2019-07-04,1200 UTC,664.3,22.6,2019-07,2019,7,1136.675,23.75
2019-07-04,1300 UTC,1011.1,24.1,2019-07,2019,7,1136.675,23.75
2019-07-04,1400 UTC,1162.9,25.2,2019-07,2019,7,1136.675,23.75
2019-07-04,1500 UTC,1591.7,27.3,2019-07,2019,7,1136.675,23.75
2019-07-04,1600 UTC,2153.8,27.6,2019-07,2019,7,1136.675,23.75
2019-07-04,1700 UTC,1929.9,27.1,2019-07,2019,7,1136.675,23.75
2019-07-04,1800 UTC,1807.0,28.7,2019-07,2019,7,1136.675,23.75
2019-07-04,1900 UTC,428.5,24.8,2019-07,2019,7,1136.675,23.75
2019-07-04,2000 UTC,1745.5,27.0,2019-07,2019,7,1136.675,23.75
2019-07-04,2100 UTC,892.4,26.7,2019-07,2019,7,1136.675,23.75
2019-07-04,2200 UTC,140.2,24.9,2019-07,2019,7,1136.675,23.75
2019-08-04,1100 UTC,41.5,20.9,2019-08,2019,8,1159.7916666666667,24.15416666666667
2019-08-04,1200 UTC,168.4,21.4,2019-08,2019,8,1159.7916666666667,24.15416666666667
2019-08-04,1300 UTC,639.7,22.3,2019-08,2019,8,1159.7916666666667,24.15416666666667
2019-08-04,1400 UTC,2071.1,24.3,2019-08,2019,8,1159.7916666666667,24.15416666666667
2019-08-04,1500 UTC,2439.7,27.9,2019-08,2019,8,1159.7916666666667,24.15416666666667
2019-08-04,1600 UTC,2436.1,28.2,2019-08,2019,8,1159.7916666666667,24.15416666666667
2019-08-04,1700 UTC,1885.6,28.6,2019-08,2019,8,1159.7916666666667,24.15416666666667
2019-08-04,1800 UTC,1634.4,27.9,2019-08,2019,8,1159.7916666666667,24.15416666666667
2019-08-04,1900 UTC,1458.5,28.2,2019-08,2019,8,1159.7916666666667,24.15416666666667
2019-08-04,2000 UTC,752.4,27.0,2019-08,2019,8,1159.7916666666667,24.15416666666667
2019-08-04,2100 UTC,339.5,26.1,2019-08,2019,8,1159.7916666666667,24.15416666666667
2019-08-04,2200 UTC,50.6,25.9,2019-08,2019,8,1159.7916666666667,24.15416666666667
2019-09-04,1000 UTC,0.8,22.4,2019-09,2019,9,868.3615384615385,25.166666666666668
2019-09-04,1100 UTC,204.6,23.6,2019-09,2019,9,868.3615384615385,25.166666666666668
2019-09-04,1200 UTC,799.3,24.3,2019-09,2019,9,868.3615384615385,25.166666666666668
2019-09-04,1300 UTC,845.4,25.6,2019-09,2019,9,868.3615384615385,25.166666666666668
2019-09-04,1400 UTC,1273.4,27.5,2019-09,2019,9,868.3615384615385,25.166666666666668
2019-09-04,1500 UTC,1709.3,28.9,2019-09,2019,9,868.3615384615385,25.166666666666668
2019-09-04,1600 UTC,1265.1,28.1,2019-09,2019,9,868.3615384615385,25.166666666666668
2019-09-04,1700 UTC,975.7,25.7,2019-09,2019,9,868.3615384615385,25.166666666666668
2019-09-04,1800 UTC,645.5,24.3,2019-09,2019,9,868.3615384615385,25.166666666666668
2019-09-04,1900 UTC,1641.7,28.8,2019-09,2019,9,868.3615384615385,25.166666666666668
2019-09-04,2000 UTC,1018.5,29.3,2019-09,2019,9,868.3615384615385,25.166666666666668
2019-09-04,2100 UTC,861.4,28.6,2019-09,2019,9,868.3615384615385,25.166666666666668
2019-09-04,2200 UTC,48.0,27.0,2019-09,2019,9,868.3615384615385,25.166666666666668
2019-10-04,1000 UTC,0.9,22.4,2019-10,2019,10,358.4230769230769,24.083333333333332
2019-10-04,1100 UTC,239.0,23.4,2019-10,2019,10,358.4230769230769,24.083333333333332
2019-10-04,1200 UTC,537.6,24.5,2019-10,2019,10,358.4230769230769,24.083333333333332
2019-10-04,1300 UTC,698.0,25.3,2019-10,2019,10,358.4230769230769,24.083333333333332
2019-10-04,1400 UTC,87.5,23.0,2019-10,2019,10,358.4230769230769,24.083333333333332
2019-10-04,1500 UTC,112.4,23.5,2019-10,2019,10,358.4230769230769,24.083333333333332
2019-10-04,1600 UTC,206.2,23.3,2019-10,2019,10,358.4230769230769,24.083333333333332
2019-10-04,1700 UTC,405.9,23.7,2019-10,2019,10,358.4230769230769,24.083333333333332
2019-10-04,1800 UTC,504.5,24.2,2019-10,2019,10,358.4230769230769,24.083333333333332
2019-10-04,1900 UTC,720.4,24.6,2019-10,2019,10,358.4230769230769,24.083333333333332
2019-10-04,2000 UTC,925.4,25.5,2019-10,2019,10,358.4230769230769,24.083333333333332
2019-10-04,2100 UTC,202.3,24.9,2019-10,2019,10,358.4230769230769,24.083333333333332
2019-10-04,2200 UTC,19.4,24.6,2019-10,2019,10,358.4230769230769,24.083333333333332
2019-11-04,1000 UTC,0.0,21.8,2019-11,2019,11,996.9692307692308,24.166666666666668
2019-11-04,1100 UTC,209.3,22.6,2019-11,2019,11,996.9692307692308,24.166666666666668
2019-11-04,1200 UTC,1022.3,23.9,2019-11,2019,11,996.9692307692308,24.166666666666668
2019-11-04,1300 UTC,1281.7,26.2,2019-11,2019,11,996.9692307692308,24.166666666666668
2019-11-04,1400 UTC,1753.6,26.2,2019-11,2019,11,996.9692307692308,24.166666666666668
2019-11-04,1500 UTC,1501.3,26.9,2019-11,2019,11,996.9692307692308,24.166666666666668
2019-11-04,1600 UTC,1446.5,27.1,2019-11,2019,11,996.9692307692308,24.166666666666668
2019-11-04,1700 UTC,1473.8,27.6,2019-11,2019,11,996.9692307692308,24.166666666666668
2019-11-04,1800 UTC,1579.9,28.0,2019-11,2019,11,996.9692307692308,24.166666666666668
2019-11-04,1900 UTC,1559.4,28.3,2019-11,2019,11,996.9692307692308,24.166666666666668
2019-11-04,2000 UTC,795.3,26.9,2019-11,2019,11,996.9692307692308,24.166666666666668
2019-11-04,2100 UTC,292.5,26.2,2019-11,2019,11,996.9692307692308,24.166666666666668
2019-11-04,2200 UTC,45.0,25.3,2019-11,2019,11,996.9692307692308,24.166666666666668
2019-12-04,1000 UTC,1.7,22.0,2019-12,2019,12,980.3076923076923,24.96666666666667
2019-12-04,1100 UTC,200.2,22.7,2019-12,2019,12,980.3076923076923,24.96666666666667
2019-12-04,1200 UTC,786.5,24.4,2019-12,2019,12,980.3076923076923,24.96666666666667
2019-12-04,1300 UTC,1406.2,28.5,2019-12,2019,12,980.3076923076923,24.96666666666667
2019-12-04,1400 UTC,2011.2,28.9,2019-12,2019,12,980.3076923076923,24.96666666666667
2019-12-04,1500 UTC,1469.4,28.9,2019-12,2019,12,980.3076923076923,24.96666666666667
2019-12-04,1600 UTC,2388.5,31.0,2019-12,2019,12,980.3076923076923,24.96666666666667
2019-12-04,1700 UTC,2638.4,30.9,2019-12,2019,12,980.3076923076923,24.96666666666667
2019-12-04,1800 UTC,787.5,28.8,2019-12,2019,12,980.3076923076923,24.96666666666667
2019-12-04,1900 UTC,498.8,27.1,2019-12,2019,12,980.3076923076923,24.96666666666667
2019-12-04,2000 UTC,332.7,24.4,2019-12,2019,12,980.3076923076923,24.96666666666667
2019-12-04,2100 UTC,179.3,25.1,2019-12,2019,12,980.3076923076923,24.96666666666667
2019-12-04,2200 UTC,43.6,24.3,2019-12,2019,12,980.3076923076923,24.96666666666667
2019-01-05,1000 UTC,1.2,22.4,2019-01,2019,1,1335.0076923076922,26.90833333333333
2019-01-05,1100 UTC,250.3,24.5,2019-01,2019,1,1335.0076923076922,26.90833333333333
2019-01-05,1200 UTC,827.4,26.7,2019-01,2019,1,1335.0076923076922,26.90833333333333
2019-01-05,1300 UTC,1291.8,27.9,2019-01,2019,1,1335.0076923076922,26.90833333333333
2019-01-05,1400 UTC,2071.7,30.3,2019-01,2019,1,1335.0076923076922,26.90833333333333
2019-01-05,1500 UTC,2559.3,31.1,2019-01,2019,1,1335.0076923076922,26.90833333333333
2019-01-05,1600 UTC,2273.5,32.9,2019-01,2019,1,1335.0076923076922,26.90833333333333
2019-01-05,1700 UTC,2834.2,33.3,2019-01,2019,1,1335.0076923076922,26.90833333333333
2019-01-05,1800 UTC,2653.5,33.0,2019-01,2019,1,1335.0076923076922,26.90833333333333
2019-01-05,1900 UTC,1258.1,29.0,2019-01,2019,1,1335.0076923076922,26.90833333333333
2019-01-05,2000 UTC,793.6,30.0,2019-01,2019,1,1335.0076923076922,26.90833333333333
2019-01-05,2100 UTC,523.6,30.4,2019-01,2019,1,1335.0076923076922,26.90833333333333
2019-01-05,2200 UTC,16.9,28.4,2019-01,2019,1,1335.0076923076922,26.90833333333333
2019-02-05,1000 UTC,0.9,23.6,2019-02,2019,2,762.3,26.400000000000002
2019-02-05,1100 UTC,106.0,24.1,2019-02,2019,2,762.3,26.400000000000002
2019-02-05,1200 UTC,442.5,25.0,2019-02,2019,2,762.3,26.400000000000002
2019-02-05,1300 UTC,810.0,26.2,2019-02,2019,2,762.3,26.400000000000002
2019-02-05,1400 UTC,1051.1,27.1,2019-02,2019,2,762.3,26.400000000000002
2019-02-05,1500 UTC,1380.7,29.0,2019-02,2019,2,762.3,26.400000000000002
2019-02-05,1600 UTC,1272.3,28.9,2019-02,2019,2,762.3,26.400000000000002
2019-02-05,1700 UTC,1477.2,30.4,2019-02,2019,2,762.3,26.400000000000002
2019-02-05,1800 UTC,1171.6,29.9,2019-02,2019,2,762.3,26.400000000000002
2019-02-05,1900 UTC,860.9,29.5,2019-02,2019,2,762.3,26.400000000000002
2019-02-05,2000 UTC,779.2,29.5,2019-02,2019,2,762.3,26.400000000000002
2019-02-05,2100 UTC,513.6,29.0,2019-02,2019,2,762.3,26.400000000000002
2019-02-05,2200 UTC,43.9,28.1,2019-02,2019,2,762.3,26.400000000000002
2019-03-05,1000 UTC,0.9,23.6,2019-03,2019,3,390.44615384615383,24.708333333333332
2019-03-05,1100 UTC,66.2,23.7,2019-03,2019,3,390.44615384615383,24.708333333333332
2019-03-05,1200 UTC,428.9,24.5,2019-03,2019,3,390.44615384615383,24.708333333333332
2019-03-05,1300 UTC,741.2,25.9,2019-03,2019,3,390.44615384615383,24.708333333333332
2019-03-05,1400 UTC,795.7,25.3,2019-03,2019,3,390.44615384615383,24.708333333333332
2019-03-05,1500 UTC,1219.4,26.4,2019-03,2019,3,390.44615384615383,24.708333333333332
2019-03-05,1600 UTC,781.4,26.1,2019-03,2019,3,390.44615384615383,24.708333333333332
2019-03-05,1700 UTC,350.3,25.3,2019-03,2019,3,390.44615384615383,24.708333333333332
2019-03-05,1800 UTC,184.4,25.6,2019-03,2019,3,390.44615384615383,24.708333333333332
2019-03-05,1900 UTC,240.9,25.8,2019-03,2019,3,390.44615384615383,24.708333333333332
2019-03-05,2000 UTC,201.8,25.3,2019-03,2019,3,390.44615384615383,24.708333333333332
2019-03-05,2100 UTC,62.6,24.8,2019-03,2019,3,390.44615384615383,24.708333333333332
2019-03-05,2200 UTC,2.1,24.4,2019-03,2019,3,390.44615384615383,24.708333333333332
2019-04-05,1000 UTC,4.4,22.3,2019-04,2019,4,1232.4153846153845,25.599999999999998
2019-04-05,1100 UTC,285.5,24.0,2019-04,2019,4,1232.4153846153845,25.599999999999998
2019-04-05,1200 UTC,1138.3,26.6,2019-04,2019,4,1232.4153846153845,25.599999999999998
2019-04-05,1300 UTC,1615.7,27.9,2019-04,2019,4,1232.4153846153845,25.599999999999998
2019-04-05,1400 UTC,2199.7,29.4,2019-04,2019,4,1232.4153846153845,25.599999999999998
2019-04-05,1500 UTC,2395.8,30.0,2019-04,2019,4,1232.4153846153845,25.599999999999998
2019-04-05,1600 UTC,2361.2,30.5,2019-04,2019,4,1232.4153846153845,25.599999999999998
2019-04-05,1700 UTC,2018.3,30.6,2019-04,2019,4,1232.4153846153845,25.599999999999998
2019-04-05,1800 UTC,1471.0,31.1,2019-04,2019,4,1232.4153846153845,25.599999999999998
2019-04-05,1900 UTC,1164.4,28.4,2019-04,2019,4,1232.4153846153845,25.599999999999998
2019-04-05,2000 UTC,939.9,29.3,2019-04,2019,4,1232.4153846153845,25.599999999999998
2019-04-05,2100 UTC,399.1,26.9,2019-04,2019,4,1232.4153846153845,25.599999999999998
2019-04-05,2200 UTC,28.1,25.5,2019-04,2019,4,1232.4153846153845,25.599999999999998
2019-05-05,1100 UTC,103.7,23.5,2019-05,2019,5,1113.2666666666667,26.516666666666666
2019-05-05,1200 UTC,673.8,26.8,2019-05,2019,5,1113.2666666666667,26.516666666666666
2019-05-05,1300 UTC,1538.5,29.1,2019-05,2019,5,1113.2666666666667,26.516666666666666
2019-05-05,1400 UTC,1717.7,30.0,2019-05,2019,5,1113.2666666666667,26.516666666666666
2019-05-05,1500 UTC,1954.7,31.3,2019-05,2019,5,1113.2666666666667,26.516666666666666
2019-05-05,1600 UTC,1601.2,30.8,2019-05,2019,5,1113.2666666666667,26.516666666666666
2019-05-05,1700 UTC,1192.8,31.6,2019-05,2019,5,1113.2666666666667,26.516666666666666
2019-05-05,1800 UTC,1854.1,33.0,2019-05,2019,5,1113.2666666666667,26.516666666666666
2019-05-05,1900 UTC,1713.5,30.7,2019-05,2019,5,1113.2666666666667,26.516666666666666
2019-05-05,2000 UTC,681.4,31.6,2019-05,2019,5,1113.2666666666667,26.516666666666666
2019-05-05,2100 UTC,316.8,29.1,2019-05,2019,5,1113.2666666666667,26.516666666666666
2019-05-05,2200 UTC,11.0,28.5,2019-05,2019,5,1113.2666666666667,26.516666666666666
2019-06-05,1100 UTC,231.1,25.0,2019-06,2019,6,1708.125,27.820833333333336
2019-06-05,1200 UTC,784.4,28.0,2019-06,2019,6,1708.125,27.820833333333336
2019-06-05,1300 UTC,1696.1,29.9,2019-06,2019,6,1708.125,27.820833333333336
2019-06-05,1400 UTC,2352.6,31.2,2019-06,2019,6,1708.125,27.820833333333336
2019-06-05,1500 UTC,2696.7,32.1,2019-06,2019,6,1708.125,27.820833333333336
2019-06-05,1600 UTC,3157.4,33.3,2019-06,2019,6,1708.125,27.820833333333336
2019-06-05,1700 UTC,3081.4,33.6,2019-06,2019,6,1708.125,27.820833333333336
2019-06-05,1800 UTC,2464.0,33.7,2019-06,2019,6,1708.125,27.820833333333336
2019-06-05,1900 UTC,2003.5,33.4,2019-06,2019,6,1708.125,27.820833333333336
2019-06-05,2000 UTC,1374.6,32.6,2019-06,2019,6,1708.125,27.820833333333336
2019-06-05,2100 UTC,624.6,30.9,2019-06,2019,6,1708.125,27.820833333333336
2019-06-05,2200 UTC,31.1,28.7,2019-06,2019,6,1708.125,27.820833333333336
2019-07-05,1100 UTC,19.0,22.6,2019-07,2019,7,940.3249999999999,26.641666666666666
2019-07-05,1200 UTC,205.7,23.2,2019-07,2019,7,940.3249999999999,26.641666666666666
2019-07-05,1300 UTC,595.2,24.3,2019-07,2019,7,940.3249999999999,26.641666666666666
2019-07-05,1400 UTC,804.8,27.1,2019-07,2019,7,940.3249999999999,26.641666666666666
2019-07-05,1500 UTC,1298.2,28.4,2019-07,2019,7,940.3249999999999,26.641666666666666
2019-07-05,1600 UTC,925.8,29.0,2019-07,2019,7,940.3249999999999,26.641666666666666
2019-07-05,1700 UTC,1436.1,30.5,2019-07,2019,7,940.3249999999999,26.641666666666666
2019-07-05,1800 UTC,2176.1,31.9,2019-07,2019,7,940.3249999999999,26.641666666666666
2019-07-05,1900 UTC,2008.5,32.3,2019-07,2019,7,940.3249999999999,26.641666666666666
2019-07-05,2000 UTC,1397.9,32.3,2019-07,2019,7,940.3249999999999,26.641666666666666
2019-07-05,2100 UTC,402.0,29.6,2019-07,2019,7,940.3249999999999,26.641666666666666
2019-07-05,2200 UTC,14.6,27.6,2019-07,2019,7,940.3249999999999,26.641666666666666
2019-08-05,1100 UTC,145.0,22.8,2019-08,2019,8,1118.1166666666666,24.72941176470588
2019-08-05,1200 UTC,407.0,23.2,2019-08,2019,8,1118.1166666666666,24.72941176470588
2019-08-05,1300 UTC,623.4,23.9,2019-08,2019,8,1118.1166666666666,24.72941176470588
2019-08-05,1400 UTC,850.4,27.0,2019-08,2019,8,1118.1166666666666,24.72941176470588
2019-08-05,1500 UTC,1675.4,28.8,2019-08,2019,8,1118.1166666666666,24.72941176470588
2019-08-05,1600 UTC,3007.5,30.3,2019-08,2019,8,1118.1166666666666,24.72941176470588
2019-01-08,1100 UTC,75.8,22.9,2019-01,2019,1,1486.1916666666666,27.808333333333334
2019-01-08,1200 UTC,416.4,25.5,2019-01,2019,1,1486.1916666666666,27.808333333333334
2019-01-08,1300 UTC,1074.9,28.9,2019-01,2019,1,1486.1916666666666,27.808333333333334
2019-01-08,1400 UTC,1985.1,33.1,2019-01,2019,1,1486.1916666666666,27.808333333333334
2019-01-08,1500 UTC,2509.2,34.7,2019-01,2019,1,1486.1916666666666,27.808333333333334
2019-01-08,1600 UTC,2549.2,34.7,2019-01,2019,1,1486.1916666666666,27.808333333333334
2019-01-08,1700 UTC,2708.8,35.9,2019-01,2019,1,1486.1916666666666,27.808333333333334
2019-01-08,1800 UTC,2341.2,35.2,2019-01,2019,1,1486.1916666666666,27.808333333333334
2019-01-08,1900 UTC,2124.0,35.2,2019-01,2019,1,1486.1916666666666,27.808333333333334
2019-01-08,2000 UTC,1453.6,34.3,2019-01,2019,1,1486.1916666666666,27.808333333333334
2019-01-08,2100 UTC,568.3,32.4,2019-01,2019,1,1486.1916666666666,27.808333333333334
2019-01-08,2200 UTC,27.8,29.9,2019-01,2019,1,1486.1916666666666,27.808333333333334
2019-02-08,1100 UTC,123.6,22.4,2019-02,2019,2,1487.5,28.40416666666667
2019-02-08,1200 UTC,781.2,28.6,2019-02,2019,2,1487.5,28.40416666666667
2019-02-08,1300 UTC,1603.2,31.7,2019-02,2019,2,1487.5,28.40416666666667
2019-02-08,1400 UTC,2175.9,33.5,2019-02,2019,2,1487.5,28.40416666666667
2019-02-08,1500 UTC,2435.6,34.4,2019-02,2019,2,1487.5,28.40416666666667
2019-02-08,1600 UTC,2793.6,35.8,2019-02,2019,2,1487.5,28.40416666666667
2019-02-08,1700 UTC,2726.8,34.6,2019-02,2019,2,1487.5,28.40416666666667
2019-02-08,1800 UTC,1253.1,34.5,2019-02,2019,2,1487.5,28.40416666666667
2019-02-08,1900 UTC,1779.1,35.9,2019-02,2019,2,1487.5,28.40416666666667
2019-02-08,2000 UTC,1643.9,35.4,2019-02,2019,2,1487.5,28.40416666666667
2019-02-08,2100 UTC,501.3,33.9,2019-02,2019,2,1487.5,28.40416666666667
2019-02-08,2200 UTC,32.7,31.5,2019-02,2019,2,1487.5,28.40416666666667
2019-03-08,1100 UTC,160.5,15.2,2019-03,2019,3,1585.7333333333333,21.7375
2019-03-08,1200 UTC,893.8,16.4,2019-03,2019,3,1585.7333333333333,21.7375
2019-03-08,1300 UTC,1611.1,18.8,2019-03,2019,3,1585.7333333333333,21.7375
2019-03-08,1400 UTC,2147.9,19.9,2019-03,2019,3,1585.7333333333333,21.7375
2019-03-08,1500 UTC,2443.3,21.8,2019-03,2019,3,1585.7333333333333,21.7375
2019-03-08,1600 UTC,2663.0,24.3,2019-03,2019,3,1585.7333333333333,21.7375
2019-03-08,1700 UTC,2668.2,25.9,2019-03,2019,3,1585.7333333333333,21.7375
2019-03-08,1800 UTC,2429.2,26.9,2019-03,2019,3,1585.7333333333333,21.7375
2019-03-08,1900 UTC,2013.0,26.5,2019-03,2019,3,1585.7333333333333,21.7375
2019-03-08,2000 UTC,1396.5,26.6,2019-03,2019,3,1585.7333333333333,21.7375
2019-03-08,2100 UTC,567.0,24.9,2019-03,2019,3,1585.7333333333333,21.7375
2019-03-08,2200 UTC,35.3,22.6,2019-03,2019,3,1585.7333333333333,21.7375
2019-04-08,1100 UTC,168.5,12.6,2019-04,2019,4,1644.5333333333335,19.683333333333334
2019-04-08,1200 UTC,939.7,15.5,2019-04,2019,4,1644.5333333333335,19.683333333333334
2019-04-08,1300 UTC,1695.1,18.9,2019-04,2019,4,1644.5333333333335,19.683333333333334
2019-04-08,1400 UTC,2243.8,21.8,2019-04,2019,4,1644.5333333333335,19.683333333333334
2019-04-08,1500 UTC,2535.2,23.8,2019-04,2019,4,1644.5333333333335,19.683333333333334
2019-04-08,1600 UTC,2726.1,25.7,2019-04,2019,4,1644.5333333333335,19.683333333333334
2019-04-08,1700 UTC,2740.2,27.6,2019-04,2019,4,1644.5333333333335,19.683333333333334
2019-04-08,1800 UTC,2509.5,29.0,2019-04,2019,4,1644.5333333333335,19.683333333333334
2019-04-08,1900 UTC,2090.2,29.3,2019-04,2019,4,1644.5333333333335,19.683333333333334
2019-04-08,2000 UTC,1456.7,29.2,2019-04,2019,4,1644.5333333333335,19.683333333333334
2019-04-08,2100 UTC,599.2,28.1,2019-04,2019,4,1644.5333333333335,19.683333333333334
2019-04-08,2200 UTC,30.2,26.1,2019-04,2019,4,1644.5333333333335,19.683333333333334
2019-05-08,1100 UTC,166.3,15.3,2019-05,2019,5,1551.8416666666665,23.320833333333336
2019-05-08,1200 UTC,923.0,18.8,2019-05,2019,5,1551.8416666666665,23.320833333333336
2019-05-08,1300 UTC,1633.3,22.6,2019-05,2019,5,1551.8416666666665,23.320833333333336
2019-05-08,1400 UTC,2174.3,27.1,2019-05,2019,5,1551.8416666666665,23.320833333333336
2019-05-08,1500 UTC,2471.4,29.3,2019-05,2019,5,1551.8416666666665,23.320833333333336
2019-05-08,1600 UTC,2673.8,31.5,2019-05,2019,5,1551.8416666666665,23.320833333333336
2019-05-08,1700 UTC,2653.8,33.3,2019-05,2019,5,1551.8416666666665,23.320833333333336
2019-05-08,1800 UTC,2396.7,33.5,2019-05,2019,5,1551.8416666666665,23.320833333333336
2019-05-08,1900 UTC,1795.6,33.9,2019-05,2019,5,1551.8416666666665,23.320833333333336
2019-05-08,2000 UTC,1108.1,33.7,2019-05,2019,5,1551.8416666666665,23.320833333333336
2019-05-08,2100 UTC,589.8,32.1,2019-05,2019,5,1551.8416666666665,23.320833333333336
2019-05-08,2200 UTC,36.0,29.3,2019-05,2019,5,1551.8416666666665,23.320833333333336
2019-06-08,1100 UTC,152.3,20.5,2019-06,2019,6,1568.9416666666666,26.96666666666667
2019-06-08,1200 UTC,894.9,24.7,2019-06,2019,6,1568.9416666666666,26.96666666666667
2019-06-08,1300 UTC,1631.3,29.7,2019-06,2019,6,1568.9416666666666,26.96666666666667
2019-06-08,1400 UTC,2167.0,31.9,2019-06,2019,6,1568.9416666666666,26.96666666666667
2019-06-08,1500 UTC,2356.2,32.3,2019-06,2019,6,1568.9416666666666,26.96666666666667
2019-06-08,1600 UTC,2642.8,33.4,2019-06,2019,6,1568.9416666666666,26.96666666666667
2019-06-08,1700 UTC,2685.0,33.6,2019-06,2019,6,1568.9416666666666,26.96666666666667
2019-06-08,1800 UTC,2530.2,34.5,2019-06,2019,6,1568.9416666666666,26.96666666666667
2019-06-08,1900 UTC,1837.7,34.1,2019-06,2019,6,1568.9416666666666,26.96666666666667
2019-06-08,2000 UTC,1347.3,33.0,2019-06,2019,6,1568.9416666666666,26.96666666666667
2019-06-08,2100 UTC,555.3,31.5,2019-06,2019,6,1568.9416666666666,26.96666666666667
2019-06-08,2200 UTC,27.3,29.6,2019-06,2019,6,1568.9416666666666,26.96666666666667
2019-07-08,1100 UTC,164.8,22.2,2019-07,2019,7,1657.0249999999999,26.608333333333334
2019-07-08,1200 UTC,916.1,25.1,2019-07,2019,7,1657.0249999999999,26.608333333333334
2019-07-08,1300 UTC,1664.8,28.8,2019-07,2019,7,1657.0249999999999,26.608333333333334
2019-07-08,1400 UTC,2245.6,31.6,2019-07,2019,7,1657.0249999999999,26.608333333333334
2019-07-08,1500 UTC,2523.3,32.2,2019-07,2019,7,1657.0249999999999,26.608333333333334
2019-07-08,1600 UTC,2760.8,32.6,2019-07,2019,7,1657.0249999999999,26.608333333333334
2019-07-08,1700 UTC,2755.4,33.3,2019-07,2019,7,1657.0249999999999,26.608333333333334
2019-07-08,1800 UTC,2528.2,32.8,2019-07,2019,7,1657.0249999999999,26.608333333333334
2019-07-08,1900 UTC,2124.8,32.9,2019-07,2019,7,1657.0249999999999,26.608333333333334
2019-07-08,2000 UTC,1517.0,32.4,2019-07,2019,7,1657.0249999999999,26.608333333333334
2019-07-08,2100 UTC,655.0,30.9,2019-07,2019,7,1657.0249999999999,26.608333333333334
2019-07-08,2200 UTC,28.5,28.1,2019-07,2019,7,1657.0249999999999,26.608333333333334
2019-08-08,1100 UTC,156.7,20.5,2019-08,2019,8,1679.0166666666667,25.745833333333334
2019-08-08,1200 UTC,982.8,24.5,2019-08,2019,8,1679.0166666666667,25.745833333333334
2019-08-08,1300 UTC,1748.5,29.3,2019-08,2019,8,1679.0166666666667,25.745833333333334
2019-08-08,1400 UTC,2294.7,31.0,2019-08,2019,8,1679.0166666666667,25.745833333333334
2019-08-08,1500 UTC,2567.7,32.1,2019-08,2019,8,1679.0166666666667,25.745833333333334
2019-08-08,1600 UTC,2789.3,33.3,2019-08,2019,8,1679.0166666666667,25.745833333333334
2019-08-08,1700 UTC,2781.0,33.1,2019-08,2019,8,1679.0166666666667,25.745833333333334
2019-08-08,1800 UTC,2546.7,33.1,2019-08,2019,8,1679.0166666666667,25.745833333333334
2019-08-08,1900 UTC,2119.8,33.1,2019-08,2019,8,1679.0166666666667,25.745833333333334
2019-08-08,2000 UTC,1485.5,32.8,2019-08,2019,8,1679.0166666666667,25.745833333333334
2019-08-08,2100 UTC,647.2,31.2,2019-08,2019,8,1679.0166666666667,25.745833333333334
2019-08-08,2200 UTC,28.3,28.3,2019-08,2019,8,1679.0166666666667,25.745833333333334
2019-09-08,1100 UTC,150.4,21.9,2019-09,2019,9,1682.3833333333334,26.133333333333336
2019-09-08,1200 UTC,950.1,25.1,2019-09,2019,9,1682.3833333333334,26.133333333333336
2019-09-08,1300 UTC,1702.8,28.4,2019-09,2019,9,1682.3833333333334,26.133333333333336
2019-09-08,1400 UTC,2246.8,31.6,2019-09,2019,9,1682.3833333333334,26.133333333333336
2019-09-08,1500 UTC,2535.5,32.7,2019-09,2019,9,1682.3833333333334,26.133333333333336
2019-09-08,1600 UTC,2820.3,34.1,2019-09,2019,9,1682.3833333333334,26.133333333333336
2019-09-08,1700 UTC,2815.0,34.1,2019-09,2019,9,1682.3833333333334,26.133333333333336
2019-09-08,1800 UTC,2559.2,33.5,2019-09,2019,9,1682.3833333333334,26.133333333333336
2019-09-08,1900 UTC,2149.9,33.6,2019-09,2019,9,1682.3833333333334,26.133333333333336
2019-09-08,2000 UTC,1533.9,33.2,2019-09,2019,9,1682.3833333333334,26.133333333333336
2019-09-08,2100 UTC,698.7,31.5,2019-09,2019,9,1682.3833333333334,26.133333333333336
2019-09-08,2200 UTC,26.0,28.7,2019-09,2019,9,1682.3833333333334,26.133333333333336
2019-10-08,1100 UTC,149.5,22.8,2019-10,2019,10,1610.3583333333333,26.4875
2019-10-08,1200 UTC,936.7,24.9,2019-10,2019,10,1610.3583333333333,26.4875
2019-10-08,1300 UTC,1716.4,30.1,2019-10,2019,10,1610.3583333333333,26.4875
2019-10-08,1400 UTC,2271.7,32.2,2019-10,2019,10,1610.3583333333333,26.4875
2019-10-08,1500 UTC,2558.5,34.0,2019-10,2019,10,1610.3583333333333,26.4875
2019-10-08,1600 UTC,2770.2,33.6,2019-10,2019,10,1610.3583333333333,26.4875
2019-10-08,1700 UTC,2763.2,34.6,2019-10,2019,10,1610.3583333333333,26.4875
2019-10-08,1800 UTC,2445.3,33.9,2019-10,2019,10,1610.3583333333333,26.4875
2019-10-08,1900 UTC,1875.5,33.8,2019-10,2019,10,1610.3583333333333,26.4875
2019-10-08,2000 UTC,1265.3,32.9,2019-10,2019,10,1610.3583333333333,26.4875
2019-10-08,2100 UTC,547.6,31.6,2019-10,2019,10,1610.3583333333333,26.4875
2019-10-08,2200 UTC,24.4,29.3,2019-10,2019,10,1610.3583333333333,26.4875
2019-11-08,1100 UTC,155.0,22.3,2019-11,2019,11,1558.9916666666668,26.520833333333332
2019-11-08,1200 UTC,950.7,26.7,2019-11,2019,11,1558.9916666666668,26.520833333333332
2019-11-08,1300 UTC,1770.0,28.8,2019-11,2019,11,1558.9916666666668,26.520833333333332
2019-11-08,1400 UTC,2294.9,32.3,2019-11,2019,11,1558.9916666666668,26.520833333333332
2019-11-08,1500 UTC,2560.6,33.4,2019-11,2019,11,1558.9916666666668,26.520833333333332
2019-11-08,1600 UTC,2798.1,33.5,2019-11,2019,11,1558.9916666666668,26.520833333333332
2019-11-08,1700 UTC,2711.6,35.5,2019-11,2019,11,1558.9916666666668,26.520833333333332
2019-11-08,1800 UTC,2496.1,35.1,2019-11,2019,11,1558.9916666666668,26.520833333333332
2019-11-08,1900 UTC,1670.8,34.2,2019-11,2019,11,1558.9916666666668,26.520833333333332
2019-11-08,2000 UTC,845.9,32.3,2019-11,2019,11,1558.9916666666668,26.520833333333332
2019-11-08,2100 UTC,423.0,32.1,2019-11,2019,11,1558.9916666666668,26.520833333333332
2019-11-08,2200 UTC,31.2,29.6,2019-11,2019,11,1558.9916666666668,26.520833333333332
2019-12-08,1100 UTC,176.5,23.1,2019-12,2019,12,1700.6499999999999,27.84166666666667
2019-12-08,1200 UTC,889.6,27.0,2019-12,2019,12,1700.6499999999999,27.84166666666667
2019-12-08,1300 UTC,1756.0,31.4,2019-12,2019,12,1700.6499999999999,27.84166666666667
2019-12-08,1400 UTC,2285.5,33.5,2019-12,2019,12,1700.6499999999999,27.84166666666667
2019-12-08,1500 UTC,2665.8,34.3,2019-12,2019,12,1700.6499999999999,27.84166666666667
2019-12-08,1600 UTC,2806.3,34.5,2019-12,2019,12,1700.6499999999999,27.84166666666667
2019-12-08,1700 UTC,2821.7,34.6,2019-12,2019,12,1700.6499999999999,27.84166666666667
2019-12-08,1800 UTC,2575.9,35.4,2019-12,2019,12,1700.6499999999999,27.84166666666667
2019-12-08,1900 UTC,2149.7,34.9,2019-12,2019,12,1700.6499999999999,27.84166666666667
2019-12-08,2000 UTC,1525.7,35.0,2019-12,2019,12,1700.6499999999999,27.84166666666667
2019-12-08,2100 UTC,729.6,33.1,2019-12,2019,12,1700.6499999999999,27.84166666666667
2019-12-08,2200 UTC,25.5,30.5,2019-12,2019,12,1700.6499999999999,27.84166666666667
2019-01-09,1000 UTC,0.9,21.0,2019-01,2019,1,1596.7615384615385,29.462500000000002
2019-01-09,1100 UTC,415.7,25.7,2019-01,2019,1,1596.7615384615385,29.462500000000002
2019-01-09,1200 UTC,1162.9,27.5,2019-01,2019,1,1596.7615384615385,29.462500000000002
2019-01-09,1300 UTC,1878.1,31.2,2019-01,2019,1,1596.7615384615385,29.462500000000002
2019-01-09,1400 UTC,2337.0,34.1,2019-01,2019,1,1596.7615384615385,29.462500000000002
2019-01-09,1500 UTC,2627.1,35.9,2019-01,2019,1,1596.7615384615385,29.462500000000002
2019-01-09,1600 UTC,2884.8,36.6,2019-01,2019,1,1596.7615384615385,29.462500000000002
2019-01-09,1700 UTC,2831.7,36.7,2019-01,2019,1,1596.7615384615385,29.462500000000002
2019-01-09,1800 UTC,2513.9,37.4,2019-01,2019,1,1596.7615384615385,29.462500000000002
2019-01-09,1900 UTC,2052.0,37.7,2019-01,2019,1,1596.7615384615385,29.462500000000002
2019-01-09,2000 UTC,1420.6,36.6,2019-01,2019,1,1596.7615384615385,29.462500000000002
2019-01-09,2100 UTC,600.7,35.1,2019-01,2019,1,1596.7615384615385,29.462500000000002
2019-01-09,2200 UTC,32.5,32.3,2019-01,2019,1,1596.7615384615385,29.462500000000002
2019-02-09,1000 UTC,0.5,19.6,2019-02,2019,2,1529.0538461538463,28.895833333333332
2019-02-09,1100 UTC,330.7,22.7,2019-02,2019,2,1529.0538461538463,28.895833333333332
2019-02-09,1200 UTC,1067.3,25.8,2019-02,2019,2,1529.0538461538463,28.895833333333332
2019-02-09,1300 UTC,1808.8,29.9,2019-02,2019,2,1529.0538461538463,28.895833333333332
2019-02-09,1400 UTC,2329.2,33.4,2019-02,2019,2,1529.0538461538463,28.895833333333332
2019-02-09,1500 UTC,2621.8,34.9,2019-02,2019,2,1529.0538461538463,28.895833333333332
2019-02-09,1600 UTC,2824.2,35.9,2019-02,2019,2,1529.0538461538463,28.895833333333332
2019-02-09,1700 UTC,2784.8,37.9,2019-02,2019,2,1529.0538461538463,28.895833333333332
2019-02-09,1800 UTC,2208.3,36.5,2019-02,2019,2,1529.0538461538463,28.895833333333332
2019-02-09,1900 UTC,1838.9,36.0,2019-02,2019,2,1529.0538461538463,28.895833333333332
2019-02-09,2000 UTC,1423.3,36.5,2019-02,2019,2,1529.0538461538463,28.895833333333332
2019-02-09,2100 UTC,603.1,35.0,2019-02,2019,2,1529.0538461538463,28.895833333333332
2019-02-09,2200 UTC,36.8,32.6,2019-02,2019,2,1529.0538461538463,28.895833333333332
2019-03-09,1000 UTC,1.3,21.6,2019-03,2019,3,1480.146153846154,29.650000000000002
2019-03-09,1100 UTC,301.8,22.2,2019-03,2019,3,1480.146153846154,29.650000000000002
2019-03-09,1200 UTC,980.5,28.7,2019-03,2019,3,1480.146153846154,29.650000000000002
2019-03-09,1300 UTC,1672.8,32.6,2019-03,2019,3,1480.146153846154,29.650000000000002
2019-03-09,1400 UTC,2235.8,34.5,2019-03,2019,3,1480.146153846154,29.650000000000002
2019-03-09,1500 UTC,2568.2,35.8,2019-03,2019,3,1480.146153846154,29.650000000000002
2019-03-09,1600 UTC,2732.0,38.0,2019-03,2019,3,1480.146153846154,29.650000000000002
2019-03-09,1700 UTC,2387.9,37.2,2019-03,2019,3,1480.146153846154,29.650000000000002
2019-03-09,1800 UTC,2368.5,37.6,2019-03,2019,3,1480.146153846154,29.650000000000002
2019-03-09,1900 UTC,1966.5,37.8,2019-03,2019,3,1480.146153846154,29.650000000000002
2019-03-09,2000 UTC,1381.0,37.2,2019-03,2019,3,1480.146153846154,29.650000000000002
2019-03-09,2100 UTC,611.1,35.8,2019-03,2019,3,1480.146153846154,29.650000000000002
2019-03-09,2200 UTC,34.5,32.6,2019-03,2019,3,1480.146153846154,29.650000000000002
2019-04-09,1000 UTC,3.5,22.7,2019-04,2019,4,1595.8384615384616,30.266666666666666
2019-04-09,1100 UTC,338.1,24.9,2019-04,2019,4,1595.8384615384616,30.266666666666666
2019-04-09,1200 UTC,1053.3,27.1,2019-04,2019,4,1595.8384615384616,30.266666666666666
2019-04-09,1300 UTC,1649.8,31.6,2019-04,2019,4,1595.8384615384616,30.266666666666666
2019-04-09,1400 UTC,2274.3,35.0,2019-04,2019,4,1595.8384615384616,30.266666666666666
2019-04-09,1500 UTC,2649.9,37.2,2019-04,2019,4,1595.8384615384616,30.266666666666666
2019-04-09,1600 UTC,2933.7,37.8,2019-04,2019,4,1595.8384615384616,30.266666666666666
2019-04-09,1700 UTC,2855.0,38.8,2019-04,2019,4,1595.8384615384616,30.266666666666666
2019-04-09,1800 UTC,2589.0,38.9,2019-04,2019,4,1595.8384615384616,30.266666666666666
2019-04-09,1900 UTC,2177.1,39.3,2019-04,2019,4,1595.8384615384616,30.266666666666666
2019-04-09,2000 UTC,1509.5,37.9,2019-04,2019,4,1595.8384615384616,30.266666666666666
2019-04-09,2100 UTC,677.6,36.3,2019-04,2019,4,1595.8384615384616,30.266666666666666
2019-04-09,2200 UTC,35.1,33.5,2019-04,2019,4,1595.8384615384616,30.266666666666666
2019-05-09,1000 UTC,5.4,23.9,2019-05,2019,5,1552.9615384615386,31.058333333333334
2019-05-09,1100 UTC,387.4,25.1,2019-05,2019,5,1552.9615384615386,31.058333333333334
2019-05-09,1200 UTC,1176.0,30.0,2019-05,2019,5,1552.9615384615386,31.058333333333334
2019-05-09,1300 UTC,1856.4,34.5,2019-05,2019,5,1552.9615384615386,31.058333333333334
2019-05-09,1400 UTC,2206.6,36.7,2019-05,2019,5,1552.9615384615386,31.058333333333334
2019-05-09,1500 UTC,2708.4,38.1,2019-05,2019,5,1552.9615384615386,31.058333333333334
2019-05-09,1600 UTC,2925.8,39.4,2019-05,2019,5,1552.9615384615386,31.058333333333334
2019-05-09,1700 UTC,2892.8,39.0,2019-05,2019,5,1552.9615384615386,31.058333333333334
2019-05-09,1800 UTC,2488.2,38.5,2019-05,2019,5,1552.9615384615386,31.058333333333334
2019-05-09,1900 UTC,1821.2,38.6,2019-05,2019,5,1552.9615384615386,31.058333333333334
2019-05-09,2000 UTC,1184.6,38.1,2019-05,2019,5,1552.9615384615386,31.058333333333334
2019-05-09,2100 UTC,495.9,35.7,2019-05,2019,5,1552.9615384615386,31.058333333333334
2019-05-09,2200 UTC,39.8,33.2,2019-05,2019,5,1552.9615384615386,31.058333333333334
2019-06-09,1000 UTC,3.2,22.6,2019-06,2019,6,1529.2846153846153,29.825
2019-06-09,1100 UTC,329.4,21.7,2019-06,2019,6,1529.2846153846153,29.825
2019-06-09,1200 UTC,1098.8,27.8,2019-06,2019,6,1529.2846153846153,29.825
2019-06-09,1300 UTC,1861.6,32.5,2019-06,2019,6,1529.2846153846153,29.825
2019-06-09,1400 UTC,2359.8,34.3,2019-06,2019,6,1529.2846153846153,29.825
2019-06-09,1500 UTC,2689.5,35.5,2019-06,2019,6,1529.2846153846153,29.825
2019-06-09,1600 UTC,2914.1,37.0,2019-06,2019,6,1529.2846153846153,29.825
2019-06-09,1700 UTC,2834.0,37.5,2019-06,2019,6,1529.2846153846153,29.825
2019-06-09,1800 UTC,2027.1,37.3,2019-06,2019,6,1529.2846153846153,29.825
2019-06-09,1900 UTC,1882.6,38.0,2019-06,2019,6,1529.2846153846153,29.825
2019-06-09,2000 UTC,1311.3,36.7,2019-06,2019,6,1529.2846153846153,29.825
2019-06-09,2100 UTC,537.8,35.2,2019-06,2019,6,1529.2846153846153,29.825
2019-06-09,2200 UTC,31.5,31.9,2019-06,2019,6,1529.2846153846153,29.825
2019-07-09,1000 UTC,4.4,22.1,2019-07,2019,7,1534.753846153846,29.224999999999998
2019-07-09,1100 UTC,335.8,25.3,2019-07,2019,7,1534.753846153846,29.224999999999998
2019-07-09,1200 UTC,1020.1,28.1,2019-07,2019,7,1534.753846153846,29.224999999999998
2019-07-09,1300 UTC,1822.9,31.1,2019-07,2019,7,1534.753846153846,29.224999999999998
2019-07-09,1400 UTC,2399.3,34.0,2019-07,2019,7,1534.753846153846,29.224999999999998
2019-07-09,1500 UTC,2745.0,36.8,2019-07,2019,7,1534.753846153846,29.224999999999998
2019-07-09,1600 UTC,2684.5,36.2,2019-07,2019,7,1534.753846153846,29.224999999999998
2019-07-09,1700 UTC,2409.2,36.7,2019-07,2019,7,1534.753846153846,29.224999999999998
2019-07-09,1800 UTC,2213.7,36.7,2019-07,2019,7,1534.753846153846,29.224999999999998
2019-07-09,1900 UTC,2104.0,36.4,2019-07,2019,7,1534.753846153846,29.224999999999998
2019-07-09,2000 UTC,1481.2,35.9,2019-07,2019,7,1534.753846153846,29.224999999999998
2019-07-09,2100 UTC,691.8,34.4,2019-07,2019,7,1534.753846153846,29.224999999999998
2019-07-09,2200 UTC,39.9,31.7,2019-07,2019,7,1534.753846153846,29.224999999999998
2019-08-09,1000 UTC,8.7,21.4,2019-08,2019,8,1574.6999999999998,28.820833333333336
2019-08-09,1100 UTC,327.2,24.5,2019-08,2019,8,1574.6999999999998,28.820833333333336
2019-08-09,1200 UTC,1034.3,27.7,2019-08,2019,8,1574.6999999999998,28.820833333333336
2019-08-09,1300 UTC,1804.2,31.5,2019-08,2019,8,1574.6999999999998,28.820833333333336
2019-08-09,1400 UTC,2392.5,34.1,2019-08,2019,8,1574.6999999999998,28.820833333333336
2019-08-09,1500 UTC,2655.6,35.6,2019-08,2019,8,1574.6999999999998,28.820833333333336
2019-08-09,1600 UTC,2905.5,36.4,2019-08,2019,8,1574.6999999999998,28.820833333333336
2019-08-09,1700 UTC,2831.4,36.7,2019-08,2019,8,1574.6999999999998,28.820833333333336
2019-08-09,1800 UTC,2476.3,37.2,2019-08,2019,8,1574.6999999999998,28.820833333333336
2019-08-09,1900 UTC,2039.0,36.9,2019-08,2019,8,1574.6999999999998,28.820833333333336
2019-08-09,2000 UTC,1357.8,35.4,2019-08,2019,8,1574.6999999999998,28.820833333333336
2019-08-09,2100 UTC,601.1,33.9,2019-08,2019,8,1574.6999999999998,28.820833333333336
2019-08-09,2200 UTC,37.5,31.5,2019-08,2019,8,1574.6999999999998,28.820833333333336
2019-09-09,1000 UTC,4.2,21.6,2019-09,2019,9,1527.8000000000002,29.304166666666664
2019-09-09,1100 UTC,328.1,24.8,2019-09,2019,9,1527.8000000000002,29.304166666666664
2019-09-09,1200 UTC,996.4,28.5,2019-09,2019,9,1527.8000000000002,29.304166666666664
2019-09-09,1300 UTC,1691.3,32.5,2019-09,2019,9,1527.8000000000002,29.304166666666664
2019-09-09,1400 UTC,2282.5,34.6,2019-09,2019,9,1527.8000000000002,29.304166666666664
2019-09-09,1500 UTC,2578.0,35.8,2019-09,2019,9,1527.8000000000002,29.304166666666664
2019-09-09,1600 UTC,2814.7,36.6,2019-09,2019,9,1527.8000000000002,29.304166666666664
2019-09-09,1700 UTC,2771.1,36.4,2019-09,2019,9,1527.8000000000002,29.304166666666664
2019-09-09,1800 UTC,2453.9,36.6,2019-09,2019,9,1527.8000000000002,29.304166666666664
2019-09-09,1900 UTC,2015.3,37.1,2019-09,2019,9,1527.8000000000002,29.304166666666664
2019-09-09,2000 UTC,1326.8,36.2,2019-09,2019,9,1527.8000000000002,29.304166666666664
2019-09-09,2100 UTC,567.4,34.7,2019-09,2019,9,1527.8000000000002,29.304166666666664
2019-09-09,2200 UTC,31.7,31.7,2019-09,2019,9,1527.8000000000002,29.304166666666664
2019-10-09,1000 UTC,7.4,21.8,2019-10,2019,10,1388.5538461538463,29.145833333333332
2019-10-09,1100 UTC,334.7,23.0,2019-10,2019,10,1388.5538461538463,29.145833333333332
2019-10-09,1200 UTC,954.3,27.6,2019-10,2019,10,1388.5538461538463,29.145833333333332
2019-10-09,1300 UTC,1569.2,31.0,2019-10,2019,10,1388.5538461538463,29.145833333333332
2019-10-09,1400 UTC,2050.2,34.6,2019-10,2019,10,1388.5538461538463,29.145833333333332
2019-10-09,1500 UTC,2510.9,35.8,2019-10,2019,10,1388.5538461538463,29.145833333333332
2019-10-09,1600 UTC,2416.4,36.3,2019-10,2019,10,1388.5538461538463,29.145833333333332
2019-10-09,1700 UTC,2058.6,36.0,2019-10,2019,10,1388.5538461538463,29.145833333333332
2019-10-09,1800 UTC,2411.0,37.5,2019-10,2019,10,1388.5538461538463,29.145833333333332
2019-10-09,1900 UTC,1839.5,36.8,2019-10,2019,10,1388.5538461538463,29.145833333333332
2019-10-09,2000 UTC,1307.3,36.6,2019-10,2019,10,1388.5538461538463,29.145833333333332
2019-10-09,2100 UTC,554.3,34.7,2019-10,2019,10,1388.5538461538463,29.145833333333332
2019-10-09,2200 UTC,37.4,31.4,2019-10,2019,10,1388.5538461538463,29.145833333333332
2019-11-09,1000 UTC,6.9,21.8,2019-11,2019,11,1377.176923076923,29.65833333333333
2019-11-09,1100 UTC,291.7,26.0,2019-11,2019,11,1377.176923076923,29.65833333333333
2019-11-09,1200 UTC,1012.7,28.5,2019-11,2019,11,1377.176923076923,29.65833333333333
2019-11-09,1300 UTC,1708.0,33.1,2019-11,2019,11,1377.176923076923,29.65833333333333
2019-11-09,1400 UTC,2189.0,35.3,2019-11,2019,11,1377.176923076923,29.65833333333333
2019-11-09,1500 UTC,2468.9,36.7,2019-11,2019,11,1377.176923076923,29.65833333333333
2019-11-09,1600 UTC,2562.9,36.7,2019-11,2019,11,1377.176923076923,29.65833333333333
2019-11-09,1700 UTC,2534.5,37.2,2019-11,2019,11,1377.176923076923,29.65833333333333
2019-11-09,1800 UTC,2152.5,36.4,2019-11,2019,11,1377.176923076923,29.65833333333333
2019-11-09,1900 UTC,1205.6,37.0,2019-11,2019,11,1377.176923076923,29.65833333333333
2019-11-09,2000 UTC,1131.2,36.7,2019-11,2019,11,1377.176923076923,29.65833333333333
2019-11-09,2100 UTC,595.9,35.3,2019-11,2019,11,1377.176923076923,29.65833333333333
2019-11-09,2200 UTC,43.5,32.8,2019-11,2019,11,1377.176923076923,29.65833333333333
2019-12-09,1000 UTC,2.8,22.3,2019-12,2019,12,1342.5615384615385,30.441666666666666
2019-12-09,1100 UTC,306.7,24.8,2019-12,2019,12,1342.5615384615385,30.441666666666666
2019-12-09,1200 UTC,989.0,27.5,2019-12,2019,12,1342.5615384615385,30.441666666666666
2019-12-09,1300 UTC,1652.9,32.3,2019-12,2019,12,1342.5615384615385,30.441666666666666
2019-12-09,1400 UTC,2185.3,34.8,2019-12,2019,12,1342.5615384615385,30.441666666666666
2019-12-09,1500 UTC,2472.6,37.3,2019-12,2019,12,1342.5615384615385,30.441666666666666
2019-12-09,1600 UTC,2622.1,37.7,2019-12,2019,12,1342.5615384615385,30.441666666666666
2019-12-09,1700 UTC,2181.7,39.0,2019-12,2019,12,1342.5615384615385,30.441666666666666
2019-12-09,1800 UTC,1776.7,37.5,2019-12,2019,12,1342.5615384615385,30.441666666666666
2019-12-09,1900 UTC,1711.0,38.0,2019-12,2019,12,1342.5615384615385,30.441666666666666
2019-12-09,2000 UTC,1066.5,37.2,2019-12,2019,12,1342.5615384615385,30.441666666666666
2019-12-09,2100 UTC,455.9,35.3,2019-12,2019,12,1342.5615384615385,30.441666666666666
2019-12-09,2200 UTC,30.1,32.6,2019-12,2019,12,1342.5615384615385,30.441666666666666
2019-01-10,1000 UTC,70.9,24.2,2019-01,2019,1,1601.5615384615385,28.791666666666668
2019-01-10,1100 UTC,582.2,26.5,2019-01,2019,1,1601.5615384615385,28.791666666666668
2019-01-10,1200 UTC,1350.6,28.6,2019-01,2019,1,1601.5615384615385,28.791666666666668
2019-01-10,1300 UTC,1808.1,31.0,2019-01,2019,1,1601.5615384615385,28.791666666666668
2019-01-10,1400 UTC,2456.6,33.2,2019-01,2019,1,1601.5615384615385,28.791666666666668
2019-01-10,1500 UTC,2303.8,33.7,2019-01,2019,1,1601.5615384615385,28.791666666666668
2019-01-10,1600 UTC,2489.4,34.6,2019-01,2019,1,1601.5615384615385,28.791666666666668
2019-01-10,1700 UTC,2690.6,35.2,2019-01,2019,1,1601.5615384615385,28.791666666666668
2019-01-10,1800 UTC,2619.2,34.9,2019-01,2019,1,1601.5615384615385,28.791666666666668
2019-01-10,1900 UTC,2192.3,35.2,2019-01,2019,1,1601.5615384615385,28.791666666666668
2019-01-10,2000 UTC,1571.3,34.5,2019-01,2019,1,1601.5615384615385,28.791666666666668
2019-01-10,2100 UTC,645.5,32.9,2019-01,2019,1,1601.5615384615385,28.791666666666668
2019-01-10,2200 UTC,39.8,31.6,2019-01,2019,1,1601.5615384615385,28.791666666666668
2019-02-10,0000 UTC,3.4,21.9,2019-02,2019,2,830.6933333333333,24.55
2019-02-10,0100 UTC,1.8,23.2,2019-02,2019,2,830.6933333333333,24.55
2019-02-10,1000 UTC,12.5,21.5,2019-02,2019,2,830.6933333333333,24.55
2019-02-10,1100 UTC,199.9,22.2,2019-02,2019,2,830.6933333333333,24.55
2019-02-10,1200 UTC,476.5,23.4,2019-02,2019,2,830.6933333333333,24.55
2019-02-10,1300 UTC,787.9,23.8,2019-02,2019,2,830.6933333333333,24.55
2019-02-10,1400 UTC,972.5,24.7,2019-02,2019,2,830.6933333333333,24.55
2019-02-10,1500 UTC,1048.4,25.3,2019-02,2019,2,830.6933333333333,24.55
2019-02-10,1600 UTC,1226.1,26.4,2019-02,2019,2,830.6933333333333,24.55
2019-02-10,1700 UTC,1304.7,27.2,2019-02,2019,2,830.6933333333333,24.55
2019-02-10,1800 UTC,2571.4,30.5,2019-02,2019,2,830.6933333333333,24.55
2019-02-10,1900 UTC,2129.0,31.4,2019-02,2019,2,830.6933333333333,24.55
2019-02-10,2000 UTC,943.1,29.9,2019-02,2019,2,830.6933333333333,24.55
2019-02-10,2100 UTC,710.5,29.5,2019-02,2019,2,830.6933333333333,24.55
2019-02-10,2200 UTC,72.7,28.3,2019-02,2019,2,830.6933333333333,24.55
2019-03-10,1000 UTC,55.7,23.3,2019-03,2019,3,1693.569230769231,28.09166666666667
2019-03-10,1100 UTC,484.3,24.8,2019-03,2019,3,1693.569230769231,28.09166666666667
2019-03-10,1200 UTC,1275.1,26.5,2019-03,2019,3,1693.569230769231,28.09166666666667
2019-03-10,1300 UTC,2262.2,29.1,2019-03,2019,3,1693.569230769231,28.09166666666667
2019-03-10,1400 UTC,2786.5,30.9,2019-03,2019,3,1693.569230769231,28.09166666666667
2019-03-10,1500 UTC,3075.0,32.4,2019-03,2019,3,1693.569230769231,28.09166666666667
2019-03-10,1600 UTC,3390.8,35.2,2019-03,2019,3,1693.569230769231,28.09166666666667
2019-03-10,1700 UTC,3263.3,35.5,2019-03,2019,3,1693.569230769231,28.09166666666667
2019-03-10,1800 UTC,2657.6,35.4,2019-03,2019,3,1693.569230769231,28.09166666666667
2019-03-10,1900 UTC,693.8,31.6,2019-03,2019,3,1693.569230769231,28.09166666666667
2019-03-10,2000 UTC,1242.0,35.2,2019-03,2019,3,1693.569230769231,28.09166666666667
2019-03-10,2100 UTC,796.7,33.6,2019-03,2019,3,1693.569230769231,28.09166666666667
2019-03-10,2200 UTC,33.4,31.1,2019-03,2019,3,1693.569230769231,28.09166666666667
2019-04-10,1000 UTC,64.8,23.8,2019-04,2019,4,1479.6714285714286,27.991666666666664
2019-04-10,1100 UTC,640.9,28.3,2019-04,2019,4,1479.6714285714286,27.991666666666664
2019-04-10,1200 UTC,1487.7,29.0,2019-04,2019,4,1479.6714285714286,27.991666666666664
2019-04-10,1300 UTC,2234.2,31.1,2019-04,2019,4,1479.6714285714286,27.991666666666664
2019-04-10,1400 UTC,2752.0,33.3,2019-04,2019,4,1479.6714285714286,27.991666666666664
2019-04-10,1500 UTC,3181.3,35.2,2019-04,2019,4,1479.6714285714286,27.991666666666664
2019-04-10,1600 UTC,2842.3,34.9,2019-04,2019,4,1479.6714285714286,27.991666666666664
2019-04-10,1700 UTC,2365.0,35.2,2019-04,2019,4,1479.6714285714286,27.991666666666664
2019-04-10,1800 UTC,958.6,32.0,2019-04,2019,4,1479.6714285714286,27.991666666666664
2019-04-10,1900 UTC,2193.2,35.9,2019-04,2019,4,1479.6714285714286,27.991666666666664
2019-04-10,2000 UTC,1607.9,34.6,2019-04,2019,4,1479.6714285714286,27.991666666666664
2019-04-10,2100 UTC,379.2,25.8,2019-04,2019,4,1479.6714285714286,27.991666666666664
2019-04-10,2200 UTC,5.8,22.0,2019-04,2019,4,1479.6714285714286,27.991666666666664
2019-04-10,2300 UTC,2.5,22.9,2019-04,2019,4,1479.6714285714286,27.991666666666664
2019-05-10,0600 UTC,2.1,22.3,2019-05,2019,5,1100.892857142857,25.191666666666666
2019-05-10,1000 UTC,23.6,21.8,2019-05,2019,5,1100.892857142857,25.191666666666666
2019-05-10,1100 UTC,357.9,22.9,2019-05,2019,5,1100.892857142857,25.191666666666666
2019-05-10,1200 UTC,734.0,24.2,2019-05,2019,5,1100.892857142857,25.191666666666666
2019-05-10,1300 UTC,815.2,25.0,2019-05,2019,5,1100.892857142857,25.191666666666666
2019-05-10,1400 UTC,1779.0,26.6,2019-05,2019,5,1100.892857142857,25.191666666666666
2019-05-10,1500 UTC,2663.1,29.0,2019-05,2019,5,1100.892857142857,25.191666666666666
2019-05-10,1600 UTC,3084.7,30.7,2019-05,2019,5,1100.892857142857,25.191666666666666
2019-05-10,1700 UTC,2460.6,30.7,2019-05,2019,5,1100.892857142857,25.191666666666666
2019-05-10,1800 UTC,748.3,29.6,2019-05,2019,5,1100.892857142857,25.191666666666666
2019-05-10,1900 UTC,476.9,29.1,2019-05,2019,5,1100.892857142857,25.191666666666666
2019-05-10,2000 UTC,1354.7,29.4,2019-05,2019,5,1100.892857142857,25.191666666666666
2019-05-10,2100 UTC,802.8,28.8,2019-05,2019,5,1100.892857142857,25.191666666666666
2019-05-10,2200 UTC,109.6,26.9,2019-05,2019,5,1100.892857142857,25.191666666666666
2019-06-10,1000 UTC,38.5,23.1,2019-06,2019,6,1541.723076923077,26.412499999999998
2019-06-10,1100 UTC,302.3,23.8,2019-06,2019,6,1541.723076923077,26.412499999999998
2019-06-10,1200 UTC,1232.2,25.2,2019-06,2019,6,1541.723076923077,26.412499999999998
2019-06-10,1300 UTC,2341.2,27.9,2019-06,2019,6,1541.723076923077,26.412499999999998
2019-06-10,1400 UTC,2094.6,28.4,2019-06,2019,6,1541.723076923077,26.412499999999998
2019-06-10,1500 UTC,2897.7,30.9,2019-06,2019,6,1541.723076923077,26.412499999999998
2019-06-10,1600 UTC,2709.3,31.2,2019-06,2019,6,1541.723076923077,26.412499999999998
2019-06-10,1700 UTC,3601.2,34.2,2019-06,2019,6,1541.723076923077,26.412499999999998
2019-06-10,1800 UTC,2800.8,33.3,2019-06,2019,6,1541.723076923077,26.412499999999998
2019-06-10,1900 UTC,1082.4,29.4,2019-06,2019,6,1541.723076923077,26.412499999999998
2019-06-10,2000 UTC,627.8,27.4,2019-06,2019,6,1541.723076923077,26.412499999999998
2019-06-10,2100 UTC,242.4,26.7,2019-06,2019,6,1541.723076923077,26.412499999999998
2019-06-10,2200 UTC,72.0,26.5,2019-06,2019,6,1541.723076923077,26.412499999999998
2019-07-10,1000 UTC,58.9,21.6,2019-07,2019,7,1744.4384615384615,26.854166666666668
2019-07-10,1100 UTC,724.1,23.6,2019-07,2019,7,1744.4384615384615,26.854166666666668
2019-07-10,1200 UTC,1323.6,25.1,2019-07,2019,7,1744.4384615384615,26.854166666666668
2019-07-10,1300 UTC,2281.3,26.5,2019-07,2019,7,1744.4384615384615,26.854166666666668
2019-07-10,1400 UTC,2876.8,28.9,2019-07,2019,7,1744.4384615384615,26.854166666666668
2019-07-10,1500 UTC,3276.8,31.8,2019-07,2019,7,1744.4384615384615,26.854166666666668
2019-07-10,1600 UTC,3452.1,33.7,2019-07,2019,7,1744.4384615384615,26.854166666666668
2019-07-10,1700 UTC,2363.5,32.3,2019-07,2019,7,1744.4384615384615,26.854166666666668
2019-07-10,1800 UTC,2658.8,33.4,2019-07,2019,7,1744.4384615384615,26.854166666666668
2019-07-10,1900 UTC,1546.5,34.3,2019-07,2019,7,1744.4384615384615,26.854166666666668
2019-07-10,2000 UTC,1804.2,32.9,2019-07,2019,7,1744.4384615384615,26.854166666666668
2019-07-10,2100 UTC,276.0,31.0,2019-07,2019,7,1744.4384615384615,26.854166666666668
2019-07-10,2200 UTC,35.1,30.1,2019-07,2019,7,1744.4384615384615,26.854166666666668
2019-08-10,1000 UTC,35.3,23.3,2019-08,2019,8,783.1307692307693,25.108333333333334
2019-08-10,1100 UTC,254.9,24.1,2019-08,2019,8,783.1307692307693,25.108333333333334
2019-08-10,1200 UTC,736.8,25.9,2019-08,2019,8,783.1307692307693,25.108333333333334
2019-08-10,1300 UTC,1304.7,26.6,2019-08,2019,8,783.1307692307693,25.108333333333334
2019-08-10,1400 UTC,857.7,27.0,2019-08,2019,8,783.1307692307693,25.108333333333334
2019-08-10,1500 UTC,1032.0,28.3,2019-08,2019,8,783.1307692307693,25.108333333333334
2019-08-10,1600 UTC,2004.7,30.2,2019-08,2019,8,783.1307692307693,25.108333333333334
2019-08-10,1700 UTC,1423.2,29.0,2019-08,2019,8,783.1307692307693,25.108333333333334
2019-08-10,1800 UTC,1647.1,29.3,2019-08,2019,8,783.1307692307693,25.108333333333334
2019-08-10,1900 UTC,484.1,23.6,2019-08,2019,8,783.1307692307693,25.108333333333334
2019-08-10,2000 UTC,329.3,23.6,2019-08,2019,8,783.1307692307693,25.108333333333334
2019-08-10,2100 UTC,65.3,22.9,2019-08,2019,8,783.1307692307693,25.108333333333334
2019-08-10,2200 UTC,5.6,23.3,2019-08,2019,8,783.1307692307693,25.108333333333334
2019-09-10,1000 UTC,45.8,20.4,2019-09,2019,9,1107.446153846154,24.3
2019-09-10,1100 UTC,611.1,22.9,2019-09,2019,9,1107.446153846154,24.3
2019-09-10,1200 UTC,1421.0,24.1,2019-09,2019,9,1107.446153846154,24.3
2019-09-10,1300 UTC,2264.3,26.9,2019-09,2019,9,1107.446153846154,24.3
2019-09-10,1400 UTC,1604.7,26.4,2019-09,2019,9,1107.446153846154,24.3
2019-09-10,1500 UTC,1891.9,26.8,2019-09,2019,9,1107.446153846154,24.3
2019-09-10,1600 UTC,1134.0,26.6,2019-09,2019,9,1107.446153846154,24.3
2019-09-10,1700 UTC,748.7,26.1,2019-09,2019,9,1107.446153846154,24.3
2019-09-10,1800 UTC,1036.1,26.8,2019-09,2019,9,1107.446153846154,24.3
2019-09-10,1900 UTC,1336.1,27.3,2019-09,2019,9,1107.446153846154,24.3
2019-09-10,2000 UTC,1584.2,28.0,2019-09,2019,9,1107.446153846154,24.3
2019-09-10,2100 UTC,681.3,27.6,2019-09,2019,9,1107.446153846154,24.3
2019-09-10,2200 UTC,37.6,26.5,2019-09,2019,9,1107.446153846154,24.3
2019-10-10,1000 UTC,53.8,23.4,2019-10,2019,10,1519.646153846154,27.5625
2019-10-10,1100 UTC,354.0,24.5,2019-10,2019,10,1519.646153846154,27.5625
2019-10-10,1200 UTC,1150.8,27.7,2019-10,2019,10,1519.646153846154,27.5625
2019-10-10,1300 UTC,1825.3,28.9,2019-10,2019,10,1519.646153846154,27.5625
2019-10-10,1400 UTC,2634.6,31.7,2019-10,2019,10,1519.646153846154,27.5625
2019-10-10,1500 UTC,3220.5,32.0,2019-10,2019,10,1519.646153846154,27.5625
2019-10-10,1600 UTC,2829.7,33.6,2019-10,2019,10,1519.646153846154,27.5625
2019-10-10,1700 UTC,2104.2,33.2,2019-10,2019,10,1519.646153846154,27.5625
2019-10-10,1800 UTC,2300.8,34.9,2019-10,2019,10,1519.646153846154,27.5625
2019-10-10,1900 UTC,1754.9,33.3,2019-10,2019,10,1519.646153846154,27.5625
2019-10-10,2000 UTC,1132.4,32.7,2019-10,2019,10,1519.646153846154,27.5625
2019-10-10,2100 UTC,365.4,31.3,2019-10,2019,10,1519.646153846154,27.5625
2019-10-10,2200 UTC,29.0,30.2,2019-10,2019,10,1519.646153846154,27.5625
2019-11-10,1000 UTC,39.6,22.4,2019-11,2019,11,1412.1153846153845,26.683333333333334
2019-11-10,1100 UTC,335.3,23.3,2019-11,2019,11,1412.1153846153845,26.683333333333334
2019-11-10,1200 UTC,797.5,24.9,2019-11,2019,11,1412.1153846153845,26.683333333333334
2019-11-10,1300 UTC,1659.4,26.4,2019-11,2019,11,1412.1153846153845,26.683333333333334
2019-11-10,1400 UTC,3075.7,29.5,2019-11,2019,11,1412.1153846153845,26.683333333333334
2019-11-10,1500 UTC,3688.3,31.4,2019-11,2019,11,1412.1153846153845,26.683333333333334
2019-11-10,1600 UTC,2228.2,30.1,2019-11,2019,11,1412.1153846153845,26.683333333333334
2019-11-10,1700 UTC,1919.8,31.6,2019-11,2019,11,1412.1153846153845,26.683333333333334
2019-11-10,1800 UTC,1957.8,32.9,2019-11,2019,11,1412.1153846153845,26.683333333333334
2019-11-10,1900 UTC,1644.4,31.7,2019-11,2019,11,1412.1153846153845,26.683333333333334
2019-11-10,2000 UTC,629.3,30.7,2019-11,2019,11,1412.1153846153845,26.683333333333334
2019-11-10,2100 UTC,318.1,30.1,2019-11,2019,11,1412.1153846153845,26.683333333333334
2019-11-10,2200 UTC,64.1,29.2,2019-11,2019,11,1412.1153846153845,26.683333333333334
2019-12-10,1000 UTC,50.1,22.4,2019-12,2019,12,1639.3692307692306,26.895833333333332
2019-12-10,1100 UTC,646.7,24.7,2019-12,2019,12,1639.3692307692306,26.895833333333332
2019-12-10,1200 UTC,1207.4,26.0,2019-12,2019,12,1639.3692307692306,26.895833333333332
2019-12-10,1300 UTC,1693.4,27.9,2019-12,2019,12,1639.3692307692306,26.895833333333332
2019-12-10,1400 UTC,2095.8,29.9,2019-12,2019,12,1639.3692307692306,26.895833333333332
2019-12-10,1500 UTC,3292.9,32.3,2019-12,2019,12,1639.3692307692306,26.895833333333332
2019-12-10,1600 UTC,3415.9,33.2,2019-12,2019,12,1639.3692307692306,26.895833333333332
2019-12-10,1700 UTC,3295.4,34.7,2019-12,2019,12,1639.3692307692306,26.895833333333332
2019-12-10,1800 UTC,3073.9,34.8,2019-12,2019,12,1639.3692307692306,26.895833333333332
2019-12-10,1900 UTC,1941.0,34.8,2019-12,2019,12,1639.3692307692306,26.895833333333332
2019-12-10,2000 UTC,510.7,28.1,2019-12,2019,12,1639.3692307692306,26.895833333333332
2019-12-10,2100 UTC,87.3,26.4,2019-12,2019,12,1639.3692307692306,26.895833333333332
2019-12-10,2200 UTC,1.3,24.8,2019-12,2019,12,1639.3692307692306,26.895833333333332
2019-01-11,1000 UTC,80.6,22.2,2019-01,2019,1,1639.9615384615386,26.099999999999998
2019-01-11,1100 UTC,359.8,23.4,2019-01,2019,1,1639.9615384615386,26.099999999999998
2019-01-11,1200 UTC,1592.3,25.4,2019-01,2019,1,1639.9615384615386,26.099999999999998
2019-01-11,1300 UTC,1971.6,27.1,2019-01,2019,1,1639.9615384615386,26.099999999999998
2019-01-11,1400 UTC,3118.7,30.0,2019-01,2019,1,1639.9615384615386,26.099999999999998
2019-01-11,1500 UTC,3405.8,31.0,2019-01,2019,1,1639.9615384615386,26.099999999999998
2019-01-11,1600 UTC,3585.9,32.1,2019-01,2019,1,1639.9615384615386,26.099999999999998
2019-01-11,1700 UTC,2979.9,32.5,2019-01,2019,1,1639.9615384615386,26.099999999999998
2019-01-11,1800 UTC,2090.0,32.3,2019-01,2019,1,1639.9615384615386,26.099999999999998
2019-01-11,1900 UTC,1124.9,31.5,2019-01,2019,1,1639.9615384615386,26.099999999999998
2019-01-11,2000 UTC,525.2,31.0,2019-01,2019,1,1639.9615384615386,26.099999999999998
2019-01-11,2100 UTC,400.5,30.9,2019-01,2019,1,1639.9615384615386,26.099999999999998
2019-01-11,2200 UTC,84.3,29.2,2019-01,2019,1,1639.9615384615386,26.099999999999998
2019-02-11,1000 UTC,207.3,25.6,2019-02,2019,2,1523.6538461538462,27.079166666666666
2019-02-11,1100 UTC,986.9,27.9,2019-02,2019,2,1523.6538461538462,27.079166666666666
2019-02-11,1200 UTC,1743.6,29.3,2019-02,2019,2,1523.6538461538462,27.079166666666666
2019-02-11,1300 UTC,2225.9,30.7,2019-02,2019,2,1523.6538461538462,27.079166666666666
2019-02-11,1400 UTC,2741.0,32.0,2019-02,2019,2,1523.6538461538462,27.079166666666666
2019-02-11,1500 UTC,2644.6,31.8,2019-02,2019,2,1523.6538461538462,27.079166666666666
2019-02-11,1600 UTC,2139.9,33.7,2019-02,2019,2,1523.6538461538462,27.079166666666666
2019-02-11,1700 UTC,3185.4,33.2,2019-02,2019,2,1523.6538461538462,27.079166666666666
2019-02-11,1800 UTC,2614.1,30.7,2019-02,2019,2,1523.6538461538462,27.079166666666666
2019-02-11,1900 UTC,1214.5,28.0,2019-02,2019,2,1523.6538461538462,27.079166666666666
2019-02-11,2000 UTC,84.9,26.2,2019-02,2019,2,1523.6538461538462,27.079166666666666
2019-02-11,2100 UTC,16.4,24.9,2019-02,2019,2,1523.6538461538462,27.079166666666666
2019-02-11,2200 UTC,3.0,24.0,2019-02,2019,2,1523.6538461538462,27.079166666666666
2019-03-11,1000 UTC,27.1,22.0,2019-03,2019,3,1277.575,24.945833333333336
2019-03-11,1100 UTC,211.5,23.0,2019-03,2019,3,1277.575,24.945833333333336
2019-03-11,1200 UTC,732.1,25.1,2019-03,2019,3,1277.575,24.945833333333336
2019-03-11,1300 UTC,1894.4,28.9,2019-03,2019,3,1277.575,24.945833333333336
2019-03-11,1400 UTC,2151.9,30.1,2019-03,2019,3,1277.575,24.945833333333336
2019-03-11,1500 UTC,3130.2,32.2,2019-03,2019,3,1277.575,24.945833333333336
2019-03-11,1600 UTC,3069.6,32.4,2019-03,2019,3,1277.575,24.945833333333336
2019-03-11,1700 UTC,2834.9,33.4,2019-03,2019,3,1277.575,24.945833333333336
2019-03-11,1800 UTC,921.4,25.9,2019-03,2019,3,1277.575,24.945833333333336
2019-03-11,1900 UTC,261.6,25.2,2019-03,2019,3,1277.575,24.945833333333336
2019-03-11,2000 UTC,77.0,23.1,2019-03,2019,3,1277.575,24.945833333333336
2019-03-11,2100 UTC,19.2,23.0,2019-03,2019,3,1277.575,24.945833333333336
2019-04-11,1000 UTC,115.1,22.7,2019-04,2019,4,1825.9461538461537,26.6875
2019-04-11,1100 UTC,487.7,24.1,2019-04,2019,4,1825.9461538461537,26.6875
2019-04-11,1200 UTC,850.8,25.6,2019-04,2019,4,1825.9461538461537,26.6875
2019-04-11,1300 UTC,2383.4,28.5,2019-04,2019,4,1825.9461538461537,26.6875
2019-04-11,1400 UTC,2714.6,29.7,2019-04,2019,4,1825.9461538461537,26.6875
2019-04-11,1500 UTC,3444.7,31.5,2019-04,2019,4,1825.9461538461537,26.6875
2019-04-11,1600 UTC,3463.3,32.1,2019-04,2019,4,1825.9461538461537,26.6875
2019-04-11,1700 UTC,3591.2,33.1,2019-04,2019,4,1825.9461538461537,26.6875
2019-04-11,1800 UTC,2388.8,34.0,2019-04,2019,4,1825.9461538461537,26.6875
2019-04-11,1900 UTC,2137.1,33.1,2019-04,2019,4,1825.9461538461537,26.6875
2019-04-11,2000 UTC,1536.7,32.8,2019-04,2019,4,1825.9461538461537,26.6875
2019-04-11,2100 UTC,584.8,31.8,2019-04,2019,4,1825.9461538461537,26.6875
2019-04-11,2200 UTC,39.1,30.4,2019-04,2019,4,1825.9461538461537,26.6875
2019-05-11,1000 UTC,167.5,25.4,2019-05,2019,5,1682.1153846153845,27.883333333333336
2019-05-11,1100 UTC,903.4,27.9,2019-05,2019,5,1682.1153846153845,27.883333333333336
2019-05-11,1200 UTC,1747.3,28.8,2019-05,2019,5,1682.1153846153845,27.883333333333336
2019-05-11,1300 UTC,2495.3,30.2,2019-05,2019,5,1682.1153846153845,27.883333333333336
2019-05-11,1400 UTC,2033.9,30.7,2019-05,2019,5,1682.1153846153845,27.883333333333336
2019-05-11,1500 UTC,2983.0,32.6,2019-05,2019,5,1682.1153846153845,27.883333333333336
2019-05-11,1600 UTC,2628.0,33.7,2019-05,2019,5,1682.1153846153845,27.883333333333336
2019-05-11,1700 UTC,2824.4,34.0,2019-05,2019,5,1682.1153846153845,27.883333333333336
2019-05-11,1800 UTC,2687.8,34.8,2019-05,2019,5,1682.1153846153845,27.883333333333336
2019-05-11,1900 UTC,1342.6,28.1,2019-05,2019,5,1682.1153846153845,27.883333333333336
2019-05-11,2000 UTC,1469.9,30.2,2019-05,2019,5,1682.1153846153845,27.883333333333336
2019-05-11,2100 UTC,537.9,28.3,2019-05,2019,5,1682.1153846153845,27.883333333333336
2019-05-11,2200 UTC,46.5,26.0,2019-05,2019,5,1682.1153846153845,27.883333333333336
2019-06-11,1000 UTC,35.5,23.0,2019-06,2019,6,1335.1461538461538,26.59583333333333
2019-06-11,1100 UTC,369.2,23.9,2019-06,2019,6,1335.1461538461538,26.59583333333333
2019-06-11,1200 UTC,909.9,24.9,2019-06,2019,6,1335.1461538461538,26.59583333333333
2019-06-11,1300 UTC,1285.4,26.0,2019-06,2019,6,1335.1461538461538,26.59583333333333
2019-06-11,1400 UTC,1605.7,26.7,2019-06,2019,6,1335.1461538461538,26.59583333333333
2019-06-11,1500 UTC,1769.5,27.7,2019-06,2019,6,1335.1461538461538,26.59583333333333
2019-06-11,1600 UTC,2543.2,30.8,2019-06,2019,6,1335.1461538461538,26.59583333333333
2019-06-11,1700 UTC,3599.5,32.7,2019-06,2019,6,1335.1461538461538,26.59583333333333
2019-06-11,1800 UTC,3102.1,33.2,2019-06,2019,6,1335.1461538461538,26.59583333333333
2019-06-11,1900 UTC,1266.8,31.7,2019-06,2019,6,1335.1461538461538,26.59583333333333
2019-06-11,2000 UTC,649.4,31.3,2019-06,2019,6,1335.1461538461538,26.59583333333333
2019-06-11,2100 UTC,195.9,29.7,2019-06,2019,6,1335.1461538461538,26.59583333333333
2019-06-11,2200 UTC,24.8,27.0,2019-06,2019,6,1335.1461538461538,26.59583333333333
2019-07-11,0300 UTC,0.0,21.4,2019-07,2019,7,1123.6705882352942,26.47083333333333
2019-07-11,0500 UTC,0.1,22.0,2019-07,2019,7,1123.6705882352942,26.47083333333333
2019-07-11,0600 UTC,0.0,22.0,2019-07,2019,7,1123.6705882352942,26.47083333333333
2019-07-11,0700 UTC,0.4,22.4,2019-07,2019,7,1123.6705882352942,26.47083333333333
2019-07-11,1000 UTC,52.5,22.9,2019-07,2019,7,1123.6705882352942,26.47083333333333
2019-07-11,1100 UTC,368.1,24.3,2019-07,2019,7,1123.6705882352942,26.47083333333333
2019-07-11,1200 UTC,665.2,24.3,2019-07,2019,7,1123.6705882352942,26.47083333333333
2019-07-11,1300 UTC,1370.8,26.8,2019-07,2019,7,1123.6705882352942,26.47083333333333
2019-07-11,1400 UTC,1879.0,28.1,2019-07,2019,7,1123.6705882352942,26.47083333333333
2019-07-11,1500 UTC,2601.5,31.0,2019-07,2019,7,1123.6705882352942,26.47083333333333
2019-07-11,1600 UTC,2587.7,30.9,2019-07,2019,7,1123.6705882352942,26.47083333333333
2019-07-11,1700 UTC,2514.5,32.5,2019-07,2019,7,1123.6705882352942,26.47083333333333
2019-07-11,1800 UTC,2032.3,31.0,2019-07,2019,7,1123.6705882352942,26.47083333333333
2019-07-11,1900 UTC,2335.8,33.2,2019-07,2019,7,1123.6705882352942,26.47083333333333
2019-07-11,2000 UTC,1817.4,33.0,2019-07,2019,7,1123.6705882352942,26.47083333333333
2019-07-11,2100 UTC,816.5,31.0,2019-07,2019,7,1123.6705882352942,26.47083333333333
2019-07-11,2200 UTC,60.6,29.3,2019-07,2019,7,1123.6705882352942,26.47083333333333
2019-08-11,1000 UTC,67.8,23.2,2019-08,2019,8,1783.246153846154,27.84583333333333
2019-08-11,1100 UTC,635.7,24.9,2019-08,2019,8,1783.246153846154,27.84583333333333
2019-08-11,1200 UTC,1536.5,26.5,2019-08,2019,8,1783.246153846154,27.84583333333333
2019-08-11,1300 UTC,1779.9,27.8,2019-08,2019,8,1783.246153846154,27.84583333333333
2019-08-11,1400 UTC,2190.3,28.8,2019-08,2019,8,1783.246153846154,27.84583333333333
2019-08-11,1500 UTC,2730.8,30.5,2019-08,2019,8,1783.246153846154,27.84583333333333
2019-08-11,1600 UTC,3410.7,31.8,2019-08,2019,8,1783.246153846154,27.84583333333333
2019-08-11,1700 UTC,3083.5,32.2,2019-08,2019,8,1783.246153846154,27.84583333333333
2019-08-11,1800 UTC,2662.3,32.3,2019-08,2019,8,1783.246153846154,27.84583333333333
2019-08-11,1900 UTC,2387.6,33.3,2019-08,2019,8,1783.246153846154,27.84583333333333
2019-08-11,2000 UTC,1741.9,33.1,2019-08,2019,8,1783.246153846154,27.84583333333333
2019-08-11,2100 UTC,827.7,31.7,2019-08,2019,8,1783.246153846154,27.84583333333333
2019-08-11,2200 UTC,127.5,30.3,2019-08,2019,8,1783.246153846154,27.84583333333333
2019-09-11,1000 UTC,85.4,22.6,2019-09,2019,9,1680.9,26.870833333333334
2019-09-11,1100 UTC,689.4,24.0,2019-09,2019,9,1680.9,26.870833333333334
2019-09-11,1200 UTC,1566.6,25.8,2019-09,2019,9,1680.9,26.870833333333334
2019-09-11,1300 UTC,2503.1,29.0,2019-09,2019,9,1680.9,26.870833333333334
2019-09-11,1400 UTC,3209.0,30.2,2019-09,2019,9,1680.9,26.870833333333334
2019-09-11,1500 UTC,2379.6,30.4,2019-09,2019,9,1680.9,26.870833333333334
2019-09-11,1600 UTC,2951.0,31.9,2019-09,2019,9,1680.9,26.870833333333334
2019-09-11,1700 UTC,3381.2,32.6,2019-09,2019,9,1680.9,26.870833333333334
2019-09-11,1800 UTC,2055.3,33.5,2019-09,2019,9,1680.9,26.870833333333334
2019-09-11,1900 UTC,2210.6,32.8,2019-09,2019,9,1680.9,26.870833333333334
2019-09-11,2000 UTC,667.5,31.5,2019-09,2019,9,1680.9,26.870833333333334
2019-09-11,2100 UTC,143.1,25.6,2019-09,2019,9,1680.9,26.870833333333334
2019-09-11,2200 UTC,9.9,24.6,2019-09,2019,9,1680.9,26.870833333333334
2019-10-11,1000 UTC,164.4,24.2,2019-10,2019,10,1336.75,26.195833333333336
2019-10-11,1100 UTC,881.9,26.8,2019-10,2019,10,1336.75,26.195833333333336
2019-10-11,1200 UTC,1682.5,28.2,2019-10,2019,10,1336.75,26.195833333333336
2019-10-11,1300 UTC,2407.7,30.5,2019-10,2019,10,1336.75,26.195833333333336
2019-10-11,1400 UTC,3041.7,31.4,2019-10,2019,10,1336.75,26.195833333333336
2019-10-11,1500 UTC,3443.1,33.0,2019-10,2019,10,1336.75,26.195833333333336
2019-10-11,1600 UTC,1974.5,31.5,2019-10,2019,10,1336.75,26.195833333333336
2019-10-11,1700 UTC,2404.9,32.8,2019-10,2019,10,1336.75,26.195833333333336
2019-10-11,1800 UTC,1333.6,32.5,2019-10,2019,10,1336.75,26.195833333333336
2019-10-11,1900 UTC,1050.3,29.7,2019-10,2019,10,1336.75,26.195833333333336
2019-10-11,2000 UTC,254.4,22.3,2019-10,2019,10,1336.75,26.195833333333336
2019-10-11,2100 UTC,58.8,23.2,2019-10,2019,10,1336.75,26.195833333333336
2019-10-11,2200 UTC,13.5,23.7,2019-10,2019,10,1336.75,26.195833333333336
2019-10-11,2300 UTC,3.2,23.4,2019-10,2019,10,1336.75,26.195833333333336
2019-11-11,1000 UTC,71.0,21.8,2019-11,2019,11,1960.9923076923076,26.224999999999998
2019-11-11,1100 UTC,406.6,22.7,2019-11,2019,11,1960.9923076923076,26.224999999999998
2019-11-11,1200 UTC,1575.9,25.2,2019-11,2019,11,1960.9923076923076,26.224999999999998
2019-11-11,1300 UTC,2454.9,28.4,2019-11,2019,11,1960.9923076923076,26.224999999999998
2019-11-11,1400 UTC,3164.6,31.0,2019-11,2019,11,1960.9923076923076,26.224999999999998
2019-11-11,1500 UTC,3527.7,31.8,2019-11,2019,11,1960.9923076923076,26.224999999999998
2019-11-11,1600 UTC,3607.2,32.2,2019-11,2019,11,1960.9923076923076,26.224999999999998
2019-11-11,1700 UTC,3314.1,33.0,2019-11,2019,11,1960.9923076923076,26.224999999999998
2019-11-11,1800 UTC,2904.2,33.7,2019-11,2019,11,1960.9923076923076,26.224999999999998
2019-11-11,1900 UTC,1712.8,32.0,2019-11,2019,11,1960.9923076923076,26.224999999999998
2019-11-11,2000 UTC,1665.9,31.3,2019-11,2019,11,1960.9923076923076,26.224999999999998
2019-11-11,2100 UTC,932.0,29.6,2019-11,2019,11,1960.9923076923076,26.224999999999998
2019-11-11,2200 UTC,156.0,28.6,2019-11,2019,11,1960.9923076923076,26.224999999999998
2019-12-11,1000 UTC,74.3,22.1,2019-12,2019,12,1524.9,26.837500000000002
2019-12-11,1100 UTC,322.4,22.7,2019-12,2019,12,1524.9,26.837500000000002
2019-12-11,1200 UTC,738.2,23.9,2019-12,2019,12,1524.9,26.837500000000002
2019-12-11,1300 UTC,1159.1,26.6,2019-12,2019,12,1524.9,26.837500000000002
2019-12-11,1400 UTC,2314.1,28.0,2019-12,2019,12,1524.9,26.837500000000002
2019-12-11,1500 UTC,2433.2,29.2,2019-12,2019,12,1524.9,26.837500000000002
2019-12-11,1600 UTC,3387.1,29.8,2019-12,2019,12,1524.9,26.837500000000002
2019-12-11,1700 UTC,3512.4,31.1,2019-12,2019,12,1524.9,26.837500000000002
2019-12-11,1800 UTC,2362.5,30.3,2019-12,2019,12,1524.9,26.837500000000002
2019-12-11,1900 UTC,1543.7,30.9,2019-12,2019,12,1524.9,26.837500000000002
2019-12-11,2000 UTC,1302.1,29.9,2019-12,2019,12,1524.9,26.837500000000002
2019-12-11,2100 UTC,521.3,28.1,2019-12,2019,12,1524.9,26.837500000000002
2019-12-11,2200 UTC,153.3,27.3,2019-12,2019,12,1524.9,26.837500000000002
2019-01-12,1000 UTC,52.9,24.1,2019-01,2019,1,1212.7692307692307,26.741666666666664
2019-01-12,1100 UTC,578.9,26.4,2019-01,2019,1,1212.7692307692307,26.741666666666664
2019-01-12,1200 UTC,830.7,26.3,2019-01,2019,1,1212.7692307692307,26.741666666666664
2019-01-12,1300 UTC,1287.5,27.0,2019-01,2019,1,1212.7692307692307,26.741666666666664
2019-01-12,1400 UTC,1902.8,27.9,2019-01,2019,1,1212.7692307692307,26.741666666666664
2019-01-12,1500 UTC,2633.3,29.5,2019-01,2019,1,1212.7692307692307,26.741666666666664
2019-01-12,1600 UTC,3639.2,31.7,2019-01,2019,1,1212.7692307692307,26.741666666666664
2019-01-12,1700 UTC,1778.6,30.0,2019-01,2019,1,1212.7692307692307,26.741666666666664
2019-01-12,1800 UTC,861.2,29.5,2019-01,2019,1,1212.7692307692307,26.741666666666664
2019-01-12,1900 UTC,1191.7,26.8,2019-01,2019,1,1212.7692307692307,26.741666666666664
2019-01-12,2000 UTC,630.5,28.0,2019-01,2019,1,1212.7692307692307,26.741666666666664
2019-01-12,2100 UTC,301.3,27.6,2019-01,2019,1,1212.7692307692307,26.741666666666664
2019-01-12,2200 UTC,77.4,27.0,2019-01,2019,1,1212.7692307692307,26.741666666666664
2019-02-12,1000 UTC,51.0,23.2,2019-02,2019,2,1282.076923076923,25.366666666666664
2019-02-12,1100 UTC,90.9,23.3,2019-02,2019,2,1282.076923076923,25.366666666666664
2019-02-12,1200 UTC,238.0,23.8,2019-02,2019,2,1282.076923076923,25.366666666666664
2019-02-12,1300 UTC,524.2,24.6,2019-02,2019,2,1282.076923076923,25.366666666666664
2019-02-12,1400 UTC,904.5,24.4,2019-02,2019,2,1282.076923076923,25.366666666666664
2019-02-12,1500 UTC,2128.5,26.7,2019-02,2019,2,1282.076923076923,25.366666666666664
2019-02-12,1600 UTC,1755.7,27.8,2019-02,2019,2,1282.076923076923,25.366666666666664
2019-02-12,1700 UTC,2582.8,29.6,2019-02,2019,2,1282.076923076923,25.366666666666664
2019-02-12,1800 UTC,2942.4,30.4,2019-02,2019,2,1282.076923076923,25.366666666666664
2019-02-12,1900 UTC,2512.6,30.9,2019-02,2019,2,1282.076923076923,25.366666666666664
2019-02-12,2000 UTC,1879.0,30.3,2019-02,2019,2,1282.076923076923,25.366666666666664
2019-02-12,2100 UTC,959.6,29.2,2019-02,2019,2,1282.076923076923,25.366666666666664
2019-02-12,2200 UTC,97.8,27.9,2019-02,2019,2,1282.076923076923,25.366666666666664
2019-03-12,1000 UTC,113.7,23.8,2019-03,2019,3,1054.3461538461538,25.379166666666666
2019-03-12,1100 UTC,591.0,26.9,2019-03,2019,3,1054.3461538461538,25.379166666666666
2019-03-12,1200 UTC,1613.4,28.5,2019-03,2019,3,1054.3461538461538,25.379166666666666
2019-03-12,1300 UTC,2167.9,29.4,2019-03,2019,3,1054.3461538461538,25.379166666666666
2019-03-12,1400 UTC,1525.1,28.8,2019-03,2019,3,1054.3461538461538,25.379166666666666
2019-03-12,1500 UTC,2553.9,30.6,2019-03,2019,3,1054.3461538461538,25.379166666666666
2019-03-12,1600 UTC,3548.3,31.5,2019-03,2019,3,1054.3461538461538,25.379166666666666
2019-03-12,1700 UTC,845.0,24.6,2019-03,2019,3,1054.3461538461538,25.379166666666666
2019-03-12,1800 UTC,178.3,24.1,2019-03,2019,3,1054.3461538461538,25.379166666666666
2019-03-12,1900 UTC,78.3,23.2,2019-03,2019,3,1054.3461538461538,25.379166666666666
2019-03-12,2000 UTC,225.8,23.5,2019-03,2019,3,1054.3461538461538,25.379166666666666
2019-03-12,2100 UTC,206.3,23.3,2019-03,2019,3,1054.3461538461538,25.379166666666666
2019-03-12,2200 UTC,59.5,23.3,2019-03,2019,3,1054.3461538461538,25.379166666666666
2019-04-12,1000 UTC,93.8,21.2,2019-04,2019,4,1698.530769230769,26.0125
2019-04-12,1100 UTC,513.6,22.2,2019-04,2019,4,1698.530769230769,26.0125
2019-04-12,1200 UTC,1338.7,26.1,2019-04,2019,4,1698.530769230769,26.0125
2019-04-12,1300 UTC,2211.5,28.3,2019-04,2019,4,1698.530769230769,26.0125
2019-04-12,1400 UTC,2713.3,29.2,2019-04,2019,4,1698.530769230769,26.0125
2019-04-12,1500 UTC,2716.6,30.7,2019-04,2019,4,1698.530769230769,26.0125
2019-04-12,1600 UTC,2979.4,30.6,2019-04,2019,4,1698.530769230769,26.0125
2019-04-12,1700 UTC,2172.2,32.1,2019-04,2019,4,1698.530769230769,26.0125
2019-04-12,1800 UTC,1934.3,32.0,2019-04,2019,4,1698.530769230769,26.0125
2019-04-12,1900 UTC,2257.5,33.0,2019-04,2019,4,1698.530769230769,26.0125
2019-04-12,2000 UTC,1899.1,32.5,2019-04,2019,4,1698.530769230769,26.0125
2019-04-12,2100 UTC,1094.8,32.1,2019-04,2019,4,1698.530769230769,26.0125
2019-04-12,2200 UTC,156.1,28.7,2019-04,2019,4,1698.530769230769,26.0125
2019-05-12,1000 UTC,72.5,23.9,2019-05,2019,5,1271.4538461538464,26.28333333333333
2019-05-12,1100 UTC,889.7,27.4,2019-05,2019,5,1271.4538461538464,26.28333333333333
2019-05-12,1200 UTC,966.5,27.1,2019-05,2019,5,1271.4538461538464,26.28333333333333
2019-05-12,1300 UTC,1722.9,27.7,2019-05,2019,5,1271.4538461538464,26.28333333333333
2019-05-12,1400 UTC,3066.1,29.4,2019-05,2019,5,1271.4538461538464,26.28333333333333
2019-05-12,1500 UTC,3100.5,30.2,2019-05,2019,5,1271.4538461538464,26.28333333333333
2019-05-12,1600 UTC,1848.4,31.1,2019-05,2019,5,1271.4538461538464,26.28333333333333
2019-05-12,1700 UTC,2564.0,31.1,2019-05,2019,5,1271.4538461538464,26.28333333333333
2019-05-12,1800 UTC,691.0,28.3,2019-05,2019,5,1271.4538461538464,26.28333333333333
2019-05-12,1900 UTC,462.4,26.4,2019-05,2019,5,1271.4538461538464,26.28333333333333
2019-05-12,2000 UTC,821.9,27.4,2019-05,2019,5,1271.4538461538464,26.28333333333333
2019-05-12,2100 UTC,278.6,26.1,2019-05,2019,5,1271.4538461538464,26.28333333333333
2019-05-12,2200 UTC,44.4,24.0,2019-05,2019,5,1271.4538461538464,26.28333333333333
2019-06-12,1000 UTC,76.9,22.9,2019-06,2019,6,1452.146153846154,25.979166666666668
2019-06-12,1100 UTC,472.4,24.1,2019-06,2019,6,1452.146153846154,25.979166666666668
2019-06-12,1200 UTC,1570.7,25.6,2019-06,2019,6,1452.146153846154,25.979166666666668
2019-06-12,1300 UTC,2023.8,28.2,2019-06,2019,6,1452.146153846154,25.979166666666668
2019-06-12,1400 UTC,2844.0,29.1,2019-06,2019,6,1452.146153846154,25.979166666666668
2019-06-12,1500 UTC,2911.6,30.5,2019-06,2019,6,1452.146153846154,25.979166666666668
2019-06-12,1600 UTC,3121.4,31.0,2019-06,2019,6,1452.146153846154,25.979166666666668
2019-06-12,1700 UTC,1401.1,32.1,2019-06,2019,6,1452.146153846154,25.979166666666668
2019-06-12,1800 UTC,1334.2,30.4,2019-06,2019,6,1452.146153846154,25.979166666666668
2019-06-12,1900 UTC,774.3,29.2,2019-06,2019,6,1452.146153846154,25.979166666666668
2019-06-12,2000 UTC,1577.1,29.7,2019-06,2019,6,1452.146153846154,25.979166666666668
2019-06-12,2100 UTC,625.9,27.9,2019-06,2019,6,1452.146153846154,25.979166666666668
2019-06-12,2200 UTC,144.5,27.3,2019-06,2019,6,1452.146153846154,25.979166666666668
2019-07-12,0100 UTC,0.5,22.5,2019-07,2019,7,1094.2133333333334,24.604166666666668
2019-07-12,0200 UTC,0.2,22.8,2019-07,2019,7,1094.2133333333334,24.604166666666668
2019-07-12,1000 UTC,56.9,22.5,2019-07,2019,7,1094.2133333333334,24.604166666666668
2019-07-12,1100 UTC,289.6,23.1,2019-07,2019,7,1094.2133333333334,24.604166666666668
2019-07-12,1200 UTC,637.7,24.0,2019-07,2019,7,1094.2133333333334,24.604166666666668
2019-07-12,1300 UTC,509.2,23.8,2019-07,2019,7,1094.2133333333334,24.604166666666668
2019-07-12,1400 UTC,991.7,25.2,2019-07,2019,7,1094.2133333333334,24.604166666666668
2019-07-12,1500 UTC,2332.1,27.6,2019-07,2019,7,1094.2133333333334,24.604166666666668
2019-07-12,1600 UTC,2555.0,27.8,2019-07,2019,7,1094.2133333333334,24.604166666666668
2019-07-12,1700 UTC,1932.1,25.9,2019-07,2019,7,1094.2133333333334,24.604166666666668
2019-07-12,1800 UTC,1958.8,27.4,2019-07,2019,7,1094.2133333333334,24.604166666666668
2019-07-12,1900 UTC,2539.2,29.1,2019-07,2019,7,1094.2133333333334,24.604166666666668
2019-07-12,2000 UTC,1951.7,28.7,2019-07,2019,7,1094.2133333333334,24.604166666666668
2019-07-12,2100 UTC,447.0,27.6,2019-07,2019,7,1094.2133333333334,24.604166666666668
2019-07-12,2200 UTC,211.5,26.8,2019-07,2019,7,1094.2133333333334,24.604166666666668
2019-08-12,1000 UTC,117.0,23.8,2019-08,2019,8,1835.6,26.9375
2019-08-12,1100 UTC,723.5,25.9,2019-08,2019,8,1835.6,26.9375
2019-08-12,1200 UTC,1686.7,27.4,2019-08,2019,8,1835.6,26.9375
2019-08-12,1300 UTC,2173.3,28.3,2019-08,2019,8,1835.6,26.9375
2019-08-12,1400 UTC,2803.7,29.2,2019-08,2019,8,1835.6,26.9375
2019-08-12,1500 UTC,3055.0,30.4,2019-08,2019,8,1835.6,26.9375
2019-08-12,1600 UTC,2431.7,30.5,2019-08,2019,8,1835.6,26.9375
2019-08-12,1700 UTC,3155.7,31.5,2019-08,2019,8,1835.6,26.9375
2019-08-12,1800 UTC,2337.5,31.0,2019-08,2019,8,1835.6,26.9375
2019-08-12,1900 UTC,2686.7,31.5,2019-08,2019,8,1835.6,26.9375
2019-08-12,2000 UTC,1578.7,30.9,2019-08,2019,8,1835.6,26.9375
2019-08-12,2100 UTC,951.7,30.1,2019-08,2019,8,1835.6,26.9375
2019-08-12,2200 UTC,161.6,29.2,2019-08,2019,8,1835.6,26.9375
2019-09-12,1000 UTC,10.9,21.6,2019-09,2019,9,1521.1,26.304166666666664
2019-09-12,1100 UTC,98.3,22.2,2019-09,2019,9,1521.1,26.304166666666664
2019-09-12,1200 UTC,668.9,24.1,2019-09,2019,9,1521.1,26.304166666666664
2019-09-12,1300 UTC,1110.8,26.0,2019-09,2019,9,1521.1,26.304166666666664
2019-09-12,1400 UTC,1767.1,28.3,2019-09,2019,9,1521.1,26.304166666666664
2019-09-12,1500 UTC,3081.1,29.6,2019-09,2019,9,1521.1,26.304166666666664
2019-09-12,1600 UTC,2757.2,30.4,2019-09,2019,9,1521.1,26.304166666666664
2019-09-12,1700 UTC,2656.8,30.6,2019-09,2019,9,1521.1,26.304166666666664
2019-09-12,1800 UTC,2715.6,31.6,2019-09,2019,9,1521.1,26.304166666666664
2019-09-12,1900 UTC,2233.4,31.3,2019-09,2019,9,1521.1,26.304166666666664
2019-09-12,2000 UTC,1399.0,32.3,2019-09,2019,9,1521.1,26.304166666666664
2019-09-12,2100 UTC,816.3,29.6,2019-09,2019,9,1521.1,26.304166666666664
2019-09-12,2200 UTC,458.9,24.6,2019-09,2019,9,1521.1,26.304166666666664
2019-10-12,0700 UTC,0.9,21.5,2019-10,2019,10,964.5571428571428,23.791666666666668
2019-10-12,1000 UTC,16.1,21.6,2019-10,2019,10,964.5571428571428,23.791666666666668
2019-10-12,1100 UTC,150.7,22.1,2019-10,2019,10,964.5571428571428,23.791666666666668
2019-10-12,1200 UTC,537.1,22.7,2019-10,2019,10,964.5571428571428,23.791666666666668
2019-10-12,1300 UTC,830.5,24.0,2019-10,2019,10,964.5571428571428,23.791666666666668
2019-10-12,1400 UTC,1520.7,25.3,2019-10,2019,10,964.5571428571428,23.791666666666668
2019-10-12,1500 UTC,1969.6,26.4,2019-10,2019,10,964.5571428571428,23.791666666666668
2019-10-12,1600 UTC,2092.8,26.6,2019-10,2019,10,964.5571428571428,23.791666666666668
2019-10-12,1700 UTC,1757.2,26.7,2019-10,2019,10,964.5571428571428,23.791666666666668
2019-10-12,1800 UTC,1547.0,26.4,2019-10,2019,10,964.5571428571428,23.791666666666668
2019-10-12,1900 UTC,1127.8,26.7,2019-10,2019,10,964.5571428571428,23.791666666666668
2019-10-12,2000 UTC,1226.8,27.3,2019-10,2019,10,964.5571428571428,23.791666666666668
2019-10-12,2100 UTC,496.6,26.0,2019-10,2019,10,964.5571428571428,23.791666666666668
2019-10-12,2200 UTC,230.0,24.8,2019-10,2019,10,964.5571428571428,23.791666666666668
2019-11-12,1000 UTC,109.1,22.6,2019-11,2019,11,1736.8846153846155,25.429166666666664
2019-11-12,1100 UTC,546.3,24.0,2019-11,2019,11,1736.8846153846155,25.429166666666664
2019-11-12,1200 UTC,2024.1,27.0,2019-11,2019,11,1736.8846153846155,25.429166666666664
2019-11-12,1300 UTC,2038.0,27.9,2019-11,2019,11,1736.8846153846155,25.429166666666664
2019-11-12,1400 UTC,2806.3,28.3,2019-11,2019,11,1736.8846153846155,25.429166666666664
2019-11-12,1500 UTC,3196.8,29.6,2019-11,2019,11,1736.8846153846155,25.429166666666664
2019-11-12,1600 UTC,2929.5,29.6,2019-11,2019,11,1736.8846153846155,25.429166666666664
2019-11-12,1700 UTC,2749.3,29.9,2019-11,2019,11,1736.8846153846155,25.429166666666664
2019-11-12,1800 UTC,1353.4,26.4,2019-11,2019,11,1736.8846153846155,25.429166666666664
2019-11-12,1900 UTC,2179.2,31.3,2019-11,2019,11,1736.8846153846155,25.429166666666664
2019-11-12,2000 UTC,1550.0,30.6,2019-11,2019,11,1736.8846153846155,25.429166666666664
2019-11-12,2100 UTC,872.0,29.5,2019-11,2019,11,1736.8846153846155,25.429166666666664
2019-11-12,2200 UTC,225.5,24.7,2019-11,2019,11,1736.8846153846155,25.429166666666664
2019-12-12,1000 UTC,105.6,23.1,2019-12,2019,12,1789.930769230769,26.758333333333336
2019-12-12,1100 UTC,829.8,26.8,2019-12,2019,12,1789.930769230769,26.758333333333336
2019-12-12,1200 UTC,1653.9,27.7,2019-12,2019,12,1789.930769230769,26.758333333333336
2019-12-12,1300 UTC,2380.3,29.0,2019-12,2019,12,1789.930769230769,26.758333333333336
2019-12-12,1400 UTC,2724.5,30.0,2019-12,2019,12,1789.930769230769,26.758333333333336
2019-12-12,1500 UTC,2432.3,30.8,2019-12,2019,12,1789.930769230769,26.758333333333336
2019-12-12,1600 UTC,3339.7,31.4,2019-12,2019,12,1789.930769230769,26.758333333333336
2019-12-12,1700 UTC,2537.1,32.2,2019-12,2019,12,1789.930769230769,26.758333333333336
2019-12-12,1800 UTC,2873.3,32.6,2019-12,2019,12,1789.930769230769,26.758333333333336
2019-12-12,1900 UTC,2135.5,32.6,2019-12,2019,12,1789.930769230769,26.758333333333336
2019-12-12,2000 UTC,1380.6,29.7,2019-12,2019,12,1789.930769230769,26.758333333333336
2019-12-12,2100 UTC,669.5,29.3,2019-12,2019,12,1789.930769230769,26.758333333333336
2019-12-12,2200 UTC,207.0,28.0,2019-12,2019,12,1789.930769230769,26.758333333333336
2020-01-01,1000 UTC,49.5,22.5,2020-01,2020,1,1368.0571428571427,25.583333333333332
2020-01-01,1100 UTC,603.2,24.1,2020-01,2020,1,1368.0571428571427,25.583333333333332
2020-01-01,1200 UTC,1430.8,26.8,2020-01,2020,1,1368.0571428571427,25.583333333333332
2020-01-01,1300 UTC,1932.3,27.9,2020-01,2020,1,1368.0571428571427,25.583333333333332
2020-01-01,1400 UTC,1887.1,29.1,2020-01,2020,1,1368.0571428571427,25.583333333333332
2020-01-01,1500 UTC,2703.4,29.0,2020-01,2020,1,1368.0571428571427,25.583333333333332
2020-01-01,1600 UTC,1189.5,29.5,2020-01,2020,1,1368.0571428571427,25.583333333333332
2020-01-01,1700 UTC,2487.6,29.0,2020-01,2020,1,1368.0571428571427,25.583333333333332
2020-01-01,1800 UTC,2252.3,31.0,2020-01,2020,1,1368.0571428571427,25.583333333333332
2020-01-01,1900 UTC,2285.9,27.1,2020-01,2020,1,1368.0571428571427,25.583333333333332
2020-01-01,2000 UTC,1543.6,26.7,2020-01,2020,1,1368.0571428571427,25.583333333333332
2020-01-01,2100 UTC,579.2,26.1,2020-01,2020,1,1368.0571428571427,25.583333333333332
2020-01-01,2200 UTC,208.0,25.2,2020-01,2020,1,1368.0571428571427,25.583333333333332
2020-01-01,2300 UTC,0.4,24.6,2020-01,2020,1,1368.0571428571427,25.583333333333332
2020-02-01,0800 UTC,0.7,22.9,2020-02,2020,2,1254.2533333333333,24.791666666666668
2020-02-01,1000 UTC,41.4,22.9,2020-02,2020,2,1254.2533333333333,24.791666666666668
2020-02-01,1100 UTC,374.6,23.5,2020-02,2020,2,1254.2533333333333,24.791666666666668
2020-02-01,1200 UTC,962.3,24.8,2020-02,2020,2,1254.2533333333333,24.791666666666668
2020-02-01,1300 UTC,1629.2,26.4,2020-02,2020,2,1254.2533333333333,24.791666666666668
2020-02-01,1400 UTC,2017.5,26.1,2020-02,2020,2,1254.2533333333333,24.791666666666668
2020-02-01,1500 UTC,2399.2,27.6,2020-02,2020,2,1254.2533333333333,24.791666666666668
2020-02-01,1600 UTC,2388.0,27.8,2020-02,2020,2,1254.2533333333333,24.791666666666668
2020-02-01,1700 UTC,3051.4,30.0,2020-02,2020,2,1254.2533333333333,24.791666666666668
2020-02-01,1800 UTC,1818.3,25.6,2020-02,2020,2,1254.2533333333333,24.791666666666668
2020-02-01,1900 UTC,1965.2,25.3,2020-02,2020,2,1254.2533333333333,24.791666666666668
2020-02-01,2000 UTC,754.2,24.7,2020-02,2020,2,1254.2533333333333,24.791666666666668
2020-02-01,2100 UTC,1091.9,27.2,2020-02,2020,2,1254.2533333333333,24.791666666666668
2020-02-01,2200 UTC,317.0,25.3,2020-02,2020,2,1254.2533333333333,24.791666666666668
2020-02-01,2300 UTC,2.9,24.4,2020-02,2020,2,1254.2533333333333,24.791666666666668
2020-03-01,1000 UTC,37.1,22.8,2020-03,2020,3,905.3714285714286,24.84583333333333
2020-03-01,1100 UTC,295.1,23.4,2020-03,2020,3,905.3714285714286,24.84583333333333
2020-03-01,1200 UTC,706.7,24.7,2020-03,2020,3,905.3714285714286,24.84583333333333
2020-03-01,1300 UTC,1362.5,25.0,2020-03,2020,3,905.3714285714286,24.84583333333333
2020-03-01,1400 UTC,1146.7,26.6,2020-03,2020,3,905.3714285714286,24.84583333333333
2020-03-01,1500 UTC,1367.7,25.9,2020-03,2020,3,905.3714285714286,24.84583333333333
2020-03-01,1600 UTC,1226.5,26.5,2020-03,2020,3,905.3714285714286,24.84583333333333
2020-03-01,1700 UTC,985.5,25.3,2020-03,2020,3,905.3714285714286,24.84583333333333
2020-03-01,1800 UTC,1920.1,27.9,2020-03,2020,3,905.3714285714286,24.84583333333333
2020-03-01,1900 UTC,1628.4,28.0,2020-03,2020,3,905.3714285714286,24.84583333333333
2020-03-01,2000 UTC,1229.5,28.7,2020-03,2020,3,905.3714285714286,24.84583333333333
2020-03-01,2100 UTC,592.6,27.4,2020-03,2020,3,905.3714285714286,24.84583333333333
2020-03-01,2200 UTC,176.5,26.0,2020-03,2020,3,905.3714285714286,24.84583333333333
2020-03-01,2300 UTC,0.3,24.5,2020-03,2020,3,905.3714285714286,24.84583333333333
2020-04-01,1000 UTC,16.3,22.9,2020-04,2020,4,561.9285714285714,23.804166666666664
2020-04-01,1100 UTC,131.1,22.9,2020-04,2020,4,561.9285714285714,23.804166666666664
2020-04-01,1200 UTC,210.3,22.8,2020-04,2020,4,561.9285714285714,23.804166666666664
2020-04-01,1300 UTC,323.8,23.0,2020-04,2020,4,561.9285714285714,23.804166666666664
2020-04-01,1400 UTC,788.1,23.9,2020-04,2020,4,561.9285714285714,23.804166666666664
2020-04-01,1500 UTC,1019.1,25.5,2020-04,2020,4,561.9285714285714,23.804166666666664
2020-04-01,1600 UTC,1259.0,26.1,2020-04,2020,4,561.9285714285714,23.804166666666664
2020-04-01,1700 UTC,1213.2,26.8,2020-04,2020,4,561.9285714285714,23.804166666666664
2020-04-01,1800 UTC,1272.5,25.1,2020-04,2020,4,561.9285714285714,23.804166666666664
2020-04-01,1900 UTC,125.0,22.5,2020-04,2020,4,561.9285714285714,23.804166666666664
2020-04-01,2000 UTC,723.6,23.9,2020-04,2020,4,561.9285714285714,23.804166666666664
2020-04-01,2100 UTC,564.4,24.2,2020-04,2020,4,561.9285714285714,23.804166666666664
2020-04-01,2200 UTC,220.6,23.8,2020-04,2020,4,561.9285714285714,23.804166666666664
2020-04-01,2300 UTC,0.0,23.6,2020-04,2020,4,561.9285714285714,23.804166666666664
2020-05-01,1000 UTC,42.1,22.3,2020-05,2020,5,1220.5642857142855,24.695833333333336
2020-05-01,1100 UTC,202.7,22.8,2020-05,2020,5,1220.5642857142855,24.695833333333336
2020-05-01,1200 UTC,673.6,24.1,2020-05,2020,5,1220.5642857142855,24.695833333333336
2020-05-01,1300 UTC,347.5,23.6,2020-05,2020,5,1220.5642857142855,24.695833333333336
2020-05-01,1400 UTC,737.6,24.3,2020-05,2020,5,1220.5642857142855,24.695833333333336
2020-05-01,1500 UTC,1374.4,25.8,2020-05,2020,5,1220.5642857142855,24.695833333333336
2020-05-01,1600 UTC,2618.1,26.8,2020-05,2020,5,1220.5642857142855,24.695833333333336
2020-05-01,1700 UTC,3307.2,28.4,2020-05,2020,5,1220.5642857142855,24.695833333333336
2020-05-01,1800 UTC,2484.7,25.8,2020-05,2020,5,1220.5642857142855,24.695833333333336
2020-05-01,1900 UTC,2139.1,29.0,2020-05,2020,5,1220.5642857142855,24.695833333333336
2020-05-01,2000 UTC,1928.2,28.9,2020-05,2020,5,1220.5642857142855,24.695833333333336
2020-05-01,2100 UTC,998.0,28.9,2020-05,2020,5,1220.5642857142855,24.695833333333336
2020-05-01,2200 UTC,233.4,26.2,2020-05,2020,5,1220.5642857142855,24.695833333333336
2020-05-01,2300 UTC,1.3,25.2,2020-05,2020,5,1220.5642857142855,24.695833333333336
2020-06-01,1000 UTC,24.8,22.8,2020-06,2020,6,1426.3500000000001,25.566666666666666
2020-06-01,1100 UTC,234.7,23.5,2020-06,2020,6,1426.3500000000001,25.566666666666666
2020-06-01,1200 UTC,539.2,24.2,2020-06,2020,6,1426.3500000000001,25.566666666666666
2020-06-01,1300 UTC,628.5,24.8,2020-06,2020,6,1426.3500000000001,25.566666666666666
2020-06-01,1400 UTC,1130.8,26.2,2020-06,2020,6,1426.3500000000001,25.566666666666666
2020-06-01,1500 UTC,2269.9,28.4,2020-06,2020,6,1426.3500000000001,25.566666666666666
2020-06-01,1600 UTC,3282.0,29.6,2020-06,2020,6,1426.3500000000001,25.566666666666666
2020-06-01,1700 UTC,3188.9,29.3,2020-06,2020,6,1426.3500000000001,25.566666666666666
2020-06-01,1800 UTC,2632.0,30.5,2020-06,2020,6,1426.3500000000001,25.566666666666666
2020-06-01,1900 UTC,2364.9,30.1,2020-06,2020,6,1426.3500000000001,25.566666666666666
2020-06-01,2000 UTC,2097.5,29.9,2020-06,2020,6,1426.3500000000001,25.566666666666666
2020-06-01,2100 UTC,1325.3,28.9,2020-06,2020,6,1426.3500000000001,25.566666666666666
2020-06-01,2200 UTC,247.7,27.3,2020-06,2020,6,1426.3500000000001,25.566666666666666
2020-06-01,2300 UTC,2.7,26.1,2020-06,2020,6,1426.3500000000001,25.566666666666666
2020-07-01,1000 UTC,30.3,22.8,2020-07,2020,7,1370.569230769231,26.3625
2020-07-01,1100 UTC,322.5,24.4,2020-07,2020,7,1370.569230769231,26.3625
2020-07-01,1200 UTC,731.6,25.0,2020-07,2020,7,1370.569230769231,26.3625
2020-07-01,1300 UTC,1112.4,26.2,2020-07,2020,7,1370.569230769231,26.3625
2020-07-01,1400 UTC,1261.8,27.1,2020-07,2020,7,1370.569230769231,26.3625
2020-07-01,1500 UTC,2344.6,28.3,2020-07,2020,7,1370.569230769231,26.3625
2020-07-01,1600 UTC,3186.2,30.1,2020-07,2020,7,1370.569230769231,26.3625
2020-07-01,1700 UTC,2202.8,30.2,2020-07,2020,7,1370.569230769231,26.3625
2020-07-01,1800 UTC,2365.9,30.7,2020-07,2020,7,1370.569230769231,26.3625
2020-07-01,1900 UTC,2901.4,31.4,2020-07,2020,7,1370.569230769231,26.3625
2020-07-01,2000 UTC,948.3,29.5,2020-07,2020,7,1370.569230769231,26.3625
2020-07-01,2100 UTC,301.1,28.8,2020-07,2020,7,1370.569230769231,26.3625
2020-07-01,2200 UTC,108.5,27.6,2020-07,2020,7,1370.569230769231,26.3625
2020-08-01,1000 UTC,23.2,23.4,2020-08,2020,8,792.3461538461538,24.462500000000002
2020-08-01,1100 UTC,307.0,23.9,2020-08,2020,8,792.3461538461538,24.462500000000002
2020-08-01,1200 UTC,538.4,24.6,2020-08,2020,8,792.3461538461538,24.462500000000002
2020-08-01,1300 UTC,575.9,24.7,2020-08,2020,8,792.3461538461538,24.462500000000002
2020-08-01,1400 UTC,1476.7,26.5,2020-08,2020,8,792.3461538461538,24.462500000000002
2020-08-01,1500 UTC,2481.0,28.8,2020-08,2020,8,792.3461538461538,24.462500000000002
2020-08-01,1600 UTC,2735.3,29.5,2020-08,2020,8,792.3461538461538,24.462500000000002
2020-08-01,1700 UTC,509.3,22.8,2020-08,2020,8,792.3461538461538,24.462500000000002
2020-08-01,1800 UTC,399.0,23.3,2020-08,2020,8,792.3461538461538,24.462500000000002
2020-08-01,1900 UTC,574.2,23.4,2020-08,2020,8,792.3461538461538,24.462500000000002
2020-08-01,2000 UTC,537.0,23.6,2020-08,2020,8,792.3461538461538,24.462500000000002
2020-08-01,2100 UTC,133.6,23.2,2020-08,2020,8,792.3461538461538,24.462500000000002
2020-08-01,2200 UTC,9.9,23.1,2020-08,2020,8,792.3461538461538,24.462500000000002
2020-09-01,0600 UTC,0.1,22.0,2020-09,2020,9,902.79375,24.275000000000002
2020-09-01,0900 UTC,0.4,21.7,2020-09,2020,9,902.79375,24.275000000000002
2020-09-01,1000 UTC,41.8,21.8,2020-09,2020,9,902.79375,24.275000000000002
2020-09-01,1100 UTC,372.5,22.4,2020-09,2020,9,902.79375,24.275000000000002
2020-09-01,1200 UTC,1093.8,24.7,2020-09,2020,9,902.79375,24.275000000000002
2020-09-01,1300 UTC,1645.1,26.6,2020-09,2020,9,902.79375,24.275000000000002
2020-09-01,1400 UTC,1645.9,27.3,2020-09,2020,9,902.79375,24.275000000000002
2020-09-01,1500 UTC,1690.2,27.8,2020-09,2020,9,902.79375,24.275000000000002
2020-09-01,1600 UTC,1429.7,26.4,2020-09,2020,9,902.79375,24.275000000000002
2020-09-01,1700 UTC,1909.8,25.7,2020-09,2020,9,902.79375,24.275000000000002
2020-09-01,1800 UTC,733.1,25.3,2020-09,2020,9,902.79375,24.275000000000002
2020-09-01,1900 UTC,1334.1,26.8,2020-09,2020,9,902.79375,24.275000000000002
2020-09-01,2000 UTC,1504.2,28.0,2020-09,2020,9,902.79375,24.275000000000002
2020-09-01,2100 UTC,781.1,27.0,2020-09,2020,9,902.79375,24.275000000000002
2020-09-01,2200 UTC,262.3,25.4,2020-09,2020,9,902.79375,24.275000000000002
2020-09-01,2300 UTC,0.6,24.8,2020-09,2020,9,902.79375,24.275000000000002
2020-10-01,1000 UTC,34.9,21.8,2020-10,2020,10,1355.2214285714285,26.004166666666666
2020-10-01,1100 UTC,596.7,23.8,2020-10,2020,10,1355.2214285714285,26.004166666666666
2020-10-01,1200 UTC,1279.7,26.0,2020-10,2020,10,1355.2214285714285,26.004166666666666
2020-10-01,1300 UTC,2337.7,28.1,2020-10,2020,10,1355.2214285714285,26.004166666666666
2020-10-01,1400 UTC,2289.4,28.7,2020-10,2020,10,1355.2214285714285,26.004166666666666
2020-10-01,1500 UTC,2390.2,29.3,2020-10,2020,10,1355.2214285714285,26.004166666666666
2020-10-01,1600 UTC,2688.8,31.4,2020-10,2020,10,1355.2214285714285,26.004166666666666
2020-10-01,1700 UTC,1473.2,30.7,2020-10,2020,10,1355.2214285714285,26.004166666666666
2020-10-01,1800 UTC,1703.3,30.5,2020-10,2020,10,1355.2214285714285,26.004166666666666
2020-10-01,1900 UTC,1749.9,31.3,2020-10,2020,10,1355.2214285714285,26.004166666666666
2020-10-01,2000 UTC,1458.5,30.1,2020-10,2020,10,1355.2214285714285,26.004166666666666
2020-10-01,2100 UTC,693.0,27.9,2020-10,2020,10,1355.2214285714285,26.004166666666666
2020-10-01,2200 UTC,276.4,27.3,2020-10,2020,10,1355.2214285714285,26.004166666666666
2020-10-01,2300 UTC,1.4,26.3,2020-10,2020,10,1355.2214285714285,26.004166666666666
2020-11-01,1000 UTC,30.8,24.2,2020-11,2020,11,1162.192857142857,26.462500000000002
2020-11-01,1100 UTC,569.2,25.5,2020-11,2020,11,1162.192857142857,26.462500000000002
2020-11-01,1200 UTC,1445.7,27.6,2020-11,2020,11,1162.192857142857,26.462500000000002
2020-11-01,1300 UTC,2253.7,29.2,2020-11,2020,11,1162.192857142857,26.462500000000002
2020-11-01,1400 UTC,2243.9,30.1,2020-11,2020,11,1162.192857142857,26.462500000000002
2020-11-01,1500 UTC,2946.2,31.1,2020-11,2020,11,1162.192857142857,26.462500000000002
2020-11-01,1600 UTC,1588.0,31.9,2020-11,2020,11,1162.192857142857,26.462500000000002
2020-11-01,1700 UTC,2256.0,26.3,2020-11,2020,11,1162.192857142857,26.462500000000002
2020-11-01,1800 UTC,327.9,25.4,2020-11,2020,11,1162.192857142857,26.462500000000002
2020-11-01,1900 UTC,807.9,28.0,2020-11,2020,11,1162.192857142857,26.462500000000002
2020-11-01,2000 UTC,964.7,29.1,2020-11,2020,11,1162.192857142857,26.462500000000002
2020-11-01,2100 UTC,611.5,28.6,2020-11,2020,11,1162.192857142857,26.462500000000002
2020-11-01,2200 UTC,224.0,27.1,2020-11,2020,11,1162.192857142857,26.462500000000002
2020-11-01,2300 UTC,1.2,26.0,2020-11,2020,11,1162.192857142857,26.462500000000002
2020-12-01,1000 UTC,43.6,23.5,2020-12,2020,12,1626.207142857143,27.104166666666668
2020-12-01,1100 UTC,560.6,25.2,2020-12,2020,12,1626.207142857143,27.104166666666668
2020-12-01,1200 UTC,1264.0,26.5,2020-12,2020,12,1626.207142857143,27.104166666666668
2020-12-01,1300 UTC,2334.8,28.1,2020-12,2020,12,1626.207142857143,27.104166666666668
2020-12-01,1400 UTC,2170.2,28.4,2020-12,2020,12,1626.207142857143,27.104166666666668
2020-12-01,1500 UTC,2171.8,29.3,2020-12,2020,12,1626.207142857143,27.104166666666668
2020-12-01,1600 UTC,2828.0,31.7,2020-12,2020,12,1626.207142857143,27.104166666666668
2020-12-01,1700 UTC,3462.1,31.9,2020-12,2020,12,1626.207142857143,27.104166666666668
2020-12-01,1800 UTC,2281.0,31.5,2020-12,2020,12,1626.207142857143,27.104166666666668
2020-12-01,1900 UTC,2373.1,31.4,2020-12,2020,12,1626.207142857143,27.104166666666668
2020-12-01,2000 UTC,2033.9,31.9,2020-12,2020,12,1626.207142857143,27.104166666666668
2020-12-01,2100 UTC,938.9,31.4,2020-12,2020,12,1626.207142857143,27.104166666666668
2020-12-01,2200 UTC,302.3,28.7,2020-12,2020,12,1626.207142857143,27.104166666666668
2020-12-01,2300 UTC,2.6,27.7,2020-12,2020,12,1626.207142857143,27.104166666666668
2020-01-02,1000 UTC,8.3,22.9,2020-01,2020,1,1237.9642857142858,27.525000000000002
2020-01-02,1100 UTC,218.6,24.1,2020-01,2020,1,1237.9642857142858,27.525000000000002
2020-01-02,1200 UTC,546.6,25.5,2020-01,2020,1,1237.9642857142858,27.525000000000002
2020-01-02,1300 UTC,1083.9,25.9,2020-01,2020,1,1237.9642857142858,27.525000000000002
2020-01-02,1400 UTC,1644.2,28.4,2020-01,2020,1,1237.9642857142858,27.525000000000002
2020-01-02,1500 UTC,1551.3,29.3,2020-01,2020,1,1237.9642857142858,27.525000000000002
2020-01-02,1600 UTC,2167.0,31.6,2020-01,2020,1,1237.9642857142858,27.525000000000002
2020-01-02,1700 UTC,2609.8,32.4,2020-01,2020,1,1237.9642857142858,27.525000000000002
2020-01-02,1800 UTC,1569.0,32.1,2020-01,2020,1,1237.9642857142858,27.525000000000002
2020-01-02,1900 UTC,2617.7,33.3,2020-01,2020,1,1237.9642857142858,27.525000000000002
2020-01-02,2000 UTC,1877.2,33.2,2020-01,2020,1,1237.9642857142858,27.525000000000002
2020-01-02,2100 UTC,1212.6,32.1,2020-01,2020,1,1237.9642857142858,27.525000000000002
2020-01-02,2200 UTC,224.4,30.4,2020-01,2020,1,1237.9642857142858,27.525000000000002
2020-01-02,2300 UTC,0.9,28.6,2020-01,2020,1,1237.9642857142858,27.525000000000002
2020-02-02,1000 UTC,13.5,23.1,2020-02,2020,2,1380.5142857142857,28.079166666666666
2020-02-02,1100 UTC,324.1,25.1,2020-02,2020,2,1380.5142857142857,28.079166666666666
2020-02-02,1200 UTC,1313.2,27.5,2020-02,2020,2,1380.5142857142857,28.079166666666666
2020-02-02,1300 UTC,2233.1,30.9,2020-02,2020,2,1380.5142857142857,28.079166666666666
2020-02-02,1400 UTC,1362.0,30.3,2020-02,2020,2,1380.5142857142857,28.079166666666666
2020-02-02,1500 UTC,2530.0,31.5,2020-02,2020,2,1380.5142857142857,28.079166666666666
2020-02-02,1600 UTC,3553.2,34.3,2020-02,2020,2,1380.5142857142857,28.079166666666666
2020-02-02,1700 UTC,2806.4,34.5,2020-02,2020,2,1380.5142857142857,28.079166666666666
2020-02-02,1800 UTC,2542.5,35.3,2020-02,2020,2,1380.5142857142857,28.079166666666666
2020-02-02,1900 UTC,565.6,28.7,2020-02,2020,2,1380.5142857142857,28.079166666666666
2020-02-02,2000 UTC,405.0,30.1,2020-02,2020,2,1380.5142857142857,28.079166666666666
2020-02-02,2100 UTC,1209.4,32.8,2020-02,2020,2,1380.5142857142857,28.079166666666666
2020-02-02,2200 UTC,465.1,31.0,2020-02,2020,2,1380.5142857142857,28.079166666666666
2020-02-02,2300 UTC,4.1,27.2,2020-02,2020,2,1380.5142857142857,28.079166666666666
2020-03-02,1000 UTC,18.6,23.5,2020-03,2020,3,1394.2714285714285,26.425
2020-03-02,1100 UTC,363.5,24.8,2020-03,2020,3,1394.2714285714285,26.425
2020-03-02,1200 UTC,1135.1,26.8,2020-03,2020,3,1394.2714285714285,26.425
2020-03-02,1300 UTC,1545.5,28.8,2020-03,2020,3,1394.2714285714285,26.425
2020-03-02,1400 UTC,2765.1,31.8,2020-03,2020,3,1394.2714285714285,26.425
2020-03-02,1500 UTC,3309.6,32.2,2020-03,2020,3,1394.2714285714285,26.425
2020-03-02,1600 UTC,2559.6,30.6,2020-03,2020,3,1394.2714285714285,26.425
2020-03-02,1700 UTC,3588.9,33.8,2020-03,2020,3,1394.2714285714285,26.425
2020-03-02,1800 UTC,2679.4,31.8,2020-03,2020,3,1394.2714285714285,26.425
2020-03-02,1900 UTC,321.1,24.5,2020-03,2020,3,1394.2714285714285,26.425
2020-03-02,2000 UTC,452.1,27.1,2020-03,2020,3,1394.2714285714285,26.425
2020-03-02,2100 UTC,530.7,28.7,2020-03,2020,3,1394.2714285714285,26.425
2020-03-02,2200 UTC,247.0,27.4,2020-03,2020,3,1394.2714285714285,26.425
2020-03-02,2300 UTC,3.6,26.0,2020-03,2020,3,1394.2714285714285,26.425
2020-04-02,1000 UTC,9.2,22.7,2020-04,2020,4,1198.4214285714284,25.570833333333336
2020-04-02,1100 UTC,279.9,23.4,2020-04,2020,4,1198.4214285714284,25.570833333333336
2020-04-02,1200 UTC,701.1,24.8,2020-04,2020,4,1198.4214285714284,25.570833333333336
2020-04-02,1300 UTC,1315.3,26.4,2020-04,2020,4,1198.4214285714284,25.570833333333336
2020-04-02,1400 UTC,1819.2,27.9,2020-04,2020,4,1198.4214285714284,25.570833333333336
2020-04-02,1500 UTC,1537.9,28.7,2020-04,2020,4,1198.4214285714284,25.570833333333336
2020-04-02,1600 UTC,2112.7,29.8,2020-04,2020,4,1198.4214285714284,25.570833333333336
2020-04-02,1700 UTC,2289.1,30.8,2020-04,2020,4,1198.4214285714284,25.570833333333336
2020-04-02,1800 UTC,2644.6,31.0,2020-04,2020,4,1198.4214285714284,25.570833333333336
2020-04-02,1900 UTC,1620.2,31.0,2020-04,2020,4,1198.4214285714284,25.570833333333336
2020-04-02,2000 UTC,1318.6,25.7,2020-04,2020,4,1198.4214285714284,25.570833333333336
2020-04-02,2100 UTC,994.1,27.0,2020-04,2020,4,1198.4214285714284,25.570833333333336
2020-04-02,2200 UTC,133.1,25.2,2020-04,2020,4,1198.4214285714284,25.570833333333336
2020-04-02,2300 UTC,2.9,25.0,2020-04,2020,4,1198.4214285714284,25.570833333333336
2020-05-02,1000 UTC,14.1,23.2,2020-05,2020,5,1539.0357142857142,26.537499999999998
2020-05-02,1100 UTC,388.6,24.3,2020-05,2020,5,1539.0357142857142,26.537499999999998
2020-05-02,1200 UTC,969.3,25.3,2020-05,2020,5,1539.0357142857142,26.537499999999998
2020-05-02,1300 UTC,1931.0,27.7,2020-05,2020,5,1539.0357142857142,26.537499999999998
2020-05-02,1400 UTC,2310.3,28.4,2020-05,2020,5,1539.0357142857142,26.537499999999998
2020-05-02,1500 UTC,2008.5,29.7,2020-05,2020,5,1539.0357142857142,26.537499999999998
2020-05-02,1600 UTC,3203.5,31.6,2020-05,2020,5,1539.0357142857142,26.537499999999998
2020-05-02,1700 UTC,2861.5,31.1,2020-05,2020,5,1539.0357142857142,26.537499999999998
2020-05-02,1800 UTC,2117.8,29.0,2020-05,2020,5,1539.0357142857142,26.537499999999998
2020-05-02,1900 UTC,2316.1,31.1,2020-05,2020,5,1539.0357142857142,26.537499999999998
2020-05-02,2000 UTC,1865.4,30.3,2020-05,2020,5,1539.0357142857142,26.537499999999998
2020-05-02,2100 UTC,899.2,28.5,2020-05,2020,5,1539.0357142857142,26.537499999999998
2020-05-02,2200 UTC,612.2,27.9,2020-05,2020,5,1539.0357142857142,26.537499999999998
2020-05-02,2300 UTC,49.0,27.7,2020-05,2020,5,1539.0357142857142,26.537499999999998
2020-06-02,0500 UTC,0.2,23.4,2020-06,2020,6,1019.4466666666667,25.400000000000002
2020-06-02,1000 UTC,1.6,22.9,2020-06,2020,6,1019.4466666666667,25.400000000000002
2020-06-02,1100 UTC,73.3,23.0,2020-06,2020,6,1019.4466666666667,25.400000000000002
2020-06-02,1200 UTC,380.0,23.3,2020-06,2020,6,1019.4466666666667,25.400000000000002
2020-06-02,1300 UTC,516.9,24.0,2020-06,2020,6,1019.4466666666667,25.400000000000002
2020-06-02,1400 UTC,784.4,25.2,2020-06,2020,6,1019.4466666666667,25.400000000000002
2020-06-02,1500 UTC,1450.5,26.4,2020-06,2020,6,1019.4466666666667,25.400000000000002
2020-06-02,1600 UTC,1625.0,27.6,2020-06,2020,6,1019.4466666666667,25.400000000000002
2020-06-02,1700 UTC,2428.4,29.7,2020-06,2020,6,1019.4466666666667,25.400000000000002
2020-06-02,1800 UTC,2254.5,29.6,2020-06,2020,6,1019.4466666666667,25.400000000000002
2020-06-02,1900 UTC,2690.0,29.1,2020-06,2020,6,1019.4466666666667,25.400000000000002
2020-06-02,2000 UTC,1582.1,30.3,2020-06,2020,6,1019.4466666666667,25.400000000000002
2020-06-02,2100 UTC,1209.0,29.2,2020-06,2020,6,1019.4466666666667,25.400000000000002
2020-06-02,2200 UTC,294.1,27.2,2020-06,2020,6,1019.4466666666667,25.400000000000002
2020-06-02,2300 UTC,1.7,26.2,2020-06,2020,6,1019.4466666666667,25.400000000000002
2020-07-02,1000 UTC,7.8,23.5,2020-07,2020,7,843.7714285714286,24.7375
2020-07-02,1100 UTC,158.9,23.8,2020-07,2020,7,843.7714285714286,24.7375
2020-07-02,1200 UTC,822.2,25.2,2020-07,2020,7,843.7714285714286,24.7375
2020-07-02,1300 UTC,963.5,26.3,2020-07,2020,7,843.7714285714286,24.7375
2020-07-02,1400 UTC,1317.3,24.9,2020-07,2020,7,843.7714285714286,24.7375
2020-07-02,1500 UTC,2786.3,27.9,2020-07,2020,7,843.7714285714286,24.7375
2020-07-02,1600 UTC,2092.2,28.1,2020-07,2020,7,843.7714285714286,24.7375
2020-07-02,1700 UTC,601.7,24.8,2020-07,2020,7,843.7714285714286,24.7375
2020-07-02,1800 UTC,2378.4,27.2,2020-07,2020,7,843.7714285714286,24.7375
2020-07-02,1900 UTC,386.6,24.4,2020-07,2020,7,843.7714285714286,24.7375
2020-07-02,2000 UTC,213.1,23.9,2020-07,2020,7,843.7714285714286,24.7375
2020-07-02,2100 UTC,59.4,23.5,2020-07,2020,7,843.7714285714286,24.7375
2020-07-02,2200 UTC,23.5,23.1,2020-07,2020,7,843.7714285714286,24.7375
2020-07-02,2300 UTC,1.9,23.0,2020-07,2020,7,843.7714285714286,24.7375
2020-08-02,0200 UTC,0.4,23.0,2020-08,2020,8,875.6066666666667,24.141666666666666
2020-08-02,1000 UTC,9.6,22.0,2020-08,2020,8,875.6066666666667,24.141666666666666
2020-08-02,1100 UTC,184.1,22.4,2020-08,2020,8,875.6066666666667,24.141666666666666
2020-08-02,1200 UTC,744.3,23.4,2020-08,2020,8,875.6066666666667,24.141666666666666
2020-08-02,1300 UTC,991.8,24.2,2020-08,2020,8,875.6066666666667,24.141666666666666
2020-08-02,1400 UTC,1106.6,24.6,2020-08,2020,8,875.6066666666667,24.141666666666666
2020-08-02,1500 UTC,1127.0,25.0,2020-08,2020,8,875.6066666666667,24.141666666666666
2020-08-02,1600 UTC,1744.1,26.5,2020-08,2020,8,875.6066666666667,24.141666666666666
2020-08-02,1700 UTC,860.4,24.9,2020-08,2020,8,875.6066666666667,24.141666666666666
2020-08-02,1800 UTC,2394.7,28.3,2020-08,2020,8,875.6066666666667,24.141666666666666
2020-08-02,1900 UTC,2305.6,28.0,2020-08,2020,8,875.6066666666667,24.141666666666666
2020-08-02,2000 UTC,1050.8,27.2,2020-08,2020,8,875.6066666666667,24.141666666666666
2020-08-02,2100 UTC,514.2,27.1,2020-08,2020,8,875.6066666666667,24.141666666666666
2020-08-02,2200 UTC,98.4,25.8,2020-08,2020,8,875.6066666666667,24.141666666666666
2020-08-02,2300 UTC,2.1,25.0,2020-08,2020,8,875.6066666666667,24.141666666666666
2020-09-02,0400 UTC,0.3,23.1,2020-09,2020,9,725.842857142857,23.829166666666666
2020-09-02,1000 UTC,2.0,22.8,2020-09,2020,9,725.842857142857,23.829166666666666
2020-09-02,1100 UTC,94.8,23.1,2020-09,2020,9,725.842857142857,23.829166666666666
2020-09-02,1200 UTC,233.1,23.5,2020-09,2020,9,725.842857142857,23.829166666666666
2020-09-02,1300 UTC,434.9,23.9,2020-09,2020,9,725.842857142857,23.829166666666666
2020-09-02,1400 UTC,296.7,24.3,2020-09,2020,9,725.842857142857,23.829166666666666
2020-09-02,1500 UTC,444.8,24.1,2020-09,2020,9,725.842857142857,23.829166666666666
2020-09-02,1600 UTC,1010.1,25.1,2020-09,2020,9,725.842857142857,23.829166666666666
2020-09-02,1700 UTC,2364.5,27.5,2020-09,2020,9,725.842857142857,23.829166666666666
2020-09-02,1800 UTC,2612.8,27.4,2020-09,2020,9,725.842857142857,23.829166666666666
2020-09-02,1900 UTC,1787.4,27.5,2020-09,2020,9,725.842857142857,23.829166666666666
2020-09-02,2000 UTC,253.6,22.7,2020-09,2020,9,725.842857142857,23.829166666666666
2020-09-02,2100 UTC,473.6,23.2,2020-09,2020,9,725.842857142857,23.829166666666666
2020-09-02,2200 UTC,153.2,23.2,2020-09,2020,9,725.842857142857,23.829166666666666
2020-10-02,0200 UTC,0.5,21.8,2020-10,2020,10,1098.2266666666665,24.479166666666668
2020-10-02,1000 UTC,4.9,21.5,2020-10,2020,10,1098.2266666666665,24.479166666666668
2020-10-02,1100 UTC,167.9,21.8,2020-10,2020,10,1098.2266666666665,24.479166666666668
2020-10-02,1200 UTC,354.4,22.5,2020-10,2020,10,1098.2266666666665,24.479166666666668
2020-10-02,1300 UTC,750.4,24.1,2020-10,2020,10,1098.2266666666665,24.479166666666668
2020-10-02,1400 UTC,1272.5,25.2,2020-10,2020,10,1098.2266666666665,24.479166666666668
2020-10-02,1500 UTC,1149.3,26.1,2020-10,2020,10,1098.2266666666665,24.479166666666668
2020-10-02,1600 UTC,1575.0,27.1,2020-10,2020,10,1098.2266666666665,24.479166666666668
2020-10-02,1700 UTC,2773.2,28.6,2020-10,2020,10,1098.2266666666665,24.479166666666668
2020-10-02,1800 UTC,2934.6,29.3,2020-10,2020,10,1098.2266666666665,24.479166666666668
2020-10-02,1900 UTC,2447.8,30.3,2020-10,2020,10,1098.2266666666665,24.479166666666668
2020-10-02,2000 UTC,2035.0,29.8,2020-10,2020,10,1098.2266666666665,24.479166666666668
2020-10-02,2100 UTC,788.7,29.5,2020-10,2020,10,1098.2266666666665,24.479166666666668
2020-10-02,2200 UTC,215.7,28.5,2020-10,2020,10,1098.2266666666665,24.479166666666668
2020-10-02,2300 UTC,3.5,27.1,2020-10,2020,10,1098.2266666666665,24.479166666666668
2020-11-02,1000 UTC,10.1,23.9,2020-11,2020,11,1177.3642857142856,26.825
2020-11-02,1100 UTC,245.5,24.8,2020-11,2020,11,1177.3642857142856,26.825
2020-11-02,1200 UTC,519.5,26.4,2020-11,2020,11,1177.3642857142856,26.825
2020-11-02,1300 UTC,1743.5,29.4,2020-11,2020,11,1177.3642857142856,26.825
2020-11-02,1400 UTC,1849.9,29.4,2020-11,2020,11,1177.3642857142856,26.825
2020-11-02,1500 UTC,2568.2,30.9,2020-11,2020,11,1177.3642857142856,26.825
2020-11-02,1600 UTC,3303.4,31.3,2020-11,2020,11,1177.3642857142856,26.825
2020-11-02,1700 UTC,2314.8,33.2,2020-11,2020,11,1177.3642857142856,26.825
2020-11-02,1800 UTC,2157.4,31.7,2020-11,2020,11,1177.3642857142856,26.825
2020-11-02,1900 UTC,480.7,25.9,2020-11,2020,11,1177.3642857142856,26.825
2020-11-02,2000 UTC,641.9,27.9,2020-11,2020,11,1177.3642857142856,26.825
2020-11-02,2100 UTC,401.1,27.1,2020-11,2020,11,1177.3642857142856,26.825
2020-11-02,2200 UTC,246.7,25.9,2020-11,2020,11,1177.3642857142856,26.825
2020-11-02,2300 UTC,0.4,25.8,2020-11,2020,11,1177.3642857142856,26.825
2020-12-02,1000 UTC,0.0,23.2,2020-12,2020,12,851.7857142857143,24.875
2020-12-02,1100 UTC,76.1,23.6,2020-12,2020,12,851.7857142857143,24.875
2020-12-02,1200 UTC,379.9,24.2,2020-12,2020,12,851.7857142857143,24.875
2020-12-02,1300 UTC,308.1,24.4,2020-12,2020,12,851.7857142857143,24.875
2020-12-02,1400 UTC,334.4,24.3,2020-12,2020,12,851.7857142857143,24.875
2020-12-02,1500 UTC,536.4,23.8,2020-12,2020,12,851.7857142857143,24.875
2020-12-02,1600 UTC,1095.7,24.6,2020-12,2020,12,851.7857142857143,24.875
2020-12-02,1700 UTC,2623.6,28.0,2020-12,2020,12,851.7857142857143,24.875
2020-12-02,1800 UTC,2025.4,28.6,2020-12,2020,12,851.7857142857143,24.875
2020-12-02,1900 UTC,1879.2,27.8,2020-12,2020,12,851.7857142857143,24.875
2020-12-02,2000 UTC,1138.0,27.0,2020-12,2020,12,851.7857142857143,24.875
2020-12-02,2100 UTC,920.4,26.9,2020-12,2020,12,851.7857142857143,24.875
2020-12-02,2200 UTC,589.2,25.3,2020-12,2020,12,851.7857142857143,24.875
2020-12-02,2300 UTC,18.6,24.3,2020-12,2020,12,851.7857142857143,24.875
2020-01-03,0000 UTC,0.8,22.4,2020-01,2020,1,1186.9466666666667,24.96666666666667
2020-01-03,1000 UTC,1.0,23.0,2020-01,2020,1,1186.9466666666667,24.96666666666667
2020-01-03,1100 UTC,204.5,23.5,2020-01,2020,1,1186.9466666666667,24.96666666666667
2020-01-03,1200 UTC,827.4,25.7,2020-01,2020,1,1186.9466666666667,24.96666666666667
2020-01-03,1300 UTC,1531.5,26.3,2020-01,2020,1,1186.9466666666667,24.96666666666667
2020-01-03,1400 UTC,1733.5,26.9,2020-01,2020,1,1186.9466666666667,24.96666666666667
2020-01-03,1500 UTC,1993.8,28.5,2020-01,2020,1,1186.9466666666667,24.96666666666667
2020-01-03,1600 UTC,2734.2,29.7,2020-01,2020,1,1186.9466666666667,24.96666666666667
2020-01-03,1700 UTC,2985.1,30.0,2020-01,2020,1,1186.9466666666667,24.96666666666667
2020-01-03,1800 UTC,1374.9,25.0,2020-01,2020,1,1186.9466666666667,24.96666666666667
2020-01-03,1900 UTC,2364.0,28.5,2020-01,2020,1,1186.9466666666667,24.96666666666667
2020-01-03,2000 UTC,1545.7,28.7,2020-01,2020,1,1186.9466666666667,24.96666666666667
2020-01-03,2100 UTC,436.8,26.1,2020-01,2020,1,1186.9466666666667,24.96666666666667
2020-01-03,2200 UTC,68.7,23.8,2020-01,2020,1,1186.9466666666667,24.96666666666667
2020-01-03,2300 UTC,2.3,24.4,2020-01,2020,1,1186.9466666666667,24.96666666666667
2020-02-03,1000 UTC,4.7,22.7,2020-02,2020,2,1041.2857142857142,25.0125
2020-02-03,1100 UTC,542.9,24.3,2020-02,2020,2,1041.2857142857142,25.0125
2020-02-03,1200 UTC,958.2,25.2,2020-02,2020,2,1041.2857142857142,25.0125
2020-02-03,1300 UTC,1473.7,27.3,2020-02,2020,2,1041.2857142857142,25.0125
2020-02-03,1400 UTC,2029.8,28.5,2020-02,2020,2,1041.2857142857142,25.0125
2020-02-03,1500 UTC,2667.2,29.2,2020-02,2020,2,1041.2857142857142,25.0125
2020-02-03,1600 UTC,1644.1,28.5,2020-02,2020,2,1041.2857142857142,25.0125
2020-02-03,1700 UTC,1831.0,28.5,2020-02,2020,2,1041.2857142857142,25.0125
2020-02-03,1800 UTC,1284.4,25.8,2020-02,2020,2,1041.2857142857142,25.0125
2020-02-03,1900 UTC,1710.7,25.8,2020-02,2020,2,1041.2857142857142,25.0125
2020-02-03,2000 UTC,280.8,26.2,2020-02,2020,2,1041.2857142857142,25.0125
2020-02-03,2100 UTC,94.7,25.0,2020-02,2020,2,1041.2857142857142,25.0125
2020-02-03,2200 UTC,54.8,24.4,2020-02,2020,2,1041.2857142857142,25.0125
2020-02-03,2300 UTC,1.0,24.4,2020-02,2020,2,1041.2857142857142,25.0125
2020-03-03,1000 UTC,2.2,23.2,2020-03,2020,3,1215.0,25.925
2020-03-03,1100 UTC,173.3,23.7,2020-03,2020,3,1215.0,25.925
2020-03-03,1200 UTC,525.9,24.4,2020-03,2020,3,1215.0,25.925
2020-03-03,1300 UTC,1257.7,26.2,2020-03,2020,3,1215.0,25.925
2020-03-03,1400 UTC,2053.0,27.4,2020-03,2020,3,1215.0,25.925
2020-03-03,1500 UTC,2057.1,28.4,2020-03,2020,3,1215.0,25.925
2020-03-03,1600 UTC,2643.5,30.2,2020-03,2020,3,1215.0,25.925
2020-03-03,1700 UTC,2970.8,30.0,2020-03,2020,3,1215.0,25.925
2020-03-03,1800 UTC,1287.8,30.3,2020-03,2020,3,1215.0,25.925
2020-03-03,1900 UTC,2178.9,30.3,2020-03,2020,3,1215.0,25.925
2020-03-03,2000 UTC,1355.6,30.4,2020-03,2020,3,1215.0,25.925
2020-03-03,2100 UTC,436.2,28.9,2020-03,2020,3,1215.0,25.925
2020-03-03,2200 UTC,67.8,23.9,2020-03,2020,3,1215.0,25.925
2020-03-03,2300 UTC,0.2,24.6,2020-03,2020,3,1215.0,25.925
2020-04-03,1000 UTC,2.6,23.4,2020-04,2020,4,1308.746153846154,26.1375
2020-04-03,1100 UTC,143.5,23.5,2020-04,2020,4,1308.746153846154,26.1375
2020-04-03,1200 UTC,482.2,24.5,2020-04,2020,4,1308.746153846154,26.1375
2020-04-03,1300 UTC,1047.1,26.1,2020-04,2020,4,1308.746153846154,26.1375
2020-04-03,1400 UTC,1490.6,26.7,2020-04,2020,4,1308.746153846154,26.1375
2020-04-03,1500 UTC,1859.7,27.4,2020-04,2020,4,1308.746153846154,26.1375
2020-04-03,1600 UTC,2168.4,29.6,2020-04,2020,4,1308.746153846154,26.1375
2020-04-03,1700 UTC,1793.5,26.7,2020-04,2020,4,1308.746153846154,26.1375
2020-04-03,1800 UTC,2611.7,30.1,2020-04,2020,4,1308.746153846154,26.1375
2020-04-03,1900 UTC,2563.9,31.3,2020-04,2020,4,1308.746153846154,26.1375
2020-04-03,2000 UTC,1828.2,31.6,2020-04,2020,4,1308.746153846154,26.1375
2020-04-03,2100 UTC,784.0,30.0,2020-04,2020,4,1308.746153846154,26.1375
2020-04-03,2200 UTC,238.3,29.4,2020-04,2020,4,1308.746153846154,26.1375
2020-05-03,1000 UTC,19.3,23.0,2020-05,2020,5,1430.5538461538463,26.45
2020-05-03,1100 UTC,232.3,23.9,2020-05,2020,5,1430.5538461538463,26.45
2020-05-03,1200 UTC,588.9,25.0,2020-05,2020,5,1430.5538461538463,26.45
2020-05-03,1300 UTC,1470.2,27.1,2020-05,2020,5,1430.5538461538463,26.45
2020-05-03,1400 UTC,1691.0,28.4,2020-05,2020,5,1430.5538461538463,26.45
2020-05-03,1500 UTC,2139.7,29.7,2020-05,2020,5,1430.5538461538463,26.45
2020-05-03,1600 UTC,3007.8,31.3,2020-05,2020,5,1430.5538461538463,26.45
2020-05-03,1700 UTC,2523.9,31.4,2020-05,2020,5,1430.5538461538463,26.45
2020-05-03,1800 UTC,2327.5,32.5,2020-05,2020,5,1430.5538461538463,26.45
2020-05-03,1900 UTC,2072.0,29.9,2020-05,2020,5,1430.5538461538463,26.45
2020-05-03,2000 UTC,1953.8,28.6,2020-05,2020,5,1430.5538461538463,26.45
2020-05-03,2100 UTC,499.4,27.5,2020-05,2020,5,1430.5538461538463,26.45
2020-05-03,2200 UTC,71.4,26.8,2020-05,2020,5,1430.5538461538463,26.45
2020-06-03,1100 UTC,67.8,24.0,2020-06,2020,6,1446.5833333333333,26.120833333333334
2020-06-03,1200 UTC,287.8,24.8,2020-06,2020,6,1446.5833333333333,26.120833333333334
2020-06-03,1300 UTC,783.2,26.2,2020-06,2020,6,1446.5833333333333,26.120833333333334
2020-06-03,1400 UTC,1473.2,27.5,2020-06,2020,6,1446.5833333333333,26.120833333333334
2020-06-03,1500 UTC,1691.4,29.1,2020-06,2020,6,1446.5833333333333,26.120833333333334
2020-06-03,1600 UTC,2700.3,29.8,2020-06,2020,6,1446.5833333333333,26.120833333333334
2020-06-03,1700 UTC,2686.1,27.9,2020-06,2020,6,1446.5833333333333,26.120833333333334
2020-06-03,1800 UTC,1682.7,27.4,2020-06,2020,6,1446.5833333333333,26.120833333333334
2020-06-03,1900 UTC,2620.1,28.5,2020-06,2020,6,1446.5833333333333,26.120833333333334
2020-06-03,2000 UTC,2009.9,28.1,2020-06,2020,6,1446.5833333333333,26.120833333333334
2020-06-03,2100 UTC,934.8,27.5,2020-06,2020,6,1446.5833333333333,26.120833333333334
2020-06-03,2200 UTC,421.7,26.6,2020-06,2020,6,1446.5833333333333,26.120833333333334
2020-07-03,1000 UTC,2.9,23.5,2020-07,2020,7,1185.8384615384616,26.337500000000002
2020-07-03,1100 UTC,125.8,23.9,2020-07,2020,7,1185.8384615384616,26.337500000000002
2020-07-03,1200 UTC,732.8,25.8,2020-07,2020,7,1185.8384615384616,26.337500000000002
2020-07-03,1300 UTC,1646.7,27.8,2020-07,2020,7,1185.8384615384616,26.337500000000002
2020-07-03,1400 UTC,2377.7,28.8,2020-07,2020,7,1185.8384615384616,26.337500000000002
2020-07-03,1500 UTC,1263.3,28.9,2020-07,2020,7,1185.8384615384616,26.337500000000002
2020-07-03,1600 UTC,1502.1,28.0,2020-07,2020,7,1185.8384615384616,26.337500000000002
2020-07-03,1700 UTC,1296.0,27.2,2020-07,2020,7,1185.8384615384616,26.337500000000002
2020-07-03,1800 UTC,2151.3,29.8,2020-07,2020,7,1185.8384615384616,26.337500000000002
2020-07-03,1900 UTC,2178.9,30.0,2020-07,2020,7,1185.8384615384616,26.337500000000002
2020-07-03,2000 UTC,1031.1,31.2,2020-07,2020,7,1185.8384615384616,26.337500000000002
2020-07-03,2100 UTC,877.1,29.9,2020-07,2020,7,1185.8384615384616,26.337500000000002
2020-07-03,2200 UTC,230.2,28.7,2020-07,2020,7,1185.8384615384616,26.337500000000002
2020-08-03,1000 UTC,4.0,22.7,2020-08,2020,8,1508.1,27.25
2020-08-03,1100 UTC,310.0,24.4,2020-08,2020,8,1508.1,27.25
2020-08-03,1200 UTC,1258.3,26.7,2020-08,2020,8,1508.1,27.25
2020-08-03,1300 UTC,1811.0,28.0,2020-08,2020,8,1508.1,27.25
2020-08-03,1400 UTC,2557.6,29.5,2020-08,2020,8,1508.1,27.25
2020-08-03,1500 UTC,3188.4,31.1,2020-08,2020,8,1508.1,27.25
2020-08-03,1600 UTC,2781.7,32.7,2020-08,2020,8,1508.1,27.25
2020-08-03,1700 UTC,2447.5,32.6,2020-08,2020,8,1508.1,27.25
2020-08-03,1800 UTC,1793.3,31.6,2020-08,2020,8,1508.1,27.25
2020-08-03,1900 UTC,1394.5,31.5,2020-08,2020,8,1508.1,27.25
2020-08-03,2000 UTC,1166.6,31.5,2020-08,2020,8,1508.1,27.25
2020-08-03,2100 UTC,681.2,31.0,2020-08,2020,8,1508.1,27.25
2020-08-03,2200 UTC,211.2,28.0,2020-08,2020,8,1508.1,27.25
2020-09-03,1000 UTC,1.2,22.6,2020-09,2020,9,1344.7384615384615,25.708333333333332
2020-09-03,1100 UTC,111.9,23.3,2020-09,2020,9,1344.7384615384615,25.708333333333332
2020-09-03,1200 UTC,526.5,24.4,2020-09,2020,9,1344.7384615384615,25.708333333333332
2020-09-03,1300 UTC,1055.2,25.6,2020-09,2020,9,1344.7384615384615,25.708333333333332
2020-09-03,1400 UTC,1819.3,27.3,2020-09,2020,9,1344.7384615384615,25.708333333333332
2020-09-03,1500 UTC,3048.3,29.6,2020-09,2020,9,1344.7384615384615,25.708333333333332
2020-09-03,1600 UTC,3336.7,30.9,2020-09,2020,9,1344.7384615384615,25.708333333333332
2020-09-03,1700 UTC,2334.2,30.7,2020-09,2020,9,1344.7384615384615,25.708333333333332
2020-09-03,1800 UTC,1923.9,31.2,2020-09,2020,9,1344.7384615384615,25.708333333333332
2020-09-03,1900 UTC,1268.8,30.1,2020-09,2020,9,1344.7384615384615,25.708333333333332
2020-09-03,2000 UTC,1740.3,31.6,2020-09,2020,9,1344.7384615384615,25.708333333333332
2020-09-03,2100 UTC,262.1,29.8,2020-09,2020,9,1344.7384615384615,25.708333333333332
2020-09-03,2200 UTC,53.2,23.9,2020-09,2020,9,1344.7384615384615,25.708333333333332
2020-10-03,1000 UTC,6.9,23.4,2020-10,2020,10,1441.7923076923075,26.420833333333334
2020-10-03,1100 UTC,428.9,25.0,2020-10,2020,10,1441.7923076923075,26.420833333333334
2020-10-03,1200 UTC,1178.0,27.3,2020-10,2020,10,1441.7923076923075,26.420833333333334
2020-10-03,1300 UTC,1566.9,27.7,2020-10,2020,10,1441.7923076923075,26.420833333333334
2020-10-03,1400 UTC,2429.0,29.0,2020-10,2020,10,1441.7923076923075,26.420833333333334
2020-10-03,1500 UTC,1805.9,29.4,2020-10,2020,10,1441.7923076923075,26.420833333333334
2020-10-03,1600 UTC,2788.0,30.5,2020-10,2020,10,1441.7923076923075,26.420833333333334
2020-10-03,1700 UTC,1459.4,30.7,2020-10,2020,10,1441.7923076923075,26.420833333333334
2020-10-03,1800 UTC,3003.6,31.6,2020-10,2020,10,1441.7923076923075,26.420833333333334
2020-10-03,1900 UTC,2598.1,30.5,2020-10,2020,10,1441.7923076923075,26.420833333333334
2020-10-03,2000 UTC,843.0,29.5,2020-10,2020,10,1441.7923076923075,26.420833333333334
2020-10-03,2100 UTC,536.3,27.7,2020-10,2020,10,1441.7923076923075,26.420833333333334
2020-10-03,2200 UTC,99.3,25.6,2020-10,2020,10,1441.7923076923075,26.420833333333334
2020-11-03,1100 UTC,75.1,23.5,2020-11,2020,11,1061.0083333333334,24.849999999999998
2020-11-03,1200 UTC,334.9,24.1,2020-11,2020,11,1061.0083333333334,24.849999999999998
2020-11-03,1300 UTC,1182.9,26.1,2020-11,2020,11,1061.0083333333334,24.849999999999998
2020-11-03,1400 UTC,2082.1,28.3,2020-11,2020,11,1061.0083333333334,24.849999999999998
2020-11-03,1500 UTC,2004.5,29.2,2020-11,2020,11,1061.0083333333334,24.849999999999998
2020-11-03,1600 UTC,2160.5,27.5,2020-11,2020,11,1061.0083333333334,24.849999999999998
2020-11-03,1700 UTC,1893.9,28.7,2020-11,2020,11,1061.0083333333334,24.849999999999998
2020-11-03,1800 UTC,2282.2,28.4,2020-11,2020,11,1061.0083333333334,24.849999999999998
2020-11-03,1900 UTC,527.3,26.6,2020-11,2020,11,1061.0083333333334,24.849999999999998
2020-11-03,2000 UTC,79.1,21.6,2020-11,2020,11,1061.0083333333334,24.849999999999998
2020-11-03,2100 UTC,79.0,22.3,2020-11,2020,11,1061.0083333333334,24.849999999999998
2020-11-03,2200 UTC,30.6,22.8,2020-11,2020,11,1061.0083333333334,24.849999999999998
2020-12-03,0600 UTC,0.2,22.7,2020-12,2020,12,1053.6214285714286,24.787499999999998
2020-12-03,1000 UTC,7.9,22.6,2020-12,2020,12,1053.6214285714286,24.787499999999998
2020-12-03,1100 UTC,212.7,23.3,2020-12,2020,12,1053.6214285714286,24.787499999999998
2020-12-03,1200 UTC,508.5,24.3,2020-12,2020,12,1053.6214285714286,24.787499999999998
2020-12-03,1300 UTC,886.0,25.4,2020-12,2020,12,1053.6214285714286,24.787499999999998
2020-12-03,1400 UTC,1674.0,27.2,2020-12,2020,12,1053.6214285714286,24.787499999999998
2020-12-03,1500 UTC,2352.8,28.2,2020-12,2020,12,1053.6214285714286,24.787499999999998
2020-12-03,1600 UTC,1923.7,28.7,2020-12,2020,12,1053.6214285714286,24.787499999999998
2020-12-03,1700 UTC,3728.3,30.4,2020-12,2020,12,1053.6214285714286,24.787499999999998
2020-12-03,1800 UTC,1051.0,29.4,2020-12,2020,12,1053.6214285714286,24.787499999999998
2020-12-03,1900 UTC,1696.2,31.4,2020-12,2020,12,1053.6214285714286,24.787499999999998
2020-12-03,2000 UTC,355.6,24.5,2020-12,2020,12,1053.6214285714286,24.787499999999998
2020-12-03,2100 UTC,271.5,24.9,2020-12,2020,12,1053.6214285714286,24.787499999999998
2020-12-03,2200 UTC,82.3,24.8,2020-12,2020,12,1053.6214285714286,24.787499999999998
2020-01-04,1000 UTC,0.9,23.2,2020-01,2020,1,1390.3615384615384,28.0
2020-01-04,1100 UTC,257.0,24.3,2020-01,2020,1,1390.3615384615384,28.0
2020-01-04,1200 UTC,972.9,25.2,2020-01,2020,1,1390.3615384615384,28.0
2020-01-04,1300 UTC,1088.0,26.2,2020-01,2020,1,1390.3615384615384,28.0
2020-01-04,1400 UTC,1412.9,28.9,2020-01,2020,1,1390.3615384615384,28.0
2020-01-04,1500 UTC,2717.4,31.6,2020-01,2020,1,1390.3615384615384,28.0
2020-01-04,1600 UTC,2898.1,33.4,2020-01,2020,1,1390.3615384615384,28.0
2020-01-04,1700 UTC,2780.5,32.8,2020-01,2020,1,1390.3615384615384,28.0
2020-01-04,1800 UTC,2294.6,32.8,2020-01,2020,1,1390.3615384615384,28.0
2020-01-04,1900 UTC,1729.6,31.9,2020-01,2020,1,1390.3615384615384,28.0
2020-01-04,2000 UTC,1217.5,32.3,2020-01,2020,1,1390.3615384615384,28.0
2020-01-04,2100 UTC,607.9,31.1,2020-01,2020,1,1390.3615384615384,28.0
2020-01-04,2200 UTC,97.4,29.7,2020-01,2020,1,1390.3615384615384,28.0
2020-02-04,1000 UTC,2.4,24.5,2020-02,2020,2,1349.8923076923077,28.579166666666666
2020-02-04,1100 UTC,369.3,26.0,2020-02,2020,2,1349.8923076923077,28.579166666666666
2020-02-04,1200 UTC,1064.5,28.5,2020-02,2020,2,1349.8923076923077,28.579166666666666
2020-02-04,1300 UTC,1425.8,29.5,2020-02,2020,2,1349.8923076923077,28.579166666666666
2020-02-04,1400 UTC,2298.4,31.6,2020-02,2020,2,1349.8923076923077,28.579166666666666
2020-02-04,1500 UTC,2184.8,31.6,2020-02,2020,2,1349.8923076923077,28.579166666666666
2020-02-04,1600 UTC,2871.6,32.3,2020-02,2020,2,1349.8923076923077,28.579166666666666
2020-02-04,1700 UTC,2038.8,32.7,2020-02,2020,2,1349.8923076923077,28.579166666666666
2020-02-04,1800 UTC,1594.3,32.7,2020-02,2020,2,1349.8923076923077,28.579166666666666
2020-02-04,1900 UTC,2555.3,33.8,2020-02,2020,2,1349.8923076923077,28.579166666666666
2020-02-04,2000 UTC,783.1,32.0,2020-02,2020,2,1349.8923076923077,28.579166666666666
2020-02-04,2100 UTC,284.7,31.7,2020-02,2020,2,1349.8923076923077,28.579166666666666
2020-02-04,2200 UTC,75.6,31.1,2020-02,2020,2,1349.8923076923077,28.579166666666666
2020-03-04,0400 UTC,4.1,24.1,2020-03,2020,3,1249.05,26.40416666666667
2020-03-04,0500 UTC,0.0,22.0,2020-03,2020,3,1249.05,26.40416666666667
2020-03-04,0600 UTC,0.0,23.1,2020-03,2020,3,1249.05,26.40416666666667
2020-03-04,1000 UTC,1.1,21.2,2020-03,2020,3,1249.05,26.40416666666667
2020-03-04,1100 UTC,8.2,20.9,2020-03,2020,3,1249.05,26.40416666666667
2020-03-04,1200 UTC,114.8,21.4,2020-03,2020,3,1249.05,26.40416666666667
2020-03-04,1300 UTC,676.9,22.5,2020-03,2020,3,1249.05,26.40416666666667
2020-03-04,1400 UTC,2271.1,27.1,2020-03,2020,3,1249.05,26.40416666666667
2020-03-04,1500 UTC,3199.4,29.7,2020-03,2020,3,1249.05,26.40416666666667
2020-03-04,1600 UTC,3257.8,31.0,2020-03,2020,3,1249.05,26.40416666666667
2020-03-04,1700 UTC,3144.3,31.7,2020-03,2020,3,1249.05,26.40416666666667
2020-03-04,1800 UTC,2850.8,31.5,2020-03,2020,3,1249.05,26.40416666666667
2020-03-04,1900 UTC,1921.1,31.7,2020-03,2020,3,1249.05,26.40416666666667
2020-03-04,2000 UTC,1381.7,32.0,2020-03,2020,3,1249.05,26.40416666666667
2020-03-04,2100 UTC,1050.8,30.8,2020-03,2020,3,1249.05,26.40416666666667
2020-03-04,2200 UTC,102.7,28.9,2020-03,2020,3,1249.05,26.40416666666667
2020-04-04,1000 UTC,8.3,23.4,2020-04,2020,4,1682.6923076923076,27.666666666666668
2020-04-04,1100 UTC,422.3,24.9,2020-04,2020,4,1682.6923076923076,27.666666666666668
2020-04-04,1200 UTC,1269.9,27.0,2020-04,2020,4,1682.6923076923076,27.666666666666668
2020-04-04,1300 UTC,2024.2,28.4,2020-04,2020,4,1682.6923076923076,27.666666666666668
2020-04-04,1400 UTC,2580.3,30.7,2020-04,2020,4,1682.6923076923076,27.666666666666668
2020-04-04,1500 UTC,2647.2,31.3,2020-04,2020,4,1682.6923076923076,27.666666666666668
2020-04-04,1600 UTC,3059.6,31.4,2020-04,2020,4,1682.6923076923076,27.666666666666668
2020-04-04,1700 UTC,2920.3,32.2,2020-04,2020,4,1682.6923076923076,27.666666666666668
2020-04-04,1800 UTC,2545.5,32.6,2020-04,2020,4,1682.6923076923076,27.666666666666668
2020-04-04,1900 UTC,2391.7,32.0,2020-04,2020,4,1682.6923076923076,27.666666666666668
2020-04-04,2000 UTC,1051.2,32.0,2020-04,2020,4,1682.6923076923076,27.666666666666668
2020-04-04,2100 UTC,898.1,31.5,2020-04,2020,4,1682.6923076923076,27.666666666666668
2020-04-04,2200 UTC,56.4,30.0,2020-04,2020,4,1682.6923076923076,27.666666666666668
2020-05-04,1000 UTC,6.2,23.6,2020-05,2020,5,1196.3615384615384,28.008333333333336
2020-05-04,1100 UTC,295.0,25.8,2020-05,2020,5,1196.3615384615384,28.008333333333336
2020-05-04,1200 UTC,753.7,27.3,2020-05,2020,5,1196.3615384615384,28.008333333333336
2020-05-04,1300 UTC,1825.5,30.4,2020-05,2020,5,1196.3615384615384,28.008333333333336
2020-05-04,1400 UTC,2264.8,30.2,2020-05,2020,5,1196.3615384615384,28.008333333333336
2020-05-04,1500 UTC,2619.2,32.1,2020-05,2020,5,1196.3615384615384,28.008333333333336
2020-05-04,1600 UTC,2649.5,31.9,2020-05,2020,5,1196.3615384615384,28.008333333333336
2020-05-04,1700 UTC,1998.7,31.6,2020-05,2020,5,1196.3615384615384,28.008333333333336
2020-05-04,1800 UTC,1636.6,31.9,2020-05,2020,5,1196.3615384615384,28.008333333333336
2020-05-04,1900 UTC,573.7,31.3,2020-05,2020,5,1196.3615384615384,28.008333333333336
2020-05-04,2000 UTC,396.6,31.3,2020-05,2020,5,1196.3615384615384,28.008333333333336
2020-05-04,2100 UTC,480.8,31.7,2020-05,2020,5,1196.3615384615384,28.008333333333336
2020-05-04,2200 UTC,52.4,30.4,2020-05,2020,5,1196.3615384615384,28.008333333333336
2020-06-04,1000 UTC,9.2,24.8,2020-06,2020,6,1379.8461538461538,28.2625
2020-06-04,1100 UTC,243.7,25.9,2020-06,2020,6,1379.8461538461538,28.2625
2020-06-04,1200 UTC,568.5,25.8,2020-06,2020,6,1379.8461538461538,28.2625
2020-06-04,1300 UTC,1038.1,27.8,2020-06,2020,6,1379.8461538461538,28.2625
2020-06-04,1400 UTC,2068.9,30.1,2020-06,2020,6,1379.8461538461538,28.2625
2020-06-04,1500 UTC,2034.2,30.7,2020-06,2020,6,1379.8461538461538,28.2625
2020-06-04,1600 UTC,3137.4,31.8,2020-06,2020,6,1379.8461538461538,28.2625
2020-06-04,1700 UTC,3397.6,32.6,2020-06,2020,6,1379.8461538461538,28.2625
2020-06-04,1800 UTC,2248.5,32.1,2020-06,2020,6,1379.8461538461538,28.2625
2020-06-04,1900 UTC,1576.4,31.2,2020-06,2020,6,1379.8461538461538,28.2625
2020-06-04,2000 UTC,1058.7,32.3,2020-06,2020,6,1379.8461538461538,28.2625
2020-06-04,2100 UTC,500.8,30.7,2020-06,2020,6,1379.8461538461538,28.2625
2020-06-04,2200 UTC,56.0,29.2,2020-06,2020,6,1379.8461538461538,28.2625
2020-07-04,1000 UTC,1.5,23.8,2020-07,2020,7,279.2769230769231,24.25
2020-07-04,1100 UTC,294.9,25.4,2020-07,2020,7,279.2769230769231,24.25
2020-07-04,1200 UTC,824.9,26.3,2020-07,2020,7,279.2769230769231,24.25
2020-07-04,1300 UTC,460.0,26.4,2020-07,2020,7,279.2769230769231,24.25
2020-07-04,1400 UTC,125.7,22.0,2020-07,2020,7,279.2769230769231,24.25
2020-07-04,1500 UTC,48.8,20.7,2020-07,2020,7,279.2769230769231,24.25
2020-07-04,1600 UTC,94.8,21.5,2020-07,2020,7,279.2769230769231,24.25
2020-07-04,1700 UTC,240.9,22.1,2020-07,2020,7,279.2769230769231,24.25
2020-07-04,1800 UTC,376.2,22.7,2020-07,2020,7,279.2769230769231,24.25
2020-07-04,1900 UTC,376.5,22.9,2020-07,2020,7,279.2769230769231,24.25
2020-07-04,2000 UTC,447.7,23.6,2020-07,2020,7,279.2769230769231,24.25
2020-07-04,2100 UTC,317.8,24.0,2020-07,2020,7,279.2769230769231,24.25
2020-07-04,2200 UTC,20.9,23.7,2020-07,2020,7,279.2769230769231,24.25
2020-08-04,1000 UTC,2.9,21.6,2020-08,2020,8,1537.9615384615386,25.71666666666667
2020-08-04,1100 UTC,171.3,22.4,2020-08,2020,8,1537.9615384615386,25.71666666666667
2020-08-04,1200 UTC,528.1,23.3,2020-08,2020,8,1537.9615384615386,25.71666666666667
2020-08-04,1300 UTC,1988.4,26.9,2020-08,2020,8,1537.9615384615386,25.71666666666667
2020-08-04,1400 UTC,2587.0,28.4,2020-08,2020,8,1537.9615384615386,25.71666666666667
2020-08-04,1500 UTC,3131.3,29.3,2020-08,2020,8,1537.9615384615386,25.71666666666667
2020-08-04,1600 UTC,2817.4,30.3,2020-08,2020,8,1537.9615384615386,25.71666666666667
2020-08-04,1700 UTC,2300.4,31.3,2020-08,2020,8,1537.9615384615386,25.71666666666667
2020-08-04,1800 UTC,1679.4,32.4,2020-08,2020,8,1537.9615384615386,25.71666666666667
2020-08-04,1900 UTC,1856.9,32.0,2020-08,2020,8,1537.9615384615386,25.71666666666667
2020-08-04,2000 UTC,1833.4,31.3,2020-08,2020,8,1537.9615384615386,25.71666666666667
2020-08-04,2100 UTC,973.3,30.2,2020-08,2020,8,1537.9615384615386,25.71666666666667
2020-08-04,2200 UTC,123.7,28.7,2020-08,2020,8,1537.9615384615386,25.71666666666667
2020-09-04,1000 UTC,0.2,22.9,2020-09,2020,9,1539.9769230769232,27.200000000000003
2020-09-04,1100 UTC,209.6,23.3,2020-09,2020,9,1539.9769230769232,27.200000000000003
2020-09-04,1200 UTC,1108.6,25.7,2020-09,2020,9,1539.9769230769232,27.200000000000003
2020-09-04,1300 UTC,1875.1,27.0,2020-09,2020,9,1539.9769230769232,27.200000000000003
2020-09-04,1400 UTC,2476.2,28.8,2020-09,2020,9,1539.9769230769232,27.200000000000003
2020-09-04,1500 UTC,2952.7,30.1,2020-09,2020,9,1539.9769230769232,27.200000000000003
2020-09-04,1600 UTC,2911.8,30.6,2020-09,2020,9,1539.9769230769232,27.200000000000003
2020-09-04,1700 UTC,985.9,30.8,2020-09,2020,9,1539.9769230769232,27.200000000000003
2020-09-04,1800 UTC,2538.2,32.6,2020-09,2020,9,1539.9769230769232,27.200000000000003
2020-09-04,1900 UTC,2276.9,32.2,2020-09,2020,9,1539.9769230769232,27.200000000000003
2020-09-04,2000 UTC,1696.2,32.2,2020-09,2020,9,1539.9769230769232,27.200000000000003
2020-09-04,2100 UTC,923.2,30.6,2020-09,2020,9,1539.9769230769232,27.200000000000003
2020-09-04,2200 UTC,65.1,29.0,2020-09,2020,9,1539.9769230769232,27.200000000000003
2020-10-04,1000 UTC,0.6,22.9,2020-10,2020,10,1255.3384615384616,26.40833333333333
2020-10-04,1100 UTC,207.1,23.6,2020-10,2020,10,1255.3384615384616,26.40833333333333
2020-10-04,1200 UTC,741.2,25.0,2020-10,2020,10,1255.3384615384616,26.40833333333333
2020-10-04,1300 UTC,1610.3,27.1,2020-10,2020,10,1255.3384615384616,26.40833333333333
2020-10-04,1400 UTC,2262.8,28.6,2020-10,2020,10,1255.3384615384616,26.40833333333333
2020-10-04,1500 UTC,2200.4,29.4,2020-10,2020,10,1255.3384615384616,26.40833333333333
2020-10-04,1600 UTC,2690.6,30.1,2020-10,2020,10,1255.3384615384616,26.40833333333333
2020-10-04,1700 UTC,2815.1,30.2,2020-10,2020,10,1255.3384615384616,26.40833333333333
2020-10-04,1800 UTC,2006.5,32.3,2020-10,2020,10,1255.3384615384616,26.40833333333333
2020-10-04,1900 UTC,1144.9,30.2,2020-10,2020,10,1255.3384615384616,26.40833333333333
2020-10-04,2000 UTC,381.3,29.5,2020-10,2020,10,1255.3384615384616,26.40833333333333
2020-10-04,2100 UTC,174.4,26.5,2020-10,2020,10,1255.3384615384616,26.40833333333333
2020-10-04,2200 UTC,84.2,26.3,2020-10,2020,10,1255.3384615384616,26.40833333333333
2020-11-04,0400 UTC,0.2,21.8,2020-11,2020,11,950.5214285714285,25.329166666666666
2020-11-04,1000 UTC,1.5,22.3,2020-11,2020,11,950.5214285714285,25.329166666666666
2020-11-04,1100 UTC,193.1,23.1,2020-11,2020,11,950.5214285714285,25.329166666666666
2020-11-04,1200 UTC,632.5,24.4,2020-11,2020,11,950.5214285714285,25.329166666666666
2020-11-04,1300 UTC,871.3,25.2,2020-11,2020,11,950.5214285714285,25.329166666666666
2020-11-04,1400 UTC,1620.9,27.3,2020-11,2020,11,950.5214285714285,25.329166666666666
2020-11-04,1500 UTC,2377.9,28.4,2020-11,2020,11,950.5214285714285,25.329166666666666
2020-11-04,1600 UTC,2419.0,30.4,2020-11,2020,11,950.5214285714285,25.329166666666666
2020-11-04,1700 UTC,1008.1,29.5,2020-11,2020,11,950.5214285714285,25.329166666666666
2020-11-04,1800 UTC,2001.0,29.6,2020-11,2020,11,950.5214285714285,25.329166666666666
2020-11-04,1900 UTC,1409.4,29.4,2020-11,2020,11,950.5214285714285,25.329166666666666
2020-11-04,2000 UTC,472.9,28.2,2020-11,2020,11,950.5214285714285,25.329166666666666
2020-11-04,2100 UTC,268.6,26.2,2020-11,2020,11,950.5214285714285,25.329166666666666
2020-11-04,2200 UTC,30.9,25.8,2020-11,2020,11,950.5214285714285,25.329166666666666
2020-12-04,1100 UTC,136.3,22.8,2020-12,2020,12,772.9583333333334,24.900000000000002
2020-12-04,1200 UTC,226.4,23.1,2020-12,2020,12,772.9583333333334,24.900000000000002
2020-12-04,1300 UTC,960.2,26.4,2020-12,2020,12,772.9583333333334,24.900000000000002
2020-12-04,1400 UTC,2217.3,28.5,2020-12,2020,12,772.9583333333334,24.900000000000002
2020-12-04,1500 UTC,1002.7,26.2,2020-12,2020,12,772.9583333333334,24.900000000000002
2020-12-04,1600 UTC,724.2,25.4,2020-12,2020,12,772.9583333333334,24.900000000000002
2020-12-04,1700 UTC,702.4,25.5,2020-12,2020,12,772.9583333333334,24.900000000000002
2020-12-04,1800 UTC,639.7,25.6,2020-12,2020,12,772.9583333333334,24.900000000000002
2020-12-04,1900 UTC,952.0,26.6,2020-12,2020,12,772.9583333333334,24.900000000000002
2020-12-04,2000 UTC,1110.8,26.6,2020-12,2020,12,772.9583333333334,24.900000000000002
2020-12-04,2100 UTC,568.3,26.7,2020-12,2020,12,772.9583333333334,24.900000000000002
2020-12-04,2200 UTC,35.2,25.3,2020-12,2020,12,772.9583333333334,24.900000000000002
2020-01-05,1000 UTC,2.4,20.0,2020-01,2020,1,1546.6923076923076,26.275000000000002
2020-01-05,1100 UTC,384.9,22.5,2020-01,2020,1,1546.6923076923076,26.275000000000002
2020-01-05,1200 UTC,1186.8,24.8,2020-01,2020,1,1546.6923076923076,26.275000000000002
2020-01-05,1300 UTC,1931.2,27.8,2020-01,2020,1,1546.6923076923076,26.275000000000002
2020-01-05,1400 UTC,2473.9,30.0,2020-01,2020,1,1546.6923076923076,26.275000000000002
2020-01-05,1500 UTC,2874.1,30.9,2020-01,2020,1,1546.6923076923076,26.275000000000002
2020-01-05,1600 UTC,2773.0,31.2,2020-01,2020,1,1546.6923076923076,26.275000000000002
2020-01-05,1700 UTC,2803.4,31.8,2020-01,2020,1,1546.6923076923076,26.275000000000002
2020-01-05,1800 UTC,2585.0,31.4,2020-01,2020,1,1546.6923076923076,26.275000000000002
2020-01-05,1900 UTC,1668.3,31.0,2020-01,2020,1,1546.6923076923076,26.275000000000002
2020-01-05,2000 UTC,814.5,30.4,2020-01,2020,1,1546.6923076923076,26.275000000000002
2020-01-05,2100 UTC,581.6,29.6,2020-01,2020,1,1546.6923076923076,26.275000000000002
2020-01-05,2200 UTC,27.9,28.5,2020-01,2020,1,1546.6923076923076,26.275000000000002
2020-02-05,1000 UTC,1.5,20.5,2020-02,2020,2,1657.6230769230767,26.4875
2020-02-05,1100 UTC,374.3,22.9,2020-02,2020,2,1657.6230769230767,26.4875
2020-02-05,1200 UTC,1178.4,25.1,2020-02,2020,2,1657.6230769230767,26.4875
2020-02-05,1300 UTC,1922.0,28.3,2020-02,2020,2,1657.6230769230767,26.4875
2020-02-05,1400 UTC,2463.3,30.2,2020-02,2020,2,1657.6230769230767,26.4875
2020-02-05,1500 UTC,2818.2,31.0,2020-02,2020,2,1657.6230769230767,26.4875
2020-02-05,1600 UTC,2972.4,31.7,2020-02,2020,2,1657.6230769230767,26.4875
2020-02-05,1700 UTC,2889.4,31.8,2020-02,2020,2,1657.6230769230767,26.4875
2020-02-05,1800 UTC,2652.8,31.9,2020-02,2020,2,1657.6230769230767,26.4875
2020-02-05,1900 UTC,2174.4,32.2,2020-02,2020,2,1657.6230769230767,26.4875
2020-02-05,2000 UTC,1477.3,31.2,2020-02,2020,2,1657.6230769230767,26.4875
2020-02-05,2100 UTC,606.9,29.9,2020-02,2020,2,1657.6230769230767,26.4875
2020-02-05,2200 UTC,18.2,28.8,2020-02,2020,2,1657.6230769230767,26.4875
2020-03-05,1000 UTC,0.8,20.9,2020-03,2020,3,1461.9846153846154,25.879166666666666
2020-03-05,1100 UTC,369.3,22.5,2020-03,2020,3,1461.9846153846154,25.879166666666666
2020-03-05,1200 UTC,1149.8,24.8,2020-03,2020,3,1461.9846153846154,25.879166666666666
2020-03-05,1300 UTC,1668.1,27.5,2020-03,2020,3,1461.9846153846154,25.879166666666666
2020-03-05,1400 UTC,2200.0,30.5,2020-03,2020,3,1461.9846153846154,25.879166666666666
2020-03-05,1500 UTC,2605.1,30.6,2020-03,2020,3,1461.9846153846154,25.879166666666666
2020-03-05,1600 UTC,2760.7,31.4,2020-03,2020,3,1461.9846153846154,25.879166666666666
2020-03-05,1700 UTC,2532.9,31.5,2020-03,2020,3,1461.9846153846154,25.879166666666666
2020-03-05,1800 UTC,2229.8,31.3,2020-03,2020,3,1461.9846153846154,25.879166666666666
2020-03-05,1900 UTC,1920.0,30.9,2020-03,2020,3,1461.9846153846154,25.879166666666666
2020-03-05,2000 UTC,1192.0,30.7,2020-03,2020,3,1461.9846153846154,25.879166666666666
2020-03-05,2100 UTC,352.3,29.0,2020-03,2020,3,1461.9846153846154,25.879166666666666
2020-03-05,2200 UTC,25.0,27.6,2020-03,2020,3,1461.9846153846154,25.879166666666666
2020-04-05,1000 UTC,1.2,19.7,2020-04,2020,4,1434.8307692307692,26.370833333333334
2020-04-05,1100 UTC,252.4,23.3,2020-04,2020,4,1434.8307692307692,26.370833333333334
2020-04-05,1200 UTC,1157.7,25.9,2020-04,2020,4,1434.8307692307692,26.370833333333334
2020-04-05,1300 UTC,1897.8,27.4,2020-04,2020,4,1434.8307692307692,26.370833333333334
2020-04-05,1400 UTC,2431.1,29.2,2020-04,2020,4,1434.8307692307692,26.370833333333334
2020-04-05,1500 UTC,2768.5,30.8,2020-04,2020,4,1434.8307692307692,26.370833333333334
2020-04-05,1600 UTC,2573.2,31.3,2020-04,2020,4,1434.8307692307692,26.370833333333334
2020-04-05,1700 UTC,2821.5,31.6,2020-04,2020,4,1434.8307692307692,26.370833333333334
2020-04-05,1800 UTC,2443.9,31.9,2020-04,2020,4,1434.8307692307692,26.370833333333334
2020-04-05,1900 UTC,957.3,31.0,2020-04,2020,4,1434.8307692307692,26.370833333333334
2020-04-05,2000 UTC,770.8,31.1,2020-04,2020,4,1434.8307692307692,26.370833333333334
2020-04-05,2100 UTC,529.9,30.4,2020-04,2020,4,1434.8307692307692,26.370833333333334
2020-04-05,2200 UTC,47.5,28.3,2020-04,2020,4,1434.8307692307692,26.370833333333334
2020-05-05,1000 UTC,1.3,21.7,2020-05,2020,5,1163.1307692307691,26.7375
2020-05-05,1100 UTC,336.9,24.4,2020-05,2020,5,1163.1307692307691,26.7375
2020-05-05,1200 UTC,1106.3,27.0,2020-05,2020,5,1163.1307692307691,26.7375
2020-05-05,1300 UTC,2065.2,29.7,2020-05,2020,5,1163.1307692307691,26.7375
2020-05-05,1400 UTC,1811.6,30.4,2020-05,2020,5,1163.1307692307691,26.7375
2020-05-05,1500 UTC,2326.7,31.1,2020-05,2020,5,1163.1307692307691,26.7375
2020-05-05,1600 UTC,2227.1,31.8,2020-05,2020,5,1163.1307692307691,26.7375
2020-05-05,1700 UTC,1300.7,30.6,2020-05,2020,5,1163.1307692307691,26.7375
2020-05-05,1800 UTC,1299.5,31.4,2020-05,2020,5,1163.1307692307691,26.7375
2020-05-05,1900 UTC,1599.3,30.9,2020-05,2020,5,1163.1307692307691,26.7375
2020-05-05,2000 UTC,692.4,30.2,2020-05,2020,5,1163.1307692307691,26.7375
2020-05-05,2100 UTC,335.9,29.2,2020-05,2020,5,1163.1307692307691,26.7375
2020-05-05,2200 UTC,17.8,28.8,2020-05,2020,5,1163.1307692307691,26.7375
2020-06-05,1100 UTC,157.0,24.4,2020-06,2020,6,1124.9454545454546,26.295833333333334
2020-06-05,1200 UTC,972.1,27.0,2020-06,2020,6,1124.9454545454546,26.295833333333334
2020-06-05,1300 UTC,1198.8,29.0,2020-06,2020,6,1124.9454545454546,26.295833333333334
2020-06-05,1400 UTC,803.9,28.9,2020-06,2020,6,1124.9454545454546,26.295833333333334
2020-06-05,1500 UTC,1392.7,30.4,2020-06,2020,6,1124.9454545454546,26.295833333333334
2020-06-05,1600 UTC,1820.8,30.7,2020-06,2020,6,1124.9454545454546,26.295833333333334
2020-06-05,1700 UTC,2544.2,32.2,2020-06,2020,6,1124.9454545454546,26.295833333333334
2020-06-05,1800 UTC,2479.0,32.3,2020-06,2020,6,1124.9454545454546,26.295833333333334
2020-06-05,1900 UTC,806.5,29.5,2020-06,2020,6,1124.9454545454546,26.295833333333334
2020-06-05,2000 UTC,133.7,25.4,2020-06,2020,6,1124.9454545454546,26.295833333333334
2020-06-05,2100 UTC,65.7,24.3,2020-06,2020,6,1124.9454545454546,26.295833333333334
2020-07-05,1000 UTC,1.3,21.1,2020-07,2020,7,479.1,21.858333333333334
2020-07-05,1100 UTC,135.3,21.4,2020-07,2020,7,479.1,21.858333333333334
2020-07-05,1200 UTC,506.6,22.3,2020-07,2020,7,479.1,21.858333333333334
2020-07-05,1300 UTC,431.4,22.0,2020-07,2020,7,479.1,21.858333333333334
2020-07-05,1400 UTC,670.3,22.5,2020-07,2020,7,479.1,21.858333333333334
2020-07-05,1500 UTC,918.2,23.2,2020-07,2020,7,479.1,21.858333333333334
2020-07-05,1600 UTC,857.6,23.6,2020-07,2020,7,479.1,21.858333333333334
2020-07-05,1700 UTC,740.2,23.4,2020-07,2020,7,479.1,21.858333333333334
2020-07-05,1800 UTC,879.9,24.0,2020-07,2020,7,479.1,21.858333333333334
2020-07-05,1900 UTC,441.1,23.1,2020-07,2020,7,479.1,21.858333333333334
2020-07-05,2000 UTC,351.4,23.0,2020-07,2020,7,479.1,21.858333333333334
2020-07-05,2100 UTC,278.3,22.1,2020-07,2020,7,479.1,21.858333333333334
2020-07-05,2200 UTC,16.7,21.4,2020-07,2020,7,479.1,21.858333333333334
2020-08-05,1100 UTC,106.7,18.3,2020-08,2020,8,1515.2083333333333,22.145833333333332
2020-08-05,1200 UTC,562.5,19.7,2020-08,2020,8,1515.2083333333333,22.145833333333332
2020-08-05,1300 UTC,1216.1,21.4,2020-08,2020,8,1515.2083333333333,22.145833333333332
2020-08-05,1400 UTC,2111.6,23.7,2020-08,2020,8,1515.2083333333333,22.145833333333332
2020-08-05,1500 UTC,2697.0,25.2,2020-08,2020,8,1515.2083333333333,22.145833333333332
2020-08-05,1600 UTC,2904.0,27.2,2020-08,2020,8,1515.2083333333333,22.145833333333332
2020-08-05,1700 UTC,2734.0,28.2,2020-08,2020,8,1515.2083333333333,22.145833333333332
2020-08-05,1800 UTC,2377.8,28.5,2020-08,2020,8,1515.2083333333333,22.145833333333332
2020-08-05,1900 UTC,1987.5,28.5,2020-08,2020,8,1515.2083333333333,22.145833333333332
2020-08-05,2000 UTC,1071.8,28.8,2020-08,2020,8,1515.2083333333333,22.145833333333332
2020-08-05,2100 UTC,392.8,27.6,2020-08,2020,8,1515.2083333333333,22.145833333333332
2020-08-05,2200 UTC,20.7,26.6,2020-08,2020,8,1515.2083333333333,22.145833333333332
2020-09-05,1000 UTC,0.1,19.1,2020-09,2020,9,1340.4461538461537,24.254166666666666
2020-09-05,1100 UTC,246.2,20.1,2020-09,2020,9,1340.4461538461537,24.254166666666666
2020-09-05,1200 UTC,814.6,22.1,2020-09,2020,9,1340.4461538461537,24.254166666666666
2020-09-05,1300 UTC,1358.6,23.4,2020-09,2020,9,1340.4461538461537,24.254166666666666
2020-09-05,1400 UTC,2043.7,26.8,2020-09,2020,9,1340.4461538461537,24.254166666666666
2020-09-05,1500 UTC,2561.4,28.3,2020-09,2020,9,1340.4461538461537,24.254166666666666
2020-09-05,1600 UTC,2525.5,29.0,2020-09,2020,9,1340.4461538461537,24.254166666666666
2020-09-05,1700 UTC,2527.1,29.6,2020-09,2020,9,1340.4461538461537,24.254166666666666
2020-09-05,1800 UTC,2197.4,29.3,2020-09,2020,9,1340.4461538461537,24.254166666666666
2020-09-05,1900 UTC,1906.0,29.7,2020-09,2020,9,1340.4461538461537,24.254166666666666
2020-09-05,2000 UTC,885.5,28.8,2020-09,2020,9,1340.4461538461537,24.254166666666666
2020-09-05,2100 UTC,340.5,28.0,2020-09,2020,9,1340.4461538461537,24.254166666666666
2020-09-05,2200 UTC,19.2,27.2,2020-09,2020,9,1340.4461538461537,24.254166666666666
2020-10-05,1100 UTC,326.3,23.0,2020-10,2020,10,1409.4416666666666,25.695833333333336
2020-10-05,1200 UTC,1072.6,25.7,2020-10,2020,10,1409.4416666666666,25.695833333333336
2020-10-05,1300 UTC,1773.8,27.1,2020-10,2020,10,1409.4416666666666,25.695833333333336
2020-10-05,1400 UTC,1994.8,28.4,2020-10,2020,10,1409.4416666666666,25.695833333333336
2020-10-05,1500 UTC,2192.5,28.9,2020-10,2020,10,1409.4416666666666,25.695833333333336
2020-10-05,1600 UTC,1873.0,29.7,2020-10,2020,10,1409.4416666666666,25.695833333333336
2020-10-05,1700 UTC,2112.3,29.8,2020-10,2020,10,1409.4416666666666,25.695833333333336
2020-10-05,1800 UTC,1953.2,31.0,2020-10,2020,10,1409.4416666666666,25.695833333333336
2020-10-05,1900 UTC,1829.4,31.0,2020-10,2020,10,1409.4416666666666,25.695833333333336
2020-10-05,2000 UTC,1321.8,29.8,2020-10,2020,10,1409.4416666666666,25.695833333333336
2020-10-05,2100 UTC,445.7,28.6,2020-10,2020,10,1409.4416666666666,25.695833333333336
2020-10-05,2200 UTC,17.9,27.7,2020-10,2020,10,1409.4416666666666,25.695833333333336
2020-11-05,1000 UTC,1.4,21.4,2020-11,2020,11,1273.8153846153846,25.7375
2020-11-05,1100 UTC,305.4,23.2,2020-11,2020,11,1273.8153846153846,25.7375
2020-11-05,1200 UTC,1060.5,25.3,2020-11,2020,11,1273.8153846153846,25.7375
2020-11-05,1300 UTC,1676.2,27.2,2020-11,2020,11,1273.8153846153846,25.7375
2020-11-05,1400 UTC,1872.6,29.0,2020-11,2020,11,1273.8153846153846,25.7375
2020-11-05,1500 UTC,2513.3,29.9,2020-11,2020,11,1273.8153846153846,25.7375
2020-11-05,1600 UTC,2323.6,29.7,2020-11,2020,11,1273.8153846153846,25.7375
2020-11-05,1700 UTC,2332.9,30.8,2020-11,2020,11,1273.8153846153846,25.7375
2020-11-05,1800 UTC,1720.5,30.2,2020-11,2020,11,1273.8153846153846,25.7375
2020-11-05,1900 UTC,1599.9,29.7,2020-11,2020,11,1273.8153846153846,25.7375
2020-11-05,2000 UTC,929.7,29.2,2020-11,2020,11,1273.8153846153846,25.7375
2020-11-05,2100 UTC,213.4,26.4,2020-11,2020,11,1273.8153846153846,25.7375
2020-11-05,2200 UTC,10.2,25.8,2020-11,2020,11,1273.8153846153846,25.7375
2020-12-05,1000 UTC,0.0,22.6,2020-12,2020,12,1324.2692307692307,26.445833333333336
2020-12-05,1100 UTC,156.7,23.2,2020-12,2020,12,1324.2692307692307,26.445833333333336
2020-12-05,1200 UTC,680.1,25.3,2020-12,2020,12,1324.2692307692307,26.445833333333336
2020-12-05,1300 UTC,1517.7,27.8,2020-12,2020,12,1324.2692307692307,26.445833333333336
2020-12-05,1400 UTC,2311.4,29.1,2020-12,2020,12,1324.2692307692307,26.445833333333336
2020-12-05,1500 UTC,2567.8,29.8,2020-12,2020,12,1324.2692307692307,26.445833333333336
2020-12-05,1600 UTC,2436.1,30.0,2020-12,2020,12,1324.2692307692307,26.445833333333336
2020-12-05,1700 UTC,2225.2,31.8,2020-12,2020,12,1324.2692307692307,26.445833333333336
2020-12-05,1800 UTC,1865.6,30.1,2020-12,2020,12,1324.2692307692307,26.445833333333336
2020-12-05,1900 UTC,1538.1,31.2,2020-12,2020,12,1324.2692307692307,26.445833333333336
2020-12-05,2000 UTC,1421.4,31.1,2020-12,2020,12,1324.2692307692307,26.445833333333336
2020-12-05,2100 UTC,478.4,29.4,2020-12,2020,12,1324.2692307692307,26.445833333333336
2020-12-05,2200 UTC,17.0,28.0,2020-12,2020,12,1324.2692307692307,26.445833333333336
2020-01-06,1100 UTC,276.8,20.5,2020-01,2020,1,1581.5,25.166666666666668
2020-01-06,1200 UTC,1005.1,23.2,2020-01,2020,1,1581.5,25.166666666666668
2020-01-06,1300 UTC,1680.2,26.9,2020-01,2020,1,1581.5,25.166666666666668
2020-01-06,1400 UTC,2195.3,28.6,2020-01,2020,1,1581.5,25.166666666666668
2020-01-06,1500 UTC,2546.2,30.3,2020-01,2020,1,1581.5,25.166666666666668
2020-01-06,1600 UTC,2671.5,30.8,2020-01,2020,1,1581.5,25.166666666666668
2020-01-06,1700 UTC,2596.3,31.9,2020-01,2020,1,1581.5,25.166666666666668
2020-01-06,1800 UTC,2378.4,31.8,2020-01,2020,1,1581.5,25.166666666666668
2020-01-06,1900 UTC,1906.9,31.8,2020-01,2020,1,1581.5,25.166666666666668
2020-01-06,2000 UTC,1232.0,31.0,2020-01,2020,1,1581.5,25.166666666666668
2020-01-06,2100 UTC,477.9,29.3,2020-01,2020,1,1581.5,25.166666666666668
2020-01-06,2200 UTC,11.4,26.8,2020-01,2020,1,1581.5,25.166666666666668
2020-02-06,1100 UTC,274.8,20.7,2020-02,2020,2,1552.2,25.287499999999998
2020-02-06,1200 UTC,981.3,23.5,2020-02,2020,2,1552.2,25.287499999999998
2020-02-06,1300 UTC,1656.3,26.8,2020-02,2020,2,1552.2,25.287499999999998
2020-02-06,1400 UTC,2167.5,30.1,2020-02,2020,2,1552.2,25.287499999999998
2020-02-06,1500 UTC,2475.9,30.6,2020-02,2020,2,1552.2,25.287499999999998
2020-02-06,1600 UTC,2614.3,32.2,2020-02,2020,2,1552.2,25.287499999999998
2020-02-06,1700 UTC,2561.6,31.8,2020-02,2020,2,1552.2,25.287499999999998
2020-02-06,1800 UTC,2336.8,32.0,2020-02,2020,2,1552.2,25.287499999999998
2020-02-06,1900 UTC,1876.4,31.9,2020-02,2020,2,1552.2,25.287499999999998
2020-02-06,2000 UTC,1207.8,31.4,2020-02,2020,2,1552.2,25.287499999999998
2020-02-06,2100 UTC,461.4,29.8,2020-02,2020,2,1552.2,25.287499999999998
2020-02-06,2200 UTC,12.3,27.8,2020-02,2020,2,1552.2,25.287499999999998
2020-03-06,1100 UTC,316.9,19.4,2020-03,2020,3,1440.875,24.629166666666666
2020-03-06,1200 UTC,671.7,21.1,2020-03,2020,3,1440.875,24.629166666666666
2020-03-06,1300 UTC,1330.5,24.2,2020-03,2020,3,1440.875,24.629166666666666
2020-03-06,1400 UTC,2043.7,28.3,2020-03,2020,3,1440.875,24.629166666666666
2020-03-06,1500 UTC,2466.3,29.7,2020-03,2020,3,1440.875,24.629166666666666
2020-03-06,1600 UTC,2518.1,30.9,2020-03,2020,3,1440.875,24.629166666666666
2020-03-06,1700 UTC,2545.8,31.6,2020-03,2020,3,1440.875,24.629166666666666
2020-03-06,1800 UTC,2509.3,31.7,2020-03,2020,3,1440.875,24.629166666666666
2020-03-06,1900 UTC,1635.4,31.3,2020-03,2020,3,1440.875,24.629166666666666
2020-03-06,2000 UTC,805.5,30.6,2020-03,2020,3,1440.875,24.629166666666666
2020-03-06,2100 UTC,429.4,29.3,2020-03,2020,3,1440.875,24.629166666666666
2020-03-06,2200 UTC,17.9,27.9,2020-03,2020,3,1440.875,24.629166666666666
2020-04-06,1100 UTC,260.6,22.5,2020-04,2020,4,1436.2666666666667,26.625
2020-04-06,1200 UTC,959.0,25.7,2020-04,2020,4,1436.2666666666667,26.625
2020-04-06,1300 UTC,1620.3,28.7,2020-04,2020,4,1436.2666666666667,26.625
2020-04-06,1400 UTC,2109.6,31.3,2020-04,2020,4,1436.2666666666667,26.625
2020-04-06,1500 UTC,2444.1,31.2,2020-04,2020,4,1436.2666666666667,26.625
2020-04-06,1600 UTC,2402.8,31.1,2020-04,2020,4,1436.2666666666667,26.625
2020-04-06,1700 UTC,1935.2,32.8,2020-04,2020,4,1436.2666666666667,26.625
2020-04-06,1800 UTC,2033.6,32.1,2020-04,2020,4,1436.2666666666667,26.625
2020-04-06,1900 UTC,1714.9,33.1,2020-04,2020,4,1436.2666666666667,26.625
2020-04-06,2000 UTC,1311.0,32.2,2020-04,2020,4,1436.2666666666667,26.625
2020-04-06,2100 UTC,433.4,30.8,2020-04,2020,4,1436.2666666666667,26.625
2020-04-06,2200 UTC,10.7,29.2,2020-04,2020,4,1436.2666666666667,26.625
2020-05-06,1100 UTC,256.1,23.1,2020-05,2020,5,1448.3333333333333,27.5125
2020-05-06,1200 UTC,938.7,26.6,2020-05,2020,5,1448.3333333333333,27.5125
2020-05-06,1300 UTC,1598.8,29.2,2020-05,2020,5,1448.3333333333333,27.5125
2020-05-06,1400 UTC,2103.4,31.5,2020-05,2020,5,1448.3333333333333,27.5125
2020-05-06,1500 UTC,2425.6,32.8,2020-05,2020,5,1448.3333333333333,27.5125
2020-05-06,1600 UTC,2136.5,32.0,2020-05,2020,5,1448.3333333333333,27.5125
2020-05-06,1700 UTC,2256.9,32.9,2020-05,2020,5,1448.3333333333333,27.5125
2020-05-06,1800 UTC,2175.3,33.4,2020-05,2020,5,1448.3333333333333,27.5125
2020-05-06,1900 UTC,1815.9,34.4,2020-05,2020,5,1448.3333333333333,27.5125
2020-05-06,2000 UTC,1198.4,33.1,2020-05,2020,5,1448.3333333333333,27.5125
2020-05-06,2100 UTC,458.5,31.5,2020-05,2020,5,1448.3333333333333,27.5125
2020-05-06,2200 UTC,15.9,29.7,2020-05,2020,5,1448.3333333333333,27.5125
2020-06-06,1100 UTC,242.6,23.5,2020-06,2020,6,1283.4916666666666,27.53333333333333
2020-06-06,1200 UTC,926.3,26.2,2020-06,2020,6,1283.4916666666666,27.53333333333333
2020-06-06,1300 UTC,1587.9,28.7,2020-06,2020,6,1283.4916666666666,27.53333333333333
2020-06-06,1400 UTC,2085.9,31.4,2020-06,2020,6,1283.4916666666666,27.53333333333333
2020-06-06,1500 UTC,1889.9,31.9,2020-06,2020,6,1283.4916666666666,27.53333333333333
2020-06-06,1600 UTC,1482.7,31.8,2020-06,2020,6,1283.4916666666666,27.53333333333333
2020-06-06,1700 UTC,2323.0,33.5,2020-06,2020,6,1283.4916666666666,27.53333333333333
2020-06-06,1800 UTC,1905.6,32.7,2020-06,2020,6,1283.4916666666666,27.53333333333333
2020-06-06,1900 UTC,1210.4,33.4,2020-06,2020,6,1283.4916666666666,27.53333333333333
2020-06-06,2000 UTC,1258.5,32.8,2020-06,2020,6,1283.4916666666666,27.53333333333333
2020-06-06,2100 UTC,478.9,31.5,2020-06,2020,6,1283.4916666666666,27.53333333333333
2020-06-06,2200 UTC,10.2,29.3,2020-06,2020,6,1283.4916666666666,27.53333333333333
2020-07-06,1100 UTC,260.5,22.1,2020-07,2020,7,1427.1000000000001,26.84166666666667
2020-07-06,1200 UTC,950.9,24.5,2020-07,2020,7,1427.1000000000001,26.84166666666667
2020-07-06,1300 UTC,1592.8,28.6,2020-07,2020,7,1427.1000000000001,26.84166666666667
2020-07-06,1400 UTC,2079.0,30.4,2020-07,2020,7,1427.1000000000001,26.84166666666667
2020-07-06,1500 UTC,2429.3,31.4,2020-07,2020,7,1427.1000000000001,26.84166666666667
2020-07-06,1600 UTC,2279.9,32.4,2020-07,2020,7,1427.1000000000001,26.84166666666667
2020-07-06,1700 UTC,2431.3,32.3,2020-07,2020,7,1427.1000000000001,26.84166666666667
2020-07-06,1800 UTC,1591.3,33.2,2020-07,2020,7,1427.1000000000001,26.84166666666667
2020-07-06,1900 UTC,1755.0,33.1,2020-07,2020,7,1427.1000000000001,26.84166666666667
2020-07-06,2000 UTC,1261.3,32.0,2020-07,2020,7,1427.1000000000001,26.84166666666667
2020-07-06,2100 UTC,479.3,30.7,2020-07,2020,7,1427.1000000000001,26.84166666666667
2020-07-06,2200 UTC,14.6,28.9,2020-07,2020,7,1427.1000000000001,26.84166666666667
2020-08-06,1100 UTC,243.7,23.7,2020-08,2020,8,1277.2833333333333,26.8875
2020-08-06,1200 UTC,927.6,25.6,2020-08,2020,8,1277.2833333333333,26.8875
2020-08-06,1300 UTC,1546.8,29.6,2020-08,2020,8,1277.2833333333333,26.8875
2020-08-06,1400 UTC,2126.4,30.6,2020-08,2020,8,1277.2833333333333,26.8875
2020-08-06,1500 UTC,2113.9,30.5,2020-08,2020,8,1277.2833333333333,26.8875
2020-08-06,1600 UTC,1791.9,30.5,2020-08,2020,8,1277.2833333333333,26.8875
2020-08-06,1700 UTC,939.5,31.5,2020-08,2020,8,1277.2833333333333,26.8875
2020-08-06,1800 UTC,1801.8,32.4,2020-08,2020,8,1277.2833333333333,26.8875
2020-08-06,1900 UTC,2063.3,32.8,2020-08,2020,8,1277.2833333333333,26.8875
2020-08-06,2000 UTC,1265.1,32.5,2020-08,2020,8,1277.2833333333333,26.8875
2020-08-06,2100 UTC,491.7,30.6,2020-08,2020,8,1277.2833333333333,26.8875
2020-08-06,2200 UTC,15.7,29.1,2020-08,2020,8,1277.2833333333333,26.8875
2020-09-06,1100 UTC,244.8,24.1,2020-09,2020,9,1443.2416666666666,26.883333333333336
2020-09-06,1200 UTC,929.1,25.0,2020-09,2020,9,1443.2416666666666,26.883333333333336
2020-09-06,1300 UTC,1599.3,27.9,2020-09,2020,9,1443.2416666666666,26.883333333333336
2020-09-06,1400 UTC,2105.4,30.8,2020-09,2020,9,1443.2416666666666,26.883333333333336
2020-09-06,1500 UTC,2460.6,31.7,2020-09,2020,9,1443.2416666666666,26.883333333333336
2020-09-06,1600 UTC,2329.2,32.8,2020-09,2020,9,1443.2416666666666,26.883333333333336
2020-09-06,1700 UTC,2646.6,32.8,2020-09,2020,9,1443.2416666666666,26.883333333333336
2020-09-06,1800 UTC,1538.9,33.1,2020-09,2020,9,1443.2416666666666,26.883333333333336
2020-09-06,1900 UTC,1782.1,33.1,2020-09,2020,9,1443.2416666666666,26.883333333333336
2020-09-06,2000 UTC,1148.3,32.3,2020-09,2020,9,1443.2416666666666,26.883333333333336
2020-09-06,2100 UTC,505.8,30.8,2020-09,2020,9,1443.2416666666666,26.883333333333336
2020-09-06,2200 UTC,28.8,28.5,2020-09,2020,9,1443.2416666666666,26.883333333333336
2020-10-06,1100 UTC,242.9,22.4,2020-10,2020,10,1472.9416666666666,26.508333333333336
2020-10-06,1200 UTC,918.4,25.1,2020-10,2020,10,1472.9416666666666,26.508333333333336
2020-10-06,1300 UTC,1597.5,28.5,2020-10,2020,10,1472.9416666666666,26.508333333333336
2020-10-06,1400 UTC,2106.5,30.3,2020-10,2020,10,1472.9416666666666,26.508333333333336
2020-10-06,1500 UTC,1900.9,31.2,2020-10,2020,10,1472.9416666666666,26.508333333333336
2020-10-06,1600 UTC,2547.2,32.2,2020-10,2020,10,1472.9416666666666,26.508333333333336
2020-10-06,1700 UTC,2441.0,32.5,2020-10,2020,10,1472.9416666666666,26.508333333333336
2020-10-06,1800 UTC,2293.9,33.0,2020-10,2020,10,1472.9416666666666,26.508333333333336
2020-10-06,1900 UTC,1888.2,32.4,2020-10,2020,10,1472.9416666666666,26.508333333333336
2020-10-06,2000 UTC,1235.9,32.2,2020-10,2020,10,1472.9416666666666,26.508333333333336
2020-10-06,2100 UTC,487.2,30.3,2020-10,2020,10,1472.9416666666666,26.508333333333336
2020-10-06,2200 UTC,15.7,28.4,2020-10,2020,10,1472.9416666666666,26.508333333333336
2020-11-06,1100 UTC,244.2,22.8,2020-11,2020,11,1511.1833333333334,26.325
2020-11-06,1200 UTC,938.1,24.7,2020-11,2020,11,1511.1833333333334,26.325
2020-11-06,1300 UTC,1608.3,28.3,2020-11,2020,11,1511.1833333333334,26.325
2020-11-06,1400 UTC,2118.9,30.7,2020-11,2020,11,1511.1833333333334,26.325
2020-11-06,1500 UTC,2303.1,31.2,2020-11,2020,11,1511.1833333333334,26.325
2020-11-06,1600 UTC,2242.5,32.7,2020-11,2020,11,1511.1833333333334,26.325
2020-11-06,1700 UTC,2178.6,32.7,2020-11,2020,11,1511.1833333333334,26.325
2020-11-06,1800 UTC,2565.9,32.8,2020-11,2020,11,1511.1833333333334,26.325
2020-11-06,1900 UTC,2138.9,32.6,2020-11,2020,11,1511.1833333333334,26.325
2020-11-06,2000 UTC,1291.8,31.8,2020-11,2020,11,1511.1833333333334,26.325
2020-11-06,2100 UTC,487.7,30.3,2020-11,2020,11,1511.1833333333334,26.325
2020-11-06,2200 UTC,16.2,28.4,2020-11,2020,11,1511.1833333333334,26.325
2020-12-06,1100 UTC,227.3,22.1,2020-12,2020,12,1484.6499999999999,26.2375
2020-12-06,1200 UTC,888.5,24.3,2020-12,2020,12,1484.6499999999999,26.2375
2020-12-06,1300 UTC,1560.8,28.7,2020-12,2020,12,1484.6499999999999,26.2375
2020-12-06,1400 UTC,2088.7,30.3,2020-12,2020,12,1484.6499999999999,26.2375
2020-12-06,1500 UTC,2364.5,31.4,2020-12,2020,12,1484.6499999999999,26.2375
2020-12-06,1600 UTC,2502.2,31.9,2020-12,2020,12,1484.6499999999999,26.2375
2020-12-06,1700 UTC,2565.1,33.3,2020-12,2020,12,1484.6499999999999,26.2375
2020-12-06,1800 UTC,2213.3,33.4,2020-12,2020,12,1484.6499999999999,26.2375
2020-12-06,1900 UTC,1927.9,32.8,2020-12,2020,12,1484.6499999999999,26.2375
2020-12-06,2000 UTC,1167.7,32.1,2020-12,2020,12,1484.6499999999999,26.2375
2020-12-06,2100 UTC,296.2,30.7,2020-12,2020,12,1484.6499999999999,26.2375
2020-12-06,2200 UTC,13.6,29.2,2020-12,2020,12,1484.6499999999999,26.2375
2020-01-07,1100 UTC,255.6,23.7,2020-01,2020,1,1267.0416666666667,25.983333333333334
2020-01-07,1200 UTC,820.0,25.6,2020-01,2020,1,1267.0416666666667,25.983333333333334
2020-01-07,1300 UTC,1401.7,28.8,2020-01,2020,1,1267.0416666666667,25.983333333333334
2020-01-07,1400 UTC,1522.0,30.3,2020-01,2020,1,1267.0416666666667,25.983333333333334
2020-01-07,1500 UTC,2201.9,31.3,2020-01,2020,1,1267.0416666666667,25.983333333333334
2020-01-07,1600 UTC,2185.8,30.8,2020-01,2020,1,1267.0416666666667,25.983333333333334
2020-01-07,1700 UTC,1888.2,31.6,2020-01,2020,1,1267.0416666666667,25.983333333333334
2020-01-07,1800 UTC,1670.4,31.6,2020-01,2020,1,1267.0416666666667,25.983333333333334
2020-01-07,1900 UTC,1598.3,31.9,2020-01,2020,1,1267.0416666666667,25.983333333333334
2020-01-07,2000 UTC,1146.0,31.3,2020-01,2020,1,1267.0416666666667,25.983333333333334
2020-01-07,2100 UTC,495.6,30.0,2020-01,2020,1,1267.0416666666667,25.983333333333334
2020-01-07,2200 UTC,19.0,28.2,2020-01,2020,1,1267.0416666666667,25.983333333333334
2020-02-07,1100 UTC,129.8,19.7,2020-02,2020,2,1258.2,24.90416666666667
2020-02-07,1200 UTC,679.2,21.6,2020-02,2020,2,1258.2,24.90416666666667
2020-02-07,1300 UTC,1124.7,24.1,2020-02,2020,2,1258.2,24.90416666666667
2020-02-07,1400 UTC,1571.4,26.5,2020-02,2020,2,1258.2,24.90416666666667
2020-02-07,1500 UTC,2063.8,28.6,2020-02,2020,2,1258.2,24.90416666666667
2020-02-07,1600 UTC,2173.7,29.7,2020-02,2020,2,1258.2,24.90416666666667
2020-02-07,1700 UTC,1883.0,30.9,2020-02,2020,2,1258.2,24.90416666666667
2020-02-07,1800 UTC,1993.0,32.0,2020-02,2020,2,1258.2,24.90416666666667
2020-02-07,1900 UTC,1716.1,32.4,2020-02,2020,2,1258.2,24.90416666666667
2020-02-07,2000 UTC,1218.7,31.0,2020-02,2020,2,1258.2,24.90416666666667
2020-02-07,2100 UTC,516.9,29.7,2020-02,2020,2,1258.2,24.90416666666667
2020-02-07,2200 UTC,28.1,27.9,2020-02,2020,2,1258.2,24.90416666666667
2020-03-07,1100 UTC,183.3,20.5,2020-03,2020,3,1508.325,26.099999999999998
2020-03-07,1200 UTC,822.7,22.8,2020-03,2020,3,1508.325,26.099999999999998
2020-03-07,1300 UTC,1529.5,26.4,2020-03,2020,3,1508.325,26.099999999999998
2020-03-07,1400 UTC,2060.7,28.8,2020-03,2020,3,1508.325,26.099999999999998
2020-03-07,1500 UTC,2389.9,31.3,2020-03,2020,3,1508.325,26.099999999999998
2020-03-07,1600 UTC,2529.7,31.6,2020-03,2020,3,1508.325,26.099999999999998
2020-03-07,1700 UTC,2454.3,32.0,2020-03,2020,3,1508.325,26.099999999999998
2020-03-07,1800 UTC,2278.8,33.0,2020-03,2020,3,1508.325,26.099999999999998
2020-03-07,1900 UTC,1946.9,33.0,2020-03,2020,3,1508.325,26.099999999999998
2020-03-07,2000 UTC,1276.1,32.9,2020-03,2020,3,1508.325,26.099999999999998
2020-03-07,2100 UTC,599.1,30.8,2020-03,2020,3,1508.325,26.099999999999998
2020-03-07,2200 UTC,28.9,29.0,2020-03,2020,3,1508.325,26.099999999999998
2020-04-07,1100 UTC,199.7,21.0,2020-04,2020,4,1520.8583333333333,26.045833333333334
2020-04-07,1200 UTC,863.8,23.2,2020-04,2020,4,1520.8583333333333,26.045833333333334
2020-04-07,1300 UTC,1561.1,26.8,2020-04,2020,4,1520.8583333333333,26.045833333333334
2020-04-07,1400 UTC,2089.2,30.9,2020-04,2020,4,1520.8583333333333,26.045833333333334
2020-04-07,1500 UTC,2428.8,32.8,2020-04,2020,4,1520.8583333333333,26.045833333333334
2020-04-07,1600 UTC,2552.5,33.2,2020-04,2020,4,1520.8583333333333,26.045833333333334
2020-04-07,1700 UTC,2484.8,33.4,2020-04,2020,4,1520.8583333333333,26.045833333333334
2020-04-07,1800 UTC,2295.3,33.4,2020-04,2020,4,1520.8583333333333,26.045833333333334
2020-04-07,1900 UTC,1906.0,33.2,2020-04,2020,4,1520.8583333333333,26.045833333333334
2020-04-07,2000 UTC,1294.0,32.5,2020-04,2020,4,1520.8583333333333,26.045833333333334
2020-04-07,2100 UTC,545.3,31.0,2020-04,2020,4,1520.8583333333333,26.045833333333334
2020-04-07,2200 UTC,29.8,28.6,2020-04,2020,4,1520.8583333333333,26.045833333333334
2020-05-07,1100 UTC,199.4,22.0,2020-05,2020,5,1504.5083333333334,26.599999999999998
2020-05-07,1200 UTC,860.1,25.4,2020-05,2020,5,1504.5083333333334,26.599999999999998
2020-05-07,1300 UTC,1559.3,28.1,2020-05,2020,5,1504.5083333333334,26.599999999999998
2020-05-07,1400 UTC,2081.9,31.7,2020-05,2020,5,1504.5083333333334,26.599999999999998
2020-05-07,1500 UTC,2433.8,32.5,2020-05,2020,5,1504.5083333333334,26.599999999999998
2020-05-07,1600 UTC,2423.0,32.9,2020-05,2020,5,1504.5083333333334,26.599999999999998
2020-05-07,1700 UTC,2423.9,33.6,2020-05,2020,5,1504.5083333333334,26.599999999999998
2020-05-07,1800 UTC,2304.3,34.2,2020-05,2020,5,1504.5083333333334,26.599999999999998
2020-05-07,1900 UTC,1850.2,33.7,2020-05,2020,5,1504.5083333333334,26.599999999999998
2020-05-07,2000 UTC,1326.4,33.0,2020-05,2020,5,1504.5083333333334,26.599999999999998
2020-05-07,2100 UTC,560.0,31.5,2020-05,2020,5,1504.5083333333334,26.599999999999998
2020-05-07,2200 UTC,31.8,29.2,2020-05,2020,5,1504.5083333333334,26.599999999999998
2020-06-07,1100 UTC,200.6,21.3,2020-06,2020,6,1523.5416666666667,26.037499999999998
2020-06-07,1200 UTC,869.3,24.5,2020-06,2020,6,1523.5416666666667,26.037499999999998
2020-06-07,1300 UTC,1574.8,28.8,2020-06,2020,6,1523.5416666666667,26.037499999999998
2020-06-07,1400 UTC,2107.1,30.9,2020-06,2020,6,1523.5416666666667,26.037499999999998
2020-06-07,1500 UTC,2438.2,31.7,2020-06,2020,6,1523.5416666666667,26.037499999999998
2020-06-07,1600 UTC,2460.2,31.8,2020-06,2020,6,1523.5416666666667,26.037499999999998
2020-06-07,1700 UTC,2510.1,32.6,2020-06,2020,6,1523.5416666666667,26.037499999999998
2020-06-07,1800 UTC,2291.1,33.1,2020-06,2020,6,1523.5416666666667,26.037499999999998
2020-06-07,1900 UTC,1932.1,32.4,2020-06,2020,6,1523.5416666666667,26.037499999999998
2020-06-07,2000 UTC,1317.4,32.1,2020-06,2020,6,1523.5416666666667,26.037499999999998
2020-06-07,2100 UTC,551.6,30.5,2020-06,2020,6,1523.5416666666667,26.037499999999998
2020-06-07,2200 UTC,30.0,28.0,2020-06,2020,6,1523.5416666666667,26.037499999999998
2020-07-07,1100 UTC,200.4,21.1,2020-07,2020,7,1550.2583333333332,25.537499999999998
2020-07-07,1200 UTC,879.2,23.3,2020-07,2020,7,1550.2583333333332,25.537499999999998
2020-07-07,1300 UTC,1598.0,28.1,2020-07,2020,7,1550.2583333333332,25.537499999999998
2020-07-07,1400 UTC,2136.1,30.3,2020-07,2020,7,1550.2583333333332,25.537499999999998
2020-07-07,1500 UTC,2461.3,31.3,2020-07,2020,7,1550.2583333333332,25.537499999999998
2020-07-07,1600 UTC,2597.4,32.0,2020-07,2020,7,1550.2583333333332,25.537499999999998
2020-07-07,1700 UTC,2519.9,32.2,2020-07,2020,7,1550.2583333333332,25.537499999999998
2020-07-07,1800 UTC,2319.7,32.5,2020-07,2020,7,1550.2583333333332,25.537499999999998
2020-07-07,1900 UTC,1953.1,32.4,2020-07,2020,7,1550.2583333333332,25.537499999999998
2020-07-07,2000 UTC,1335.4,32.0,2020-07,2020,7,1550.2583333333332,25.537499999999998
2020-07-07,2100 UTC,571.5,30.3,2020-07,2020,7,1550.2583333333332,25.537499999999998
2020-07-07,2200 UTC,31.1,27.8,2020-07,2020,7,1550.2583333333332,25.537499999999998
2020-08-07,1100 UTC,208.6,20.7,2020-08,2020,8,1479.8666666666668,25.55
2020-08-07,1200 UTC,897.7,23.3,2020-08,2020,8,1479.8666666666668,25.55
2020-08-07,1300 UTC,1492.9,26.8,2020-08,2020,8,1479.8666666666668,25.55
2020-08-07,1400 UTC,2077.4,30.2,2020-08,2020,8,1479.8666666666668,25.55
2020-08-07,1500 UTC,2461.7,32.3,2020-08,2020,8,1479.8666666666668,25.55
2020-08-07,1600 UTC,2623.7,33.4,2020-08,2020,8,1479.8666666666668,25.55
2020-08-07,1700 UTC,2450.2,33.4,2020-08,2020,8,1479.8666666666668,25.55
2020-08-07,1800 UTC,2308.0,33.2,2020-08,2020,8,1479.8666666666668,25.55
2020-08-07,1900 UTC,1752.5,33.2,2020-08,2020,8,1479.8666666666668,25.55
2020-08-07,2000 UTC,927.1,32.8,2020-08,2020,8,1479.8666666666668,25.55
2020-08-07,2100 UTC,525.8,31.0,2020-08,2020,8,1479.8666666666668,25.55
2020-08-07,2200 UTC,32.8,28.7,2020-08,2020,8,1479.8666666666668,25.55
2020-09-07,1100 UTC,193.1,20.5,2020-09,2020,9,1505.3666666666668,26.337500000000002
2020-09-07,1200 UTC,858.6,23.3,2020-09,2020,9,1505.3666666666668,26.337500000000002
2020-09-07,1300 UTC,1559.4,26.9,2020-09,2020,9,1505.3666666666668,26.337500000000002
2020-09-07,1400 UTC,2099.5,29.7,2020-09,2020,9,1505.3666666666668,26.337500000000002
2020-09-07,1500 UTC,2413.9,30.8,2020-09,2020,9,1505.3666666666668,26.337500000000002
2020-09-07,1600 UTC,2599.3,32.4,2020-09,2020,9,1505.3666666666668,26.337500000000002
2020-09-07,1700 UTC,2528.9,32.6,2020-09,2020,9,1505.3666666666668,26.337500000000002
2020-09-07,1800 UTC,2491.3,33.2,2020-09,2020,9,1505.3666666666668,26.337500000000002
2020-09-07,1900 UTC,1669.0,33.0,2020-09,2020,9,1505.3666666666668,26.337500000000002
2020-09-07,2000 UTC,1146.2,32.3,2020-09,2020,9,1505.3666666666668,26.337500000000002
2020-09-07,2100 UTC,475.5,30.7,2020-09,2020,9,1505.3666666666668,26.337500000000002
2020-09-07,2200 UTC,29.7,28.4,2020-09,2020,9,1505.3666666666668,26.337500000000002
2020-10-07,1100 UTC,203.1,19.8,2020-10,2020,10,1526.2916666666667,25.425
2020-10-07,1200 UTC,890.2,22.6,2020-10,2020,10,1526.2916666666667,25.425
2020-10-07,1300 UTC,1562.3,25.6,2020-10,2020,10,1526.2916666666667,25.425
2020-10-07,1400 UTC,2121.5,29.1,2020-10,2020,10,1526.2916666666667,25.425
2020-10-07,1500 UTC,2317.3,30.4,2020-10,2020,10,1526.2916666666667,25.425
2020-10-07,1600 UTC,2580.3,31.7,2020-10,2020,10,1526.2916666666667,25.425
2020-10-07,1700 UTC,2506.9,32.1,2020-10,2020,10,1526.2916666666667,25.425
2020-10-07,1800 UTC,2289.7,31.7,2020-10,2020,10,1526.2916666666667,25.425
2020-10-07,1900 UTC,1909.0,31.7,2020-10,2020,10,1526.2916666666667,25.425
2020-10-07,2000 UTC,1326.1,31.2,2020-10,2020,10,1526.2916666666667,25.425
2020-10-07,2100 UTC,577.2,30.1,2020-10,2020,10,1526.2916666666667,25.425
2020-10-07,2200 UTC,31.9,27.7,2020-10,2020,10,1526.2916666666667,25.425
2020-11-07,1100 UTC,203.5,20.3,2020-11,2020,11,1530.7083333333333,25.708333333333332
2020-11-07,1200 UTC,880.2,23.7,2020-11,2020,11,1530.7083333333333,25.708333333333332
2020-11-07,1300 UTC,1582.1,28.1,2020-11,2020,11,1530.7083333333333,25.708333333333332
2020-11-07,1400 UTC,2105.9,30.6,2020-11,2020,11,1530.7083333333333,25.708333333333332
2020-11-07,1500 UTC,2429.5,31.5,2020-11,2020,11,1530.7083333333333,25.708333333333332
2020-11-07,1600 UTC,2564.9,32.5,2020-11,2020,11,1530.7083333333333,25.708333333333332
2020-11-07,1700 UTC,2492.5,32.7,2020-11,2020,11,1530.7083333333333,25.708333333333332
2020-11-07,1800 UTC,2282.4,33.0,2020-11,2020,11,1530.7083333333333,25.708333333333332
2020-11-07,1900 UTC,1899.2,33.6,2020-11,2020,11,1530.7083333333333,25.708333333333332
2020-11-07,2000 UTC,1349.4,32.7,2020-11,2020,11,1530.7083333333333,25.708333333333332
2020-11-07,2100 UTC,546.7,31.3,2020-11,2020,11,1530.7083333333333,25.708333333333332
2020-11-07,2200 UTC,32.2,29.0,2020-11,2020,11,1530.7083333333333,25.708333333333332
2020-12-07,1100 UTC,196.0,21.4,2020-12,2020,12,1390.3583333333333,26.633333333333336
2020-12-07,1200 UTC,857.2,24.9,2020-12,2020,12,1390.3583333333333,26.633333333333336
2020-12-07,1300 UTC,1565.4,28.0,2020-12,2020,12,1390.3583333333333,26.633333333333336
2020-12-07,1400 UTC,2091.3,30.8,2020-12,2020,12,1390.3583333333333,26.633333333333336
2020-12-07,1500 UTC,2328.8,31.7,2020-12,2020,12,1390.3583333333333,26.633333333333336
2020-12-07,1600 UTC,2385.2,33.3,2020-12,2020,12,1390.3583333333333,26.633333333333336
2020-12-07,1700 UTC,2705.4,33.3,2020-12,2020,12,1390.3583333333333,26.633333333333336
2020-12-07,1800 UTC,1724.0,33.5,2020-12,2020,12,1390.3583333333333,26.633333333333336
2020-12-07,1900 UTC,864.4,32.9,2020-12,2020,12,1390.3583333333333,26.633333333333336
2020-12-07,2000 UTC,1363.6,33.7,2020-12,2020,12,1390.3583333333333,26.633333333333336
2020-12-07,2100 UTC,577.0,31.7,2020-12,2020,12,1390.3583333333333,26.633333333333336
2020-12-07,2200 UTC,26.0,29.5,2020-12,2020,12,1390.3583333333333,26.633333333333336
2020-01-08,1100 UTC,213.7,19.6,2020-01,2020,1,1640.7,25.1375
2020-01-08,1200 UTC,930.9,23.1,2020-01,2020,1,1640.7,25.1375
2020-01-08,1300 UTC,1688.2,27.7,2020-01,2020,1,1640.7,25.1375
2020-01-08,1400 UTC,2264.5,29.7,2020-01,2020,1,1640.7,25.1375
2020-01-08,1500 UTC,2606.6,30.6,2020-01,2020,1,1640.7,25.1375
2020-01-08,1600 UTC,2732.4,31.5,2020-01,2020,1,1640.7,25.1375
2020-01-08,1700 UTC,2613.6,31.3,2020-01,2020,1,1640.7,25.1375
2020-01-08,1800 UTC,2418.8,31.6,2020-01,2020,1,1640.7,25.1375
2020-01-08,1900 UTC,2069.4,31.7,2020-01,2020,1,1640.7,25.1375
2020-01-08,2000 UTC,1474.2,30.8,2020-01,2020,1,1640.7,25.1375
2020-01-08,2100 UTC,646.2,29.5,2020-01,2020,1,1640.7,25.1375
2020-01-08,2200 UTC,29.9,27.4,2020-01,2020,1,1640.7,25.1375
2020-02-08,1100 UTC,214.5,19.5,2020-02,2020,2,1646.4166666666667,24.870833333333334
2020-02-08,1200 UTC,951.5,23.3,2020-02,2020,2,1646.4166666666667,24.870833333333334
2020-02-08,1300 UTC,1665.8,28.7,2020-02,2020,2,1646.4166666666667,24.870833333333334
2020-02-08,1400 UTC,2267.1,30.5,2020-02,2020,2,1646.4166666666667,24.870833333333334
2020-02-08,1500 UTC,2624.3,31.1,2020-02,2020,2,1646.4166666666667,24.870833333333334
2020-02-08,1600 UTC,2724.0,31.5,2020-02,2020,2,1646.4166666666667,24.870833333333334
2020-02-08,1700 UTC,2611.0,31.5,2020-02,2020,2,1646.4166666666667,24.870833333333334
2020-02-08,1800 UTC,2414.6,32.0,2020-02,2020,2,1646.4166666666667,24.870833333333334
2020-02-08,1900 UTC,2081.5,31.8,2020-02,2020,2,1646.4166666666667,24.870833333333334
2020-02-08,2000 UTC,1499.1,31.6,2020-02,2020,2,1646.4166666666667,24.870833333333334
2020-02-08,2100 UTC,677.3,30.4,2020-02,2020,2,1646.4166666666667,24.870833333333334
2020-02-08,2200 UTC,26.3,27.7,2020-02,2020,2,1646.4166666666667,24.870833333333334
2020-03-08,1100 UTC,223.4,21.4,2020-03,2020,3,1632.3999999999999,26.212500000000002
2020-03-08,1200 UTC,967.6,25.3,2020-03,2020,3,1632.3999999999999,26.212500000000002
2020-03-08,1300 UTC,1730.7,28.8,2020-03,2020,3,1632.3999999999999,26.212500000000002
2020-03-08,1400 UTC,2288.1,31.2,2020-03,2020,3,1632.3999999999999,26.212500000000002
2020-03-08,1500 UTC,2619.7,31.5,2020-03,2020,3,1632.3999999999999,26.212500000000002
2020-03-08,1600 UTC,2723.3,32.4,2020-03,2020,3,1632.3999999999999,26.212500000000002
2020-03-08,1700 UTC,2619.3,32.6,2020-03,2020,3,1632.3999999999999,26.212500000000002
2020-03-08,1800 UTC,2429.3,32.6,2020-03,2020,3,1632.3999999999999,26.212500000000002
2020-03-08,1900 UTC,1784.1,32.7,2020-03,2020,3,1632.3999999999999,26.212500000000002
2020-03-08,2000 UTC,1490.3,32.3,2020-03,2020,3,1632.3999999999999,26.212500000000002
2020-03-08,2100 UTC,682.6,31.0,2020-03,2020,3,1632.3999999999999,26.212500000000002
2020-03-08,2200 UTC,30.4,28.4,2020-03,2020,3,1632.3999999999999,26.212500000000002
2020-04-08,1100 UTC,160.1,20.4,2020-04,2020,4,1645.8583333333333,25.787499999999998
2020-04-08,1200 UTC,946.4,24.1,2020-04,2020,4,1645.8583333333333,25.787499999999998
2020-04-08,1300 UTC,1723.0,29.1,2020-04,2020,4,1645.8583333333333,25.787499999999998
2020-04-08,1400 UTC,2278.7,29.9,2020-04,2020,4,1645.8583333333333,25.787499999999998
2020-04-08,1500 UTC,2612.1,30.6,2020-04,2020,4,1645.8583333333333,25.787499999999998
2020-04-08,1600 UTC,2732.8,32.0,2020-04,2020,4,1645.8583333333333,25.787499999999998
2020-04-08,1700 UTC,2625.2,32.4,2020-04,2020,4,1645.8583333333333,25.787499999999998
2020-04-08,1800 UTC,2425.7,32.5,2020-04,2020,4,1645.8583333333333,25.787499999999998
2020-04-08,1900 UTC,2080.6,32.7,2020-04,2020,4,1645.8583333333333,25.787499999999998
2020-04-08,2000 UTC,1475.0,31.7,2020-04,2020,4,1645.8583333333333,25.787499999999998
2020-04-08,2100 UTC,658.8,30.5,2020-04,2020,4,1645.8583333333333,25.787499999999998
2020-04-08,2200 UTC,31.9,27.7,2020-04,2020,4,1645.8583333333333,25.787499999999998
2020-05-08,1100 UTC,228.3,20.2,2020-05,2020,5,1671.05,25.254166666666666
2020-05-08,1200 UTC,973.0,23.2,2020-05,2020,5,1671.05,25.254166666666666
2020-05-08,1300 UTC,1744.8,27.8,2020-05,2020,5,1671.05,25.254166666666666
2020-05-08,1400 UTC,2305.1,29.7,2020-05,2020,5,1671.05,25.254166666666666
2020-05-08,1500 UTC,2643.9,31.3,2020-05,2020,5,1671.05,25.254166666666666
2020-05-08,1600 UTC,2738.9,31.0,2020-05,2020,5,1671.05,25.254166666666666
2020-05-08,1700 UTC,2636.1,31.8,2020-05,2020,5,1671.05,25.254166666666666
2020-05-08,1800 UTC,2448.9,32.1,2020-05,2020,5,1671.05,25.254166666666666
2020-05-08,1900 UTC,2083.2,32.3,2020-05,2020,5,1671.05,25.254166666666666
2020-05-08,2000 UTC,1493.5,32.1,2020-05,2020,5,1671.05,25.254166666666666
2020-05-08,2100 UTC,728.4,30.4,2020-05,2020,5,1671.05,25.254166666666666
2020-05-08,2200 UTC,28.5,27.7,2020-05,2020,5,1671.05,25.254166666666666
2020-06-08,1100 UTC,238.6,19.1,2020-06,2020,6,1688.7833333333335,25.0
2020-06-08,1200 UTC,1007.4,22.8,2020-06,2020,6,1688.7833333333335,25.0
2020-06-08,1300 UTC,1792.3,27.6,2020-06,2020,6,1688.7833333333335,25.0
2020-06-08,1400 UTC,2349.2,29.5,2020-06,2020,6,1688.7833333333335,25.0
2020-06-08,1500 UTC,2660.5,30.4,2020-06,2020,6,1688.7833333333335,25.0
2020-06-08,1600 UTC,2765.0,31.3,2020-06,2020,6,1688.7833333333335,25.0
2020-06-08,1700 UTC,2654.9,31.9,2020-06,2020,6,1688.7833333333335,25.0
2020-06-08,1800 UTC,2446.1,32.1,2020-06,2020,6,1688.7833333333335,25.0
2020-06-08,1900 UTC,2098.7,32.4,2020-06,2020,6,1688.7833333333335,25.0
2020-06-08,2000 UTC,1494.4,31.5,2020-06,2020,6,1688.7833333333335,25.0
2020-06-08,2100 UTC,725.3,30.2,2020-06,2020,6,1688.7833333333335,25.0
2020-06-08,2200 UTC,33.0,27.6,2020-06,2020,6,1688.7833333333335,25.0
2020-07-08,1100 UTC,238.4,19.4,2020-07,2020,7,1696.2416666666668,24.75
2020-07-08,1200 UTC,1009.2,23.0,2020-07,2020,7,1696.2416666666668,24.75
2020-07-08,1300 UTC,1781.9,27.2,2020-07,2020,7,1696.2416666666668,24.75
2020-07-08,1400 UTC,2341.9,29.2,2020-07,2020,7,1696.2416666666668,24.75
2020-07-08,1500 UTC,2697.2,30.9,2020-07,2020,7,1696.2416666666668,24.75
2020-07-08,1600 UTC,2776.4,31.1,2020-07,2020,7,1696.2416666666668,24.75
2020-07-08,1700 UTC,2669.1,31.1,2020-07,2020,7,1696.2416666666668,24.75
2020-07-08,1800 UTC,2465.0,32.0,2020-07,2020,7,1696.2416666666668,24.75
2020-07-08,1900 UTC,2107.1,31.9,2020-07,2020,7,1696.2416666666668,24.75
2020-07-08,2000 UTC,1501.8,31.7,2020-07,2020,7,1696.2416666666668,24.75
2020-07-08,2100 UTC,733.5,30.1,2020-07,2020,7,1696.2416666666668,24.75
2020-07-08,2200 UTC,33.4,27.3,2020-07,2020,7,1696.2416666666668,24.75
2020-08-08,1100 UTC,245.6,20.0,2020-08,2020,8,1693.95,25.304166666666664
2020-08-08,1200 UTC,1017.4,23.5,2020-08,2020,8,1693.95,25.304166666666664
2020-08-08,1300 UTC,1791.6,28.4,2020-08,2020,8,1693.95,25.304166666666664
2020-08-08,1400 UTC,2350.0,30.1,2020-08,2020,8,1693.95,25.304166666666664
2020-08-08,1500 UTC,2687.8,31.1,2020-08,2020,8,1693.95,25.304166666666664
2020-08-08,1600 UTC,2778.4,32.1,2020-08,2020,8,1693.95,25.304166666666664
2020-08-08,1700 UTC,2667.0,32.4,2020-08,2020,8,1693.95,25.304166666666664
2020-08-08,1800 UTC,2465.5,32.5,2020-08,2020,8,1693.95,25.304166666666664
2020-08-08,1900 UTC,2036.9,32.6,2020-08,2020,8,1693.95,25.304166666666664
2020-08-08,2000 UTC,1519.4,32.0,2020-08,2020,8,1693.95,25.304166666666664
2020-08-08,2100 UTC,735.8,30.4,2020-08,2020,8,1693.95,25.304166666666664
2020-08-08,2200 UTC,32.0,27.9,2020-08,2020,8,1693.95,25.304166666666664
2020-09-08,1100 UTC,243.5,20.5,2020-09,2020,9,1699.2083333333333,25.28333333333333
2020-09-08,1200 UTC,1015.2,24.3,2020-09,2020,9,1699.2083333333333,25.28333333333333
2020-09-08,1300 UTC,1784.1,28.7,2020-09,2020,9,1699.2083333333333,25.28333333333333
2020-09-08,1400 UTC,2345.4,30.2,2020-09,2020,9,1699.2083333333333,25.28333333333333
2020-09-08,1500 UTC,2711.2,30.8,2020-09,2020,9,1699.2083333333333,25.28333333333333
2020-09-08,1600 UTC,2769.1,31.2,2020-09,2020,9,1699.2083333333333,25.28333333333333
2020-09-08,1700 UTC,2651.8,32.2,2020-09,2020,9,1699.2083333333333,25.28333333333333
2020-09-08,1800 UTC,2468.9,31.9,2020-09,2020,9,1699.2083333333333,25.28333333333333
2020-09-08,1900 UTC,2110.7,32.3,2020-09,2020,9,1699.2083333333333,25.28333333333333
2020-09-08,2000 UTC,1512.6,31.9,2020-09,2020,9,1699.2083333333333,25.28333333333333
2020-09-08,2100 UTC,748.6,30.5,2020-09,2020,9,1699.2083333333333,25.28333333333333
2020-09-08,2200 UTC,29.4,28.5,2020-09,2020,9,1699.2083333333333,25.28333333333333
2020-10-08,1100 UTC,274.2,19.8,2020-10,2020,10,1673.4583333333333,25.991666666666664
2020-10-08,1200 UTC,993.4,23.0,2020-10,2020,10,1673.4583333333333,25.991666666666664
2020-10-08,1300 UTC,1726.2,28.0,2020-10,2020,10,1673.4583333333333,25.991666666666664
2020-10-08,1400 UTC,2306.8,30.7,2020-10,2020,10,1673.4583333333333,25.991666666666664
2020-10-08,1500 UTC,2646.2,32.3,2020-10,2020,10,1673.4583333333333,25.991666666666664
2020-10-08,1600 UTC,2753.3,32.8,2020-10,2020,10,1673.4583333333333,25.991666666666664
2020-10-08,1700 UTC,2628.3,33.0,2020-10,2020,10,1673.4583333333333,25.991666666666664
2020-10-08,1800 UTC,2431.7,33.8,2020-10,2020,10,1673.4583333333333,25.991666666666664
2020-10-08,1900 UTC,2084.1,33.0,2020-10,2020,10,1673.4583333333333,25.991666666666664
2020-10-08,2000 UTC,1488.6,32.6,2020-10,2020,10,1673.4583333333333,25.991666666666664
2020-10-08,2100 UTC,716.3,31.6,2020-10,2020,10,1673.4583333333333,25.991666666666664
2020-10-08,2200 UTC,32.4,29.5,2020-10,2020,10,1673.4583333333333,25.991666666666664
2020-11-08,1100 UTC,229.2,22.0,2020-11,2020,11,1654.8166666666666,26.616666666666664
2020-11-08,1200 UTC,908.8,25.6,2020-11,2020,11,1654.8166666666666,26.616666666666664
2020-11-08,1300 UTC,1708.7,28.7,2020-11,2020,11,1654.8166666666666,26.616666666666664
2020-11-08,1400 UTC,2262.4,30.7,2020-11,2020,11,1654.8166666666666,26.616666666666664
2020-11-08,1500 UTC,2617.7,32.5,2020-11,2020,11,1654.8166666666666,26.616666666666664
2020-11-08,1600 UTC,2645.3,32.1,2020-11,2020,11,1654.8166666666666,26.616666666666664
2020-11-08,1700 UTC,2359.0,33.3,2020-11,2020,11,1654.8166666666666,26.616666666666664
2020-11-08,1800 UTC,2482.6,33.6,2020-11,2020,11,1654.8166666666666,26.616666666666664
2020-11-08,1900 UTC,2264.0,34.3,2020-11,2020,11,1654.8166666666666,26.616666666666664
2020-11-08,2000 UTC,1591.2,33.8,2020-11,2020,11,1654.8166666666666,26.616666666666664
2020-11-08,2100 UTC,753.7,32.4,2020-11,2020,11,1654.8166666666666,26.616666666666664
2020-11-08,2200 UTC,35.2,30.7,2020-11,2020,11,1654.8166666666666,26.616666666666664
2020-12-08,1100 UTC,250.2,24.9,2020-12,2020,12,1658.591666666667,28.233333333333334
2020-12-08,1200 UTC,956.1,27.6,2020-12,2020,12,1658.591666666667,28.233333333333334
2020-12-08,1300 UTC,1722.7,30.7,2020-12,2020,12,1658.591666666667,28.233333333333334
2020-12-08,1400 UTC,2292.1,32.9,2020-12,2020,12,1658.591666666667,28.233333333333334
2020-12-08,1500 UTC,2637.9,34.2,2020-12,2020,12,1658.591666666667,28.233333333333334
2020-12-08,1600 UTC,2748.8,34.6,2020-12,2020,12,1658.591666666667,28.233333333333334
2020-12-08,1700 UTC,2637.0,35.1,2020-12,2020,12,1658.591666666667,28.233333333333334
2020-12-08,1800 UTC,2425.6,35.0,2020-12,2020,12,1658.591666666667,28.233333333333334
2020-12-08,1900 UTC,2049.4,35.7,2020-12,2020,12,1658.591666666667,28.233333333333334
2020-12-08,2000 UTC,1453.5,34.5,2020-12,2020,12,1658.591666666667,28.233333333333334
2020-12-08,2100 UTC,696.1,33.4,2020-12,2020,12,1658.591666666667,28.233333333333334
2020-12-08,2200 UTC,33.7,31.4,2020-12,2020,12,1658.591666666667,28.233333333333334
2020-01-09,1000 UTC,0.1,24.3,2020-01,2020,1,1401.8555555555556,28.689473684210526
2020-01-09,1100 UTC,228.9,26.9,2020-01,2020,1,1401.8555555555556,28.689473684210526
2020-01-09,1200 UTC,584.7,29.0,2020-01,2020,1,1401.8555555555556,28.689473684210526
2020-01-09,1300 UTC,942.4,29.6,2020-01,2020,1,1401.8555555555556,28.689473684210526
2020-01-09,1400 UTC,1674.8,32.3,2020-01,2020,1,1401.8555555555556,28.689473684210526
2020-01-09,1500 UTC,2752.4,35.6,2020-01,2020,1,1401.8555555555556,28.689473684210526
2020-01-09,1600 UTC,2825.9,37.0,2020-01,2020,1,1401.8555555555556,28.689473684210526
2020-01-09,1700 UTC,1969.7,36.3,2020-01,2020,1,1401.8555555555556,28.689473684210526
2020-01-09,1800 UTC,1637.8,36.4,2020-01,2020,1,1401.8555555555556,28.689473684210526
2023-01-01,1000 UTC,99.4,22.1,2023-01,2023,1,1636.8583333333333,25.48095238095238
2023-01-01,1100 UTC,909.4,23.9,2023-01,2023,1,1636.8583333333333,25.48095238095238
2023-01-01,1200 UTC,1561.7,25.2,2023-01,2023,1,1636.8583333333333,25.48095238095238
2023-01-01,1300 UTC,2233.9,27.2,2023-01,2023,1,1636.8583333333333,25.48095238095238
2023-01-01,1400 UTC,2862.4,28.7,2023-01,2023,1,1636.8583333333333,25.48095238095238
2023-01-01,1500 UTC,2875.3,28.6,2023-01,2023,1,1636.8583333333333,25.48095238095238
2023-01-01,1700 UTC,3289.3,30.3,2023-01,2023,1,1636.8583333333333,25.48095238095238
2023-01-01,1800 UTC,3013.0,30.4,2023-01,2023,1,1636.8583333333333,25.48095238095238
2023-01-01,2000 UTC,1394.0,31.8,2023-01,2023,1,1636.8583333333333,25.48095238095238
2023-01-01,2100 UTC,1185.6,30.6,2023-01,2023,1,1636.8583333333333,25.48095238095238
2023-01-01,2200 UTC,215.3,29.4,2023-01,2023,1,1636.8583333333333,25.48095238095238
2023-01-01,2300 UTC,3.0,27.3,2023-01,2023,1,1636.8583333333333,25.48095238095238
2023-02-01,0400 UTC,0.1,22.7,2023-02,2023,2,667.2333333333333,24.11111111111111
2023-02-01,1000 UTC,119.2,23.2,2023-02,2023,2,667.2333333333333,24.11111111111111
2023-02-01,1100 UTC,839.7,25.6,2023-02,2023,2,667.2333333333333,24.11111111111111
2023-02-01,1200 UTC,1334.9,26.8,2023-02,2023,2,667.2333333333333,24.11111111111111
2023-02-01,1300 UTC,1410.1,27.1,2023-02,2023,2,667.2333333333333,24.11111111111111
2023-02-01,1400 UTC,2423.3,28.1,2023-02,2023,2,667.2333333333333,24.11111111111111
2023-02-01,1600 UTC,1181.9,23.1,2023-02,2023,2,667.2333333333333,24.11111111111111
2023-02-01,1900 UTC,450.6,23.8,2023-02,2023,2,667.2333333333333,24.11111111111111
2023-02-01,2000 UTC,140.0,23.3,2023-02,2023,2,667.2333333333333,24.11111111111111
2023-02-01,2100 UTC,57.5,22.2,2023-02,2023,2,667.2333333333333,24.11111111111111
2023-02-01,2200 UTC,49.0,21.9,2023-02,2023,2,667.2333333333333,24.11111111111111
2023-02-01,2300 UTC,0.5,21.8,2023-02,2023,2,667.2333333333333,24.11111111111111
2023-03-01,1000 UTC,51.1,21.7,2023-03,2023,3,1563.8615384615384,24.814285714285717
2023-03-01,1100 UTC,301.5,22.3,2023-03,2023,3,1563.8615384615384,24.814285714285717
2023-03-01,1200 UTC,1051.9,23.9,2023-03,2023,3,1563.8615384615384,24.814285714285717
2023-03-01,1400 UTC,2074.8,26.2,2023-03,2023,3,1563.8615384615384,24.814285714285717
2023-03-01,1500 UTC,3301.6,28.7,2023-03,2023,3,1563.8615384615384,24.814285714285717
2023-03-01,1600 UTC,2381.0,29.2,2023-03,2023,3,1563.8615384615384,24.814285714285717
2023-03-01,1700 UTC,2514.4,27.5,2023-03,2023,3,1563.8615384615384,24.814285714285717
2023-03-01,1800 UTC,3378.1,29.3,2023-03,2023,3,1563.8615384615384,24.814285714285717
2023-03-01,1900 UTC,2255.1,30.1,2023-03,2023,3,1563.8615384615384,24.814285714285717
2023-03-01,2000 UTC,1593.9,29.3,2023-03,2023,3,1563.8615384615384,24.814285714285717
2023-03-01,2100 UTC,1091.9,28.5,2023-03,2023,3,1563.8615384615384,24.814285714285717
2023-03-01,2200 UTC,329.7,27.8,2023-03,2023,3,1563.8615384615384,24.814285714285717
2023-03-01,2300 UTC,5.2,26.7,2023-03,2023,3,1563.8615384615384,24.814285714285717
2023-04-01,1000 UTC,18.0,22.5,2023-04,2023,4,1246.623076923077,24.958333333333332
2023-04-01,1100 UTC,223.5,22.8,2023-04,2023,4,1246.623076923077,24.958333333333332
2023-04-01,1200 UTC,544.5,23.6,2023-04,2023,4,1246.623076923077,24.958333333333332
2023-04-01,1300 UTC,1004.5,24.5,2023-04,2023,4,1246.623076923077,24.958333333333332
2023-04-01,1400 UTC,1399.3,25.9,2023-04,2023,4,1246.623076923077,24.958333333333332
2023-04-01,1500 UTC,2876.1,28.4,2023-04,2023,4,1246.623076923077,24.958333333333332
2023-04-01,1600 UTC,2323.6,28.7,2023-04,2023,4,1246.623076923077,24.958333333333332
2023-04-01,1700 UTC,1645.2,25.4,2023-04,2023,4,1246.623076923077,24.958333333333332
2023-04-01,1800 UTC,2071.8,27.3,2023-04,2023,4,1246.623076923077,24.958333333333332
2023-04-01,1900 UTC,1287.2,26.8,2023-04,2023,4,1246.623076923077,24.958333333333332
2023-04-01,2000 UTC,2064.9,28.8,2023-04,2023,4,1246.623076923077,24.958333333333332
2023-04-01,2100 UTC,680.0,26.9,2023-04,2023,4,1246.623076923077,24.958333333333332
2023-04-01,2200 UTC,67.5,25.6,2023-04,2023,4,1246.623076923077,24.958333333333332
2023-05-01,1000 UTC,3.9,21.0,2023-05,2023,5,1144.0642857142857,23.358333333333334
2023-05-01,1100 UTC,57.5,21.2,2023-05,2023,5,1144.0642857142857,23.358333333333334
2023-05-01,1200 UTC,225.9,21.7,2023-05,2023,5,1144.0642857142857,23.358333333333334
2023-05-01,1300 UTC,556.1,22.5,2023-05,2023,5,1144.0642857142857,23.358333333333334
2023-05-01,1400 UTC,1204.2,24.0,2023-05,2023,5,1144.0642857142857,23.358333333333334
2023-05-01,1500 UTC,1934.0,25.9,2023-05,2023,5,1144.0642857142857,23.358333333333334
2023-05-01,1600 UTC,2469.9,27.3,2023-05,2023,5,1144.0642857142857,23.358333333333334
2023-05-01,1700 UTC,2702.7,28.9,2023-05,2023,5,1144.0642857142857,23.358333333333334
2023-05-01,1800 UTC,2848.0,29.9,2023-05,2023,5,1144.0642857142857,23.358333333333334
2023-05-01,1900 UTC,2086.0,26.0,2023-05,2023,5,1144.0642857142857,23.358333333333334
2023-05-01,2000 UTC,1012.9,25.6,2023-05,2023,5,1144.0642857142857,23.358333333333334
2023-05-01,2100 UTC,727.8,23.6,2023-05,2023,5,1144.0642857142857,23.358333333333334
2023-05-01,2200 UTC,185.5,22.8,2023-05,2023,5,1144.0642857142857,23.358333333333334
2023-05-01,2300 UTC,2.5,23.1,2023-05,2023,5,1144.0642857142857,23.358333333333334
2023-06-01,0600 UTC,0.1,21.9,2023-06,2023,6,883.7733333333333,23.375
2023-06-01,1000 UTC,2.8,22.0,2023-06,2023,6,883.7733333333333,23.375
2023-06-01,1100 UTC,56.7,21.8,2023-06,2023,6,883.7733333333333,23.375
2023-06-01,1200 UTC,220.6,21.7,2023-06,2023,6,883.7733333333333,23.375
2023-06-01,1300 UTC,619.2,22.3,2023-06,2023,6,883.7733333333333,23.375
2023-06-01,1400 UTC,1132.3,23.9,2023-06,2023,6,883.7733333333333,23.375
2023-06-01,1500 UTC,1166.3,23.5,2023-06,2023,6,883.7733333333333,23.375
2023-06-01,1600 UTC,1598.1,25.2,2023-06,2023,6,883.7733333333333,23.375
2023-06-01,1700 UTC,1592.2,24.6,2023-06,2023,6,883.7733333333333,23.375
2023-06-01,1800 UTC,1946.6,25.9,2023-06,2023,6,883.7733333333333,23.375
2023-06-01,1900 UTC,2125.9,27.9,2023-06,2023,6,883.7733333333333,23.375
2023-06-01,2000 UTC,1556.5,26.9,2023-06,2023,6,883.7733333333333,23.375
2023-06-01,2100 UTC,961.3,24.9,2023-06,2023,6,883.7733333333333,23.375
2023-06-01,2200 UTC,275.4,24.0,2023-06,2023,6,883.7733333333333,23.375
2023-06-01,2300 UTC,2.6,23.3,2023-06,2023,6,883.7733333333333,23.375
2023-07-01,1000 UTC,35.3,22.0,2023-07,2023,7,1173.923076923077,23.669565217391302
2023-07-01,1100 UTC,195.8,22.2,2023-07,2023,7,1173.923076923077,23.669565217391302
2023-07-01,1200 UTC,295.2,22.5,2023-07,2023,7,1173.923076923077,23.669565217391302
2023-07-01,1300 UTC,696.3,23.5,2023-07,2023,7,1173.923076923077,23.669565217391302
2023-07-01,1400 UTC,1864.7,25.9,2023-07,2023,7,1173.923076923077,23.669565217391302
2023-07-01,1500 UTC,2635.0,26.4,2023-07,2023,7,1173.923076923077,23.669565217391302
2023-07-01,1600 UTC,2895.2,27.6,2023-07,2023,7,1173.923076923077,23.669565217391302
2023-07-01,1700 UTC,2460.1,29.4,2023-07,2023,7,1173.923076923077,23.669565217391302
2023-07-01,1800 UTC,2850.9,29.5,2023-07,2023,7,1173.923076923077,23.669565217391302
2023-07-01,1900 UTC,952.3,25.2,2023-07,2023,7,1173.923076923077,23.669565217391302
2023-07-01,2000 UTC,193.1,23.0,2023-07,2023,7,1173.923076923077,23.669565217391302
2023-07-01,2100 UTC,183.7,22.9,2023-07,2023,7,1173.923076923077,23.669565217391302
2023-07-01,2300 UTC,3.4,22.3,2023-07,2023,7,1173.923076923077,23.669565217391302
2023-08-01,1000 UTC,31.3,21.6,2023-08,2023,8,951.6428571428571,23.078260869565216
2023-08-01,1100 UTC,289.3,22.2,2023-08,2023,8,951.6428571428571,23.078260869565216
2023-08-01,1200 UTC,608.5,23.0,2023-08,2023,8,951.6428571428571,23.078260869565216
2023-08-01,1300 UTC,1037.5,23.8,2023-08,2023,8,951.6428571428571,23.078260869565216
2023-08-01,1400 UTC,1372.7,24.2,2023-08,2023,8,951.6428571428571,23.078260869565216
2023-08-01,1500 UTC,980.3,25.1,2023-08,2023,8,951.6428571428571,23.078260869565216
2023-08-01,1600 UTC,1452.1,25.9,2023-08,2023,8,951.6428571428571,23.078260869565216
2023-08-01,1700 UTC,2698.6,27.7,2023-08,2023,8,951.6428571428571,23.078260869565216
2023-08-01,1800 UTC,1469.7,27.4,2023-08,2023,8,951.6428571428571,23.078260869565216
2023-08-01,1900 UTC,2032.3,24.7,2023-08,2023,8,951.6428571428571,23.078260869565216
2023-08-01,2000 UTC,1116.9,23.5,2023-08,2023,8,951.6428571428571,23.078260869565216
2023-08-01,2100 UTC,175.4,22.3,2023-08,2023,8,951.6428571428571,23.078260869565216
2023-08-01,2200 UTC,55.2,22.5,2023-08,2023,8,951.6428571428571,23.078260869565216
2023-08-01,2300 UTC,3.2,22.4,2023-08,2023,8,951.6428571428571,23.078260869565216
2023-09-01,0700 UTC,0.1,21.8,2023-09,2023,9,846.6933333333333,22.954166666666666
2023-09-01,1000 UTC,5.0,21.6,2023-09,2023,9,846.6933333333333,22.954166666666666
2023-09-01,1100 UTC,104.0,21.7,2023-09,2023,9,846.6933333333333,22.954166666666666
2023-09-01,1200 UTC,240.0,21.1,2023-09,2023,9,846.6933333333333,22.954166666666666
2023-09-01,1300 UTC,177.6,21.4,2023-09,2023,9,846.6933333333333,22.954166666666666
2023-09-01,1400 UTC,434.5,22.0,2023-09,2023,9,846.6933333333333,22.954166666666666
2023-09-01,1500 UTC,622.7,21.8,2023-09,2023,9,846.6933333333333,22.954166666666666
2023-09-01,1600 UTC,952.3,22.3,2023-09,2023,9,846.6933333333333,22.954166666666666
2023-09-01,1700 UTC,1707.2,23.3,2023-09,2023,9,846.6933333333333,22.954166666666666
2023-09-01,1800 UTC,2955.1,26.6,2023-09,2023,9,846.6933333333333,22.954166666666666
2023-09-01,1900 UTC,2851.0,26.2,2023-09,2023,9,846.6933333333333,22.954166666666666
2023-09-01,2000 UTC,1255.1,26.6,2023-09,2023,9,846.6933333333333,22.954166666666666
2023-09-01,2100 UTC,1217.5,26.4,2023-09,2023,9,846.6933333333333,22.954166666666666
2023-09-01,2200 UTC,173.5,25.8,2023-09,2023,9,846.6933333333333,22.954166666666666
2023-09-01,2300 UTC,4.8,24.6,2023-09,2023,9,846.6933333333333,22.954166666666666
2023-10-01,1000 UTC,6.3,21.9,2023-10,2023,10,893.35,23.287499999999998
2023-10-01,1100 UTC,100.1,21.6,2023-10,2023,10,893.35,23.287499999999998
2023-10-01,1200 UTC,228.5,21.7,2023-10,2023,10,893.35,23.287499999999998
2023-10-01,1300 UTC,411.1,21.6,2023-10,2023,10,893.35,23.287499999999998
2023-10-01,1400 UTC,568.9,22.3,2023-10,2023,10,893.35,23.287499999999998
2023-10-01,1500 UTC,1007.1,23.1,2023-10,2023,10,893.35,23.287499999999998
2023-10-01,1600 UTC,1642.7,23.9,2023-10,2023,10,893.35,23.287499999999998
2023-10-01,1700 UTC,1921.0,24.7,2023-10,2023,10,893.35,23.287499999999998
2023-10-01,1800 UTC,2416.9,26.2,2023-10,2023,10,893.35,23.287499999999998
2023-10-01,1900 UTC,1637.6,26.8,2023-10,2023,10,893.35,23.287499999999998
2023-10-01,2000 UTC,1554.0,24.9,2023-10,2023,10,893.35,23.287499999999998
2023-10-01,2100 UTC,753.0,25.6,2023-10,2023,10,893.35,23.287499999999998
2023-10-01,2200 UTC,254.5,25.0,2023-10,2023,10,893.35,23.287499999999998
2023-10-01,2300 UTC,5.2,24.0,2023-10,2023,10,893.35,23.287499999999998
2023-11-01,1000 UTC,38.8,21.3,2023-11,2023,11,1531.4923076923078,24.795833333333334
2023-11-01,1100 UTC,312.0,22.2,2023-11,2023,11,1531.4923076923078,24.795833333333334
2023-11-01,1200 UTC,703.8,23.6,2023-11,2023,11,1531.4923076923078,24.795833333333334
2023-11-01,1300 UTC,1712.3,26.0,2023-11,2023,11,1531.4923076923078,24.795833333333334
2023-11-01,1400 UTC,1664.0,26.6,2023-11,2023,11,1531.4923076923078,24.795833333333334
2023-11-01,1500 UTC,2546.3,28.0,2023-11,2023,11,1531.4923076923078,24.795833333333334
2023-11-01,1600 UTC,2675.6,28.0,2023-11,2023,11,1531.4923076923078,24.795833333333334
2023-11-01,1700 UTC,2534.3,28.8,2023-11,2023,11,1531.4923076923078,24.795833333333334
2023-11-01,1800 UTC,3114.4,31.3,2023-11,2023,11,1531.4923076923078,24.795833333333334
2023-11-01,1900 UTC,2675.6,30.6,2023-11,2023,11,1531.4923076923078,24.795833333333334
2023-11-01,2000 UTC,1343.9,30.4,2023-11,2023,11,1531.4923076923078,24.795833333333334
2023-11-01,2100 UTC,483.3,27.5,2023-11,2023,11,1531.4923076923078,24.795833333333334
2023-11-01,2200 UTC,105.1,25.8,2023-11,2023,11,1531.4923076923078,24.795833333333334
2023-12-01,1000 UTC,26.6,23.3,2023-12,2023,12,874.0714285714286,24.712500000000002
2023-12-01,1100 UTC,134.5,23.3,2023-12,2023,12,874.0714285714286,24.712500000000002
2023-12-01,1200 UTC,479.0,24.1,2023-12,2023,12,874.0714285714286,24.712500000000002
2023-12-01,1300 UTC,1458.9,26.7,2023-12,2023,12,874.0714285714286,24.712500000000002
2023-12-01,1400 UTC,2494.2,28.8,2023-12,2023,12,874.0714285714286,24.712500000000002
2023-12-01,1500 UTC,3142.4,29.9,2023-12,2023,12,874.0714285714286,24.712500000000002
2023-12-01,1600 UTC,1762.1,24.2,2023-12,2023,12,874.0714285714286,24.712500000000002
2023-12-01,1700 UTC,560.6,24.0,2023-12,2023,12,874.0714285714286,24.712500000000002
2023-12-01,1800 UTC,341.6,24.0,2023-12,2023,12,874.0714285714286,24.712500000000002
2023-12-01,1900 UTC,303.0,24.4,2023-12,2023,12,874.0714285714286,24.712500000000002
2023-12-01,2000 UTC,721.6,25.7,2023-12,2023,12,874.0714285714286,24.712500000000002
2023-12-01,2100 UTC,607.9,26.0,2023-12,2023,12,874.0714285714286,24.712500000000002
2023-12-01,2200 UTC,201.1,25.3,2023-12,2023,12,874.0714285714286,24.712500000000002
2023-12-01,2300 UTC,3.5,23.9,2023-12,2023,12,874.0714285714286,24.712500000000002
2023-01-02,1000 UTC,18.5,22.3,2023-01,2023,1,1765.1538461538462,26.1125
2023-01-02,1100 UTC,183.5,23.3,2023-01,2023,1,1765.1538461538462,26.1125
2023-01-02,1200 UTC,561.4,24.8,2023-01,2023,1,1765.1538461538462,26.1125
2023-01-02,1300 UTC,1933.9,27.1,2023-01,2023,1,1765.1538461538462,26.1125
2023-01-02,1400 UTC,2759.4,28.6,2023-01,2023,1,1765.1538461538462,26.1125
2023-01-02,1500 UTC,2764.4,30.1,2023-01,2023,1,1765.1538461538462,26.1125
2023-01-02,1600 UTC,3435.0,30.9,2023-01,2023,1,1765.1538461538462,26.1125
2023-01-02,1700 UTC,3717.5,32.0,2023-01,2023,1,1765.1538461538462,26.1125
2023-01-02,1800 UTC,3532.7,32.9,2023-01,2023,1,1765.1538461538462,26.1125
2023-01-02,1900 UTC,1933.9,31.6,2023-01,2023,1,1765.1538461538462,26.1125
2023-01-02,2000 UTC,1447.6,32.0,2023-01,2023,1,1765.1538461538462,26.1125
2023-01-02,2100 UTC,562.0,29.8,2023-01,2023,1,1765.1538461538462,26.1125
2023-01-02,2200 UTC,97.2,25.1,2023-01,2023,1,1765.1538461538462,26.1125
2023-02-02,1000 UTC,20.3,22.5,2023-02,2023,2,1581.8428571428572,26.416666666666668
2023-02-02,1100 UTC,342.1,23.7,2023-02,2023,2,1581.8428571428572,26.416666666666668
2023-02-02,1200 UTC,988.8,25.4,2023-02,2023,2,1581.8428571428572,26.416666666666668
2023-02-02,1300 UTC,2140.8,26.8,2023-02,2023,2,1581.8428571428572,26.416666666666668
2023-02-02,1400 UTC,2509.3,29.7,2023-02,2023,2,1581.8428571428572,26.416666666666668
2023-02-02,1500 UTC,3028.0,30.9,2023-02,2023,2,1581.8428571428572,26.416666666666668
2023-02-02,1600 UTC,2601.8,31.2,2023-02,2023,2,1581.8428571428572,26.416666666666668
2023-02-02,1700 UTC,2300.6,31.1,2023-02,2023,2,1581.8428571428572,26.416666666666668
2023-02-02,1800 UTC,2970.4,31.6,2023-02,2023,2,1581.8428571428572,26.416666666666668
2023-02-02,1900 UTC,2648.4,32.8,2023-02,2023,2,1581.8428571428572,26.416666666666668
2023-02-02,2000 UTC,1882.1,31.4,2023-02,2023,2,1581.8428571428572,26.416666666666668
2023-02-02,2100 UTC,504.3,30.4,2023-02,2023,2,1581.8428571428572,26.416666666666668
2023-02-02,2200 UTC,206.9,27.2,2023-02,2023,2,1581.8428571428572,26.416666666666668
2023-02-02,2300 UTC,2.0,27.8,2023-02,2023,2,1581.8428571428572,26.416666666666668
2023-03-02,1000 UTC,13.5,23.0,2023-03,2023,3,1619.5857142857144,27.0625
2023-03-02,1100 UTC,401.3,25.3,2023-03,2023,3,1619.5857142857144,27.0625
2023-03-02,1200 UTC,1220.4,26.4,2023-03,2023,3,1619.5857142857144,27.0625
2023-03-02,1300 UTC,1923.1,28.4,2023-03,2023,3,1619.5857142857144,27.0625
2023-03-02,1400 UTC,2797.4,29.2,2023-03,2023,3,1619.5857142857144,27.0625
2023-03-02,1500 UTC,3020.0,30.5,2023-03,2023,3,1619.5857142857144,27.0625
2023-03-02,1600 UTC,3139.8,31.2,2023-03,2023,3,1619.5857142857144,27.0625
2023-03-02,1700 UTC,2658.4,28.3,2023-03,2023,3,1619.5857142857144,27.0625
2023-03-02,1800 UTC,1687.0,29.3,2023-03,2023,3,1619.5857142857144,27.0625
2023-03-02,1900 UTC,1997.3,31.6,2023-03,2023,3,1619.5857142857144,27.0625
2023-03-02,2000 UTC,2264.0,31.6,2023-03,2023,3,1619.5857142857144,27.0625
2023-03-02,2100 UTC,1379.5,30.5,2023-03,2023,3,1619.5857142857144,27.0625
2023-03-02,2200 UTC,169.4,29.2,2023-03,2023,3,1619.5857142857144,27.0625
2023-03-02,2300 UTC,3.1,28.0,2023-03,2023,3,1619.5857142857144,27.0625
2023-04-02,0900 UTC,0.0,22.0,2023-04,2023,4,938.1,23.641666666666666
2023-04-02,1100 UTC,9.2,21.3,2023-04,2023,4,938.1,23.641666666666666
2023-04-02,1200 UTC,44.9,21.2,2023-04,2023,4,938.1,23.641666666666666
2023-04-02,1300 UTC,150.5,21.3,2023-04,2023,4,938.1,23.641666666666666
2023-04-02,1400 UTC,259.4,21.8,2023-04,2023,4,938.1,23.641666666666666
2023-04-02,1500 UTC,800.5,22.4,2023-04,2023,4,938.1,23.641666666666666
2023-04-02,1600 UTC,1203.9,23.7,2023-04,2023,4,938.1,23.641666666666666
2023-04-02,1700 UTC,1798.0,25.1,2023-04,2023,4,938.1,23.641666666666666
2023-04-02,1800 UTC,3117.9,26.7,2023-04,2023,4,938.1,23.641666666666666
2023-04-02,1900 UTC,2667.8,27.2,2023-04,2023,4,938.1,23.641666666666666
2023-04-02,2000 UTC,2111.9,26.4,2023-04,2023,4,938.1,23.641666666666666
2023-04-02,2100 UTC,731.0,25.9,2023-04,2023,4,938.1,23.641666666666666
2023-04-02,2200 UTC,233.8,25.4,2023-04,2023,4,938.1,23.641666666666666
2023-04-02,2300 UTC,4.6,25.4,2023-04,2023,4,938.1,23.641666666666666
2023-05-02,1000 UTC,5.5,21.7,2023-05,2023,5,1532.5,25.90833333333333
2023-05-02,1100 UTC,182.9,22.8,2023-05,2023,5,1532.5,25.90833333333333
2023-05-02,1200 UTC,502.3,23.6,2023-05,2023,5,1532.5,25.90833333333333
2023-05-02,1300 UTC,1881.5,26.1,2023-05,2023,5,1532.5,25.90833333333333
2023-05-02,1400 UTC,2899.9,27.9,2023-05,2023,5,1532.5,25.90833333333333
2023-05-02,1500 UTC,3319.1,30.0,2023-05,2023,5,1532.5,25.90833333333333
2023-05-02,1600 UTC,2826.9,31.3,2023-05,2023,5,1532.5,25.90833333333333
2023-05-02,1700 UTC,2459.4,30.6,2023-05,2023,5,1532.5,25.90833333333333
2023-05-02,1800 UTC,2179.7,31.3,2023-05,2023,5,1532.5,25.90833333333333
2023-05-02,1900 UTC,1328.0,30.4,2023-05,2023,5,1532.5,25.90833333333333
2023-05-02,2000 UTC,2070.0,30.9,2023-05,2023,5,1532.5,25.90833333333333
2023-05-02,2100 UTC,1420.0,30.7,2023-05,2023,5,1532.5,25.90833333333333
2023-05-02,2200 UTC,376.6,28.3,2023-05,2023,5,1532.5,25.90833333333333
2023-05-02,2300 UTC,3.2,27.9,2023-05,2023,5,1532.5,25.90833333333333
2023-06-02,1000 UTC,6.0,23.0,2023-06,2023,6,1241.3076923076924,25.256521739130434
2023-06-02,1100 UTC,448.7,24.2,2023-06,2023,6,1241.3076923076924,25.256521739130434
2023-06-02,1200 UTC,1157.5,26.3,2023-06,2023,6,1241.3076923076924,25.256521739130434
2023-06-02,1300 UTC,1931.5,27.7,2023-06,2023,6,1241.3076923076924,25.256521739130434
2023-06-02,1400 UTC,2242.9,28.4,2023-06,2023,6,1241.3076923076924,25.256521739130434
2023-06-02,1500 UTC,1362.3,27.8,2023-06,2023,6,1241.3076923076924,25.256521739130434
2023-06-02,1600 UTC,1092.7,28.7,2023-06,2023,6,1241.3076923076924,25.256521739130434
2023-06-02,1700 UTC,4127.7,31.2,2023-06,2023,6,1241.3076923076924,25.256521739130434
2023-06-02,1800 UTC,2770.1,28.4,2023-06,2023,6,1241.3076923076924,25.256521739130434
2023-06-02,2000 UTC,374.1,24.3,2023-06,2023,6,1241.3076923076924,25.256521739130434
2023-06-02,2100 UTC,433.9,24.2,2023-06,2023,6,1241.3076923076924,25.256521739130434
2023-06-02,2200 UTC,186.5,23.6,2023-06,2023,6,1241.3076923076924,25.256521739130434
2023-06-02,2300 UTC,3.1,23.2,2023-06,2023,6,1241.3076923076924,25.256521739130434
2023-07-02,1000 UTC,10.8,22.0,2023-07,2023,7,1076.5714285714287,24.429166666666664
2023-07-02,1100 UTC,340.5,23.5,2023-07,2023,7,1076.5714285714287,24.429166666666664
2023-07-02,1200 UTC,864.6,23.8,2023-07,2023,7,1076.5714285714287,24.429166666666664
2023-07-02,1300 UTC,1884.9,26.4,2023-07,2023,7,1076.5714285714287,24.429166666666664
2023-07-02,1400 UTC,2513.5,28.8,2023-07,2023,7,1076.5714285714287,24.429166666666664
2023-07-02,1500 UTC,3013.7,30.1,2023-07,2023,7,1076.5714285714287,24.429166666666664
2023-07-02,1600 UTC,2174.2,31.2,2023-07,2023,7,1076.5714285714287,24.429166666666664
2023-07-02,1700 UTC,2296.8,31.0,2023-07,2023,7,1076.5714285714287,24.429166666666664
2023-07-02,1800 UTC,1533.9,28.0,2023-07,2023,7,1076.5714285714287,24.429166666666664
2023-07-02,1900 UTC,156.7,23.4,2023-07,2023,7,1076.5714285714287,24.429166666666664
2023-07-02,2000 UTC,91.6,23.1,2023-07,2023,7,1076.5714285714287,24.429166666666664
2023-07-02,2100 UTC,101.8,23.1,2023-07,2023,7,1076.5714285714287,24.429166666666664
2023-07-02,2200 UTC,87.1,23.2,2023-07,2023,7,1076.5714285714287,24.429166666666664
2023-07-02,2300 UTC,1.9,22.9,2023-07,2023,7,1076.5714285714287,24.429166666666664
2023-08-02,1000 UTC,14.3,22.1,2023-08,2023,8,1742.9714285714285,26.129166666666666
2023-08-02,1100 UTC,307.5,23.2,2023-08,2023,8,1742.9714285714285,26.129166666666666
2023-08-02,1200 UTC,1240.0,25.5,2023-08,2023,8,1742.9714285714285,26.129166666666666
2023-08-02,1300 UTC,2050.9,27.8,2023-08,2023,8,1742.9714285714285,26.129166666666666
2023-08-02,1400 UTC,2690.2,28.7,2023-08,2023,8,1742.9714285714285,26.129166666666666
2023-08-02,1500 UTC,3221.6,30.0,2023-08,2023,8,1742.9714285714285,26.129166666666666
2023-08-02,1600 UTC,3258.3,30.8,2023-08,2023,8,1742.9714285714285,26.129166666666666
2023-08-02,1700 UTC,3148.5,31.7,2023-08,2023,8,1742.9714285714285,26.129166666666666
2023-08-02,1800 UTC,2630.0,32.0,2023-08,2023,8,1742.9714285714285,26.129166666666666
2023-08-02,1900 UTC,2866.0,32.8,2023-08,2023,8,1742.9714285714285,26.129166666666666
2023-08-02,2000 UTC,2025.3,31.9,2023-08,2023,8,1742.9714285714285,26.129166666666666
2023-08-02,2100 UTC,674.9,29.5,2023-08,2023,8,1742.9714285714285,26.129166666666666
2023-08-02,2200 UTC,270.9,29.0,2023-08,2023,8,1742.9714285714285,26.129166666666666
2023-08-02,2300 UTC,3.2,27.7,2023-08,2023,8,1742.9714285714285,26.129166666666666
2023-09-02,0100 UTC,0.0,23.8,2023-09,2023,9,1337.5933333333335,25.40416666666667
2023-09-02,1000 UTC,7.7,22.2,2023-09,2023,9,1337.5933333333335,25.40416666666667
2023-09-02,1100 UTC,158.7,22.5,2023-09,2023,9,1337.5933333333335,25.40416666666667
2023-09-02,1200 UTC,568.7,23.5,2023-09,2023,9,1337.5933333333335,25.40416666666667
2023-09-02,1300 UTC,1368.5,26.5,2023-09,2023,9,1337.5933333333335,25.40416666666667
2023-09-02,1400 UTC,1973.6,27.1,2023-09,2023,9,1337.5933333333335,25.40416666666667
2023-09-02,1500 UTC,2891.0,29.3,2023-09,2023,9,1337.5933333333335,25.40416666666667
2023-09-02,1600 UTC,3183.3,30.2,2023-09,2023,9,1337.5933333333335,25.40416666666667
2023-09-02,1700 UTC,3056.9,32.1,2023-09,2023,9,1337.5933333333335,25.40416666666667
2023-09-02,1800 UTC,3197.1,32.5,2023-09,2023,9,1337.5933333333335,25.40416666666667
2023-09-02,1900 UTC,1980.4,31.7,2023-09,2023,9,1337.5933333333335,25.40416666666667
2023-09-02,2000 UTC,1084.6,29.5,2023-09,2023,9,1337.5933333333335,25.40416666666667
2023-09-02,2100 UTC,453.4,26.6,2023-09,2023,9,1337.5933333333335,25.40416666666667
2023-09-02,2200 UTC,139.9,25.7,2023-09,2023,9,1337.5933333333335,25.40416666666667
2023-09-02,2300 UTC,0.1,24.9,2023-09,2023,9,1337.5933333333335,25.40416666666667
2023-10-02,1000 UTC,11.0,21.7,2023-10,2023,10,1469.6,25.712500000000002
2023-10-02,1100 UTC,220.9,21.9,2023-10,2023,10,1469.6,25.712500000000002
2023-10-02,1200 UTC,1184.1,24.3,2023-10,2023,10,1469.6,25.712500000000002
2023-10-02,1300 UTC,2197.4,26.3,2023-10,2023,10,1469.6,25.712500000000002
2023-10-02,1400 UTC,2765.1,28.3,2023-10,2023,10,1469.6,25.712500000000002
2023-10-02,1500 UTC,3175.6,29.9,2023-10,2023,10,1469.6,25.712500000000002
2023-10-02,1600 UTC,2820.7,31.4,2023-10,2023,10,1469.6,25.712500000000002
2023-10-02,1700 UTC,2150.2,31.0,2023-10,2023,10,1469.6,25.712500000000002
2023-10-02,1800 UTC,1882.6,28.9,2023-10,2023,10,1469.6,25.712500000000002
2023-10-02,1900 UTC,2158.3,29.3,2023-10,2023,10,1469.6,25.712500000000002
2023-10-02,2000 UTC,701.4,29.7,2023-10,2023,10,1469.6,25.712500000000002
2023-10-02,2100 UTC,1102.3,30.1,2023-10,2023,10,1469.6,25.712500000000002
2023-10-02,2200 UTC,202.3,27.7,2023-10,2023,10,1469.6,25.712500000000002
2023-10-02,2300 UTC,2.5,25.9,2023-10,2023,10,1469.6,25.712500000000002
2023-11-02,1000 UTC,6.8,23.3,2023-11,2023,11,1850.6692307692308,27.570833333333336
2023-11-02,1100 UTC,428.6,25.0,2023-11,2023,11,1850.6692307692308,27.570833333333336
2023-11-02,1200 UTC,1380.8,25.9,2023-11,2023,11,1850.6692307692308,27.570833333333336
2023-11-02,1300 UTC,2094.3,28.0,2023-11,2023,11,1850.6692307692308,27.570833333333336
2023-11-02,1400 UTC,2302.5,30.0,2023-11,2023,11,1850.6692307692308,27.570833333333336
2023-11-02,1500 UTC,3326.6,31.4,2023-11,2023,11,1850.6692307692308,27.570833333333336
2023-11-02,1600 UTC,2359.1,32.2,2023-11,2023,11,1850.6692307692308,27.570833333333336
2023-11-02,1700 UTC,3754.8,32.8,2023-11,2023,11,1850.6692307692308,27.570833333333336
2023-11-02,1800 UTC,2931.8,33.3,2023-11,2023,11,1850.6692307692308,27.570833333333336
2023-11-02,1900 UTC,2807.2,33.6,2023-11,2023,11,1850.6692307692308,27.570833333333336
2023-11-02,2000 UTC,1698.8,32.7,2023-11,2023,11,1850.6692307692308,27.570833333333336
2023-11-02,2100 UTC,787.2,31.9,2023-11,2023,11,1850.6692307692308,27.570833333333336
2023-11-02,2200 UTC,180.2,30.7,2023-11,2023,11,1850.6692307692308,27.570833333333336
2023-12-02,1000 UTC,8.4,22.4,2023-12,2023,12,1883.5,26.84166666666667
2023-12-02,1100 UTC,209.0,22.8,2023-12,2023,12,1883.5,26.84166666666667
2023-12-02,1200 UTC,1127.3,25.6,2023-12,2023,12,1883.5,26.84166666666667
2023-12-02,1300 UTC,2168.9,27.6,2023-12,2023,12,1883.5,26.84166666666667
2023-12-02,1400 UTC,2727.2,29.6,2023-12,2023,12,1883.5,26.84166666666667
2023-12-02,1500 UTC,3372.6,31.2,2023-12,2023,12,1883.5,26.84166666666667
2023-12-02,1600 UTC,3216.0,32.0,2023-12,2023,12,1883.5,26.84166666666667
2023-12-02,1700 UTC,3115.4,32.7,2023-12,2023,12,1883.5,26.84166666666667
2023-12-02,1800 UTC,2815.0,34.1,2023-12,2023,12,1883.5,26.84166666666667
2023-12-02,1900 UTC,2204.9,33.5,2023-12,2023,12,1883.5,26.84166666666667
2023-12-02,2000 UTC,2020.5,33.3,2023-12,2023,12,1883.5,26.84166666666667
2023-12-02,2100 UTC,1236.1,31.6,2023-12,2023,12,1883.5,26.84166666666667
2023-12-02,2200 UTC,264.2,25.3,2023-12,2023,12,1883.5,26.84166666666667
2023-01-03,1000 UTC,4.9,21.4,2023-01,2023,1,1390.9785714285715,25.420833333333334
2023-01-03,1100 UTC,310.1,22.3,2023-01,2023,1,1390.9785714285715,25.420833333333334
2023-01-03,1200 UTC,756.5,24.1,2023-01,2023,1,1390.9785714285715,25.420833333333334
2023-01-03,1300 UTC,1868.3,26.5,2023-01,2023,1,1390.9785714285715,25.420833333333334
2023-01-03,1400 UTC,2714.4,28.6,2023-01,2023,1,1390.9785714285715,25.420833333333334
2023-01-03,1500 UTC,3199.1,29.7,2023-01,2023,1,1390.9785714285715,25.420833333333334
2023-01-03,1600 UTC,2630.6,30.3,2023-01,2023,1,1390.9785714285715,25.420833333333334
2023-01-03,1700 UTC,2296.3,30.9,2023-01,2023,1,1390.9785714285715,25.420833333333334
2023-01-03,1800 UTC,1954.4,31.7,2023-01,2023,1,1390.9785714285715,25.420833333333334
2023-01-03,1900 UTC,1551.5,31.4,2023-01,2023,1,1390.9785714285715,25.420833333333334
2023-01-03,2000 UTC,1093.3,31.9,2023-01,2023,1,1390.9785714285715,25.420833333333334
2023-01-03,2100 UTC,896.8,28.5,2023-01,2023,1,1390.9785714285715,25.420833333333334
2023-01-03,2200 UTC,188.3,26.5,2023-01,2023,1,1390.9785714285715,25.420833333333334
2023-01-03,2300 UTC,9.2,27.0,2023-01,2023,1,1390.9785714285715,25.420833333333334
2023-02-03,1000 UTC,7.1,23.2,2023-02,2023,2,1870.1923076923076,27.433333333333334
2023-02-03,1100 UTC,333.0,24.0,2023-02,2023,2,1870.1923076923076,27.433333333333334
2023-02-03,1200 UTC,1201.7,27.4,2023-02,2023,2,1870.1923076923076,27.433333333333334
2023-02-03,1300 UTC,2187.7,28.6,2023-02,2023,2,1870.1923076923076,27.433333333333334
2023-02-03,1400 UTC,2737.4,30.1,2023-02,2023,2,1870.1923076923076,27.433333333333334
2023-02-03,1500 UTC,3261.8,30.9,2023-02,2023,2,1870.1923076923076,27.433333333333334
2023-02-03,1600 UTC,3509.4,31.6,2023-02,2023,2,1870.1923076923076,27.433333333333334
2023-02-03,1700 UTC,3091.0,31.2,2023-02,2023,2,1870.1923076923076,27.433333333333334
2023-02-03,1800 UTC,2517.9,32.7,2023-02,2023,2,1870.1923076923076,27.433333333333334
2023-02-03,1900 UTC,2765.2,33.1,2023-02,2023,2,1870.1923076923076,27.433333333333334
2023-02-03,2000 UTC,1949.3,32.3,2023-02,2023,2,1870.1923076923076,27.433333333333334
2023-02-03,2100 UTC,569.9,31.7,2023-02,2023,2,1870.1923076923076,27.433333333333334
2023-02-03,2200 UTC,181.1,30.4,2023-02,2023,2,1870.1923076923076,27.433333333333334
2023-03-03,1000 UTC,3.8,21.8,2023-03,2023,3,1755.8428571428572,25.926086956521736
2023-03-03,1100 UTC,321.8,22.6,2023-03,2023,3,1755.8428571428572,25.926086956521736
2023-03-03,1200 UTC,1365.8,24.6,2023-03,2023,3,1755.8428571428572,25.926086956521736
2023-03-03,1300 UTC,2138.4,27.5,2023-03,2023,3,1755.8428571428572,25.926086956521736
2023-03-03,1400 UTC,2718.2,29.7,2023-03,2023,3,1755.8428571428572,25.926086956521736
2023-03-03,1500 UTC,3123.6,30.6,2023-03,2023,3,1755.8428571428572,25.926086956521736
2023-03-03,1600 UTC,3536.5,31.9,2023-03,2023,3,1755.8428571428572,25.926086956521736
2023-03-03,1700 UTC,3020.6,31.2,2023-03,2023,3,1755.8428571428572,25.926086956521736
2023-03-03,1800 UTC,3118.8,32.3,2023-03,2023,3,1755.8428571428572,25.926086956521736
2023-03-03,1900 UTC,2720.6,32.9,2023-03,2023,3,1755.8428571428572,25.926086956521736
2023-03-03,2000 UTC,2014.6,32.8,2023-03,2023,3,1755.8428571428572,25.926086956521736
2023-03-03,2100 UTC,426.3,27.0,2023-03,2023,3,1755.8428571428572,25.926086956521736
2023-03-03,2200 UTC,72.7,23.1,2023-03,2023,3,1755.8428571428572,25.926086956521736
2023-03-03,2300 UTC,0.1,22.7,2023-03,2023,3,1755.8428571428572,25.926086956521736
2023-04-03,1000 UTC,12.4,22.6,2023-04,2023,4,1641.6928571428573,25.995833333333334
2023-04-03,1100 UTC,355.7,23.0,2023-04,2023,4,1641.6928571428573,25.995833333333334
2023-04-03,1200 UTC,937.4,23.9,2023-04,2023,4,1641.6928571428573,25.995833333333334
2023-04-03,1300 UTC,2051.3,26.2,2023-04,2023,4,1641.6928571428573,25.995833333333334
2023-04-03,1400 UTC,2738.0,28.4,2023-04,2023,4,1641.6928571428573,25.995833333333334
2023-04-03,1500 UTC,3218.6,29.9,2023-04,2023,4,1641.6928571428573,25.995833333333334
2023-04-03,1600 UTC,3533.8,30.9,2023-04,2023,4,1641.6928571428573,25.995833333333334
2023-04-03,1700 UTC,2989.4,30.6,2023-04,2023,4,1641.6928571428573,25.995833333333334
2023-04-03,1800 UTC,2400.1,31.8,2023-04,2023,4,1641.6928571428573,25.995833333333334
2023-04-03,1900 UTC,2431.7,31.6,2023-04,2023,4,1641.6928571428573,25.995833333333334
2023-04-03,2000 UTC,1465.5,31.7,2023-04,2023,4,1641.6928571428573,25.995833333333334
2023-04-03,2100 UTC,510.6,31.2,2023-04,2023,4,1641.6928571428573,25.995833333333334
2023-04-03,2200 UTC,338.1,30.3,2023-04,2023,4,1641.6928571428573,25.995833333333334
2023-04-03,2300 UTC,1.1,25.1,2023-04,2023,4,1641.6928571428573,25.995833333333334
2023-05-03,0000 UTC,0.7,24.6,2023-05,2023,5,1582.0071428571428,26.5
2023-05-03,1000 UTC,5.6,23.2,2023-05,2023,5,1582.0071428571428,26.5
2023-05-03,1100 UTC,278.0,23.9,2023-05,2023,5,1582.0071428571428,26.5
2023-05-03,1200 UTC,1205.5,25.8,2023-05,2023,5,1582.0071428571428,26.5
2023-05-03,1300 UTC,1523.8,26.6,2023-05,2023,5,1582.0071428571428,26.5
2023-05-03,1400 UTC,2326.1,27.7,2023-05,2023,5,1582.0071428571428,26.5
2023-05-03,1500 UTC,2720.8,29.8,2023-05,2023,5,1582.0071428571428,26.5
2023-05-03,1600 UTC,2886.1,29.7,2023-05,2023,5,1582.0071428571428,26.5
2023-05-03,1700 UTC,1806.3,30.3,2023-05,2023,5,1582.0071428571428,26.5
2023-05-03,1800 UTC,3069.3,31.6,2023-05,2023,5,1582.0071428571428,26.5
2023-05-03,1900 UTC,2815.8,32.4,2023-05,2023,5,1582.0071428571428,26.5
2023-05-03,2000 UTC,2312.0,32.7,2023-05,2023,5,1582.0071428571428,26.5
2023-05-03,2100 UTC,1084.5,26.2,2023-05,2023,5,1582.0071428571428,26.5
2023-05-03,2200 UTC,113.6,26.6,2023-05,2023,5,1582.0071428571428,26.5
2023-06-03,1000 UTC,2.6,24.0,2023-06,2023,6,1360.9,26.287499999999998
2023-06-03,1100 UTC,194.3,25.2,2023-06,2023,6,1360.9,26.287499999999998
2023-06-03,1200 UTC,673.3,26.2,2023-06,2023,6,1360.9,26.287499999999998
2023-06-03,1300 UTC,1250.5,27.1,2023-06,2023,6,1360.9,26.287499999999998
2023-06-03,1400 UTC,1483.4,28.3,2023-06,2023,6,1360.9,26.287499999999998
2023-06-03,1500 UTC,1655.4,28.9,2023-06,2023,6,1360.9,26.287499999999998
2023-06-03,1600 UTC,1818.7,26.0,2023-06,2023,6,1360.9,26.287499999999998
2023-06-03,1700 UTC,1332.1,27.9,2023-06,2023,6,1360.9,26.287499999999998
2023-06-03,1800 UTC,3232.7,31.0,2023-06,2023,6,1360.9,26.287499999999998
2023-06-03,1900 UTC,3125.8,32.6,2023-06,2023,6,1360.9,26.287499999999998
2023-06-03,2000 UTC,2445.6,30.8,2023-06,2023,6,1360.9,26.287499999999998
2023-06-03,2100 UTC,359.5,27.8,2023-06,2023,6,1360.9,26.287499999999998
2023-06-03,2200 UTC,117.8,24.9,2023-06,2023,6,1360.9,26.287499999999998
2023-07-03,1000 UTC,0.7,23.0,2023-07,2023,7,1619.8076923076924,26.366666666666664
2023-07-03,1100 UTC,197.7,23.6,2023-07,2023,7,1619.8076923076924,26.366666666666664
2023-07-03,1200 UTC,921.7,26.3,2023-07,2023,7,1619.8076923076924,26.366666666666664
2023-07-03,1300 UTC,1692.8,26.9,2023-07,2023,7,1619.8076923076924,26.366666666666664
2023-07-03,1400 UTC,2058.8,27.9,2023-07,2023,7,1619.8076923076924,26.366666666666664
2023-07-03,1500 UTC,2688.6,29.6,2023-07,2023,7,1619.8076923076924,26.366666666666664
2023-07-03,1600 UTC,2866.4,30.3,2023-07,2023,7,1619.8076923076924,26.366666666666664
2023-07-03,1700 UTC,2484.4,30.8,2023-07,2023,7,1619.8076923076924,26.366666666666664
2023-07-03,1800 UTC,2903.4,32.1,2023-07,2023,7,1619.8076923076924,26.366666666666664
2023-07-03,1900 UTC,2057.1,32.1,2023-07,2023,7,1619.8076923076924,26.366666666666664
2023-07-03,2000 UTC,1900.8,32.1,2023-07,2023,7,1619.8076923076924,26.366666666666664
2023-07-03,2100 UTC,1174.3,28.9,2023-07,2023,7,1619.8076923076924,26.366666666666664
2023-07-03,2200 UTC,110.8,28.1,2023-07,2023,7,1619.8076923076924,26.366666666666664
2023-08-03,0700 UTC,0.6,22.3,2023-08,2023,8,652.6428571428571,23.59583333333333
2023-08-03,1000 UTC,0.4,21.9,2023-08,2023,8,652.6428571428571,23.59583333333333
2023-08-03,1100 UTC,5.0,21.8,2023-08,2023,8,652.6428571428571,23.59583333333333
2023-08-03,1200 UTC,27.5,21.8,2023-08,2023,8,652.6428571428571,23.59583333333333
2023-08-03,1300 UTC,127.0,22.1,2023-08,2023,8,652.6428571428571,23.59583333333333
2023-08-03,1400 UTC,372.0,22.4,2023-08,2023,8,652.6428571428571,23.59583333333333
2023-08-03,1500 UTC,676.8,23.0,2023-08,2023,8,652.6428571428571,23.59583333333333
2023-08-03,1600 UTC,1113.0,23.5,2023-08,2023,8,652.6428571428571,23.59583333333333
2023-08-03,1700 UTC,1550.7,24.8,2023-08,2023,8,652.6428571428571,23.59583333333333
2023-08-03,1800 UTC,1812.4,25.9,2023-08,2023,8,652.6428571428571,23.59583333333333
2023-08-03,1900 UTC,1691.0,27.4,2023-08,2023,8,652.6428571428571,23.59583333333333
2023-08-03,2000 UTC,934.1,27.5,2023-08,2023,8,652.6428571428571,23.59583333333333
2023-08-03,2100 UTC,695.2,27.0,2023-08,2023,8,652.6428571428571,23.59583333333333
2023-08-03,2200 UTC,131.3,26.3,2023-08,2023,8,652.6428571428571,23.59583333333333
2023-09-03,1000 UTC,0.1,21.9,2023-09,2023,9,1474.8461538461538,25.25
2023-09-03,1100 UTC,156.1,22.4,2023-09,2023,9,1474.8461538461538,25.25
2023-09-03,1200 UTC,650.9,23.9,2023-09,2023,9,1474.8461538461538,25.25
2023-09-03,1300 UTC,1291.1,25.7,2023-09,2023,9,1474.8461538461538,25.25
2023-09-03,1400 UTC,2304.1,27.0,2023-09,2023,9,1474.8461538461538,25.25
2023-09-03,1500 UTC,3120.3,29.0,2023-09,2023,9,1474.8461538461538,25.25
2023-09-03,1600 UTC,2430.2,28.8,2023-09,2023,9,1474.8461538461538,25.25
2023-09-03,1700 UTC,2071.5,28.9,2023-09,2023,9,1474.8461538461538,25.25
2023-09-03,1800 UTC,2469.9,30.7,2023-09,2023,9,1474.8461538461538,25.25
2023-09-03,1900 UTC,2854.5,31.1,2023-09,2023,9,1474.8461538461538,25.25
2023-09-03,2000 UTC,1096.9,27.1,2023-09,2023,9,1474.8461538461538,25.25
2023-09-03,2100 UTC,431.5,27.9,2023-09,2023,9,1474.8461538461538,25.25
2023-09-03,2200 UTC,295.9,25.7,2023-09,2023,9,1474.8461538461538,25.25
2023-10-03,1000 UTC,5.0,23.0,2023-10,2023,10,1142.4,25.25
2023-10-03,1100 UTC,248.8,23.5,2023-10,2023,10,1142.4,25.25
2023-10-03,1200 UTC,1007.0,25.8,2023-10,2023,10,1142.4,25.25
2023-10-03,1300 UTC,1139.7,26.4,2023-10,2023,10,1142.4,25.25
2023-10-03,1400 UTC,1431.2,27.9,2023-10,2023,10,1142.4,25.25
2023-10-03,1500 UTC,2845.3,29.7,2023-10,2023,10,1142.4,25.25
2023-10-03,1600 UTC,3189.8,30.8,2023-10,2023,10,1142.4,25.25
2023-10-03,1700 UTC,3100.5,30.1,2023-10,2023,10,1142.4,25.25
2023-10-03,1800 UTC,1439.9,30.4,2023-10,2023,10,1142.4,25.25
2023-10-03,1900 UTC,296.5,23.5,2023-10,2023,10,1142.4,25.25
2023-10-03,2000 UTC,80.9,23.5,2023-10,2023,10,1142.4,25.25
2023-10-03,2100 UTC,52.3,23.6,2023-10,2023,10,1142.4,25.25
2023-10-03,2200 UTC,14.3,22.7,2023-10,2023,10,1142.4,25.25
2023-11-03,1000 UTC,0.8,22.2,2023-11,2023,11,1118.8999999999999,24.4875
2023-11-03,1100 UTC,112.4,22.5,2023-11,2023,11,1118.8999999999999,24.4875
2023-11-03,1200 UTC,508.2,23.1,2023-11,2023,11,1118.8999999999999,24.4875
2023-11-03,1300 UTC,1099.1,24.0,2023-11,2023,11,1118.8999999999999,24.4875
2023-11-03,1400 UTC,1719.0,25.7,2023-11,2023,11,1118.8999999999999,24.4875
2023-11-03,1500 UTC,1692.3,26.9,2023-11,2023,11,1118.8999999999999,24.4875
2023-11-03,1600 UTC,2039.1,27.5,2023-11,2023,11,1118.8999999999999,24.4875
2023-11-03,1700 UTC,1408.7,27.0,2023-11,2023,11,1118.8999999999999,24.4875
2023-11-03,1800 UTC,1397.3,27.5,2023-11,2023,11,1118.8999999999999,24.4875
2023-11-03,1900 UTC,2080.0,28.2,2023-11,2023,11,1118.8999999999999,24.4875
2023-11-03,2000 UTC,1408.8,28.1,2023-11,2023,11,1118.8999999999999,24.4875
2023-11-03,2100 UTC,930.8,28.3,2023-11,2023,11,1118.8999999999999,24.4875
2023-11-03,2200 UTC,149.2,26.4,2023-11,2023,11,1118.8999999999999,24.4875
2023-12-03,1000 UTC,2.0,22.7,2023-12,2023,12,465.5307692307693,23.079166666666666
2023-12-03,1100 UTC,231.9,23.2,2023-12,2023,12,465.5307692307693,23.079166666666666
2023-12-03,1200 UTC,301.0,23.2,2023-12,2023,12,465.5307692307693,23.079166666666666
2023-12-03,1300 UTC,395.3,23.4,2023-12,2023,12,465.5307692307693,23.079166666666666
2023-12-03,1400 UTC,480.6,23.7,2023-12,2023,12,465.5307692307693,23.079166666666666
2023-12-03,1500 UTC,498.7,23.9,2023-12,2023,12,465.5307692307693,23.079166666666666
2023-12-03,1600 UTC,785.7,23.3,2023-12,2023,12,465.5307692307693,23.079166666666666
2023-12-03,1700 UTC,799.8,23.4,2023-12,2023,12,465.5307692307693,23.079166666666666
2023-12-03,1800 UTC,1245.4,24.5,2023-12,2023,12,465.5307692307693,23.079166666666666
2023-12-03,1900 UTC,580.9,21.9,2023-12,2023,12,465.5307692307693,23.079166666666666
2023-12-03,2000 UTC,635.7,22.7,2023-12,2023,12,465.5307692307693,23.079166666666666
2023-12-03,2100 UTC,78.5,21.8,2023-12,2023,12,465.5307692307693,23.079166666666666
2023-12-03,2200 UTC,16.4,21.6,2023-12,2023,12,465.5307692307693,23.079166666666666
2023-01-04,1000 UTC,6.6,22.4,2023-01,2023,1,1567.246153846154,25.704166666666666
2023-01-04,1100 UTC,412.0,24.1,2023-01,2023,1,1567.246153846154,25.704166666666666
2023-01-04,1200 UTC,1170.6,25.7,2023-01,2023,1,1567.246153846154,25.704166666666666
2023-01-04,1300 UTC,2110.2,26.4,2023-01,2023,1,1567.246153846154,25.704166666666666
2023-01-04,1400 UTC,2300.7,27.3,2023-01,2023,1,1567.246153846154,25.704166666666666
2023-01-04,1500 UTC,2957.0,28.3,2023-01,2023,1,1567.246153846154,25.704166666666666
2023-01-04,1600 UTC,2169.5,28.7,2023-01,2023,1,1567.246153846154,25.704166666666666
2023-01-04,1700 UTC,2435.8,29.5,2023-01,2023,1,1567.246153846154,25.704166666666666
2023-01-04,1800 UTC,2616.6,30.3,2023-01,2023,1,1567.246153846154,25.704166666666666
2023-01-04,1900 UTC,2056.9,30.4,2023-01,2023,1,1567.246153846154,25.704166666666666
2023-01-04,2000 UTC,1286.7,30.1,2023-01,2023,1,1567.246153846154,25.704166666666666
2023-01-04,2100 UTC,778.4,27.3,2023-01,2023,1,1567.246153846154,25.704166666666666
2023-01-04,2200 UTC,73.2,24.0,2023-01,2023,1,1567.246153846154,25.704166666666666
2023-02-04,1000 UTC,2.6,22.3,2023-02,2023,2,957.323076923077,24.27916666666667
2023-02-04,1100 UTC,60.0,22.4,2023-02,2023,2,957.323076923077,24.27916666666667
2023-02-04,1200 UTC,280.7,23.1,2023-02,2023,2,957.323076923077,24.27916666666667
2023-02-04,1300 UTC,722.0,23.9,2023-02,2023,2,957.323076923077,24.27916666666667
2023-02-04,1400 UTC,861.6,24.5,2023-02,2023,2,957.323076923077,24.27916666666667
2023-02-04,1500 UTC,764.5,25.1,2023-02,2023,2,957.323076923077,24.27916666666667
2023-02-04,1600 UTC,1173.8,26.1,2023-02,2023,2,957.323076923077,24.27916666666667
2023-02-04,1700 UTC,2243.5,27.3,2023-02,2023,2,957.323076923077,24.27916666666667
2023-02-04,1800 UTC,2677.5,28.1,2023-02,2023,2,957.323076923077,24.27916666666667
2023-02-04,1900 UTC,1837.4,27.5,2023-02,2023,2,957.323076923077,24.27916666666667
2023-02-04,2000 UTC,1208.2,27.1,2023-02,2023,2,957.323076923077,24.27916666666667
2023-02-04,2100 UTC,539.5,26.2,2023-02,2023,2,957.323076923077,24.27916666666667
2023-02-04,2200 UTC,73.9,25.2,2023-02,2023,2,957.323076923077,24.27916666666667
2023-03-04,1000 UTC,1.0,21.7,2023-03,2023,3,1580.5230769230768,24.9375
2023-03-04,1100 UTC,495.6,22.9,2023-03,2023,3,1580.5230769230768,24.9375
2023-03-04,1200 UTC,1262.1,24.5,2023-03,2023,3,1580.5230769230768,24.9375
2023-03-04,1300 UTC,2296.0,25.5,2023-03,2023,3,1580.5230769230768,24.9375
2023-03-04,1400 UTC,1925.5,25.2,2023-03,2023,3,1580.5230769230768,24.9375
2023-03-04,1500 UTC,1757.2,26.0,2023-03,2023,3,1580.5230769230768,24.9375
2023-03-04,1600 UTC,2415.6,27.8,2023-03,2023,3,1580.5230769230768,24.9375
2023-03-04,1700 UTC,3216.3,27.9,2023-03,2023,3,1580.5230769230768,24.9375
2023-03-04,1800 UTC,2537.5,28.4,2023-03,2023,3,1580.5230769230768,24.9375
2023-03-04,1900 UTC,2000.1,28.4,2023-03,2023,3,1580.5230769230768,24.9375
2023-03-04,2000 UTC,1814.2,30.2,2023-03,2023,3,1580.5230769230768,24.9375
2023-03-04,2100 UTC,777.4,27.9,2023-03,2023,3,1580.5230769230768,24.9375
2023-03-04,2200 UTC,48.3,27.3,2023-03,2023,3,1580.5230769230768,24.9375
2023-04-04,1000 UTC,4.1,21.3,2023-04,2023,4,1574.9384615384615,25.90416666666667
2023-04-04,1100 UTC,472.8,22.9,2023-04,2023,4,1574.9384615384615,25.90416666666667
2023-04-04,1200 UTC,1123.1,25.0,2023-04,2023,4,1574.9384615384615,25.90416666666667
2023-04-04,1300 UTC,1979.8,26.9,2023-04,2023,4,1574.9384615384615,25.90416666666667
2023-04-04,1400 UTC,2454.3,28.5,2023-04,2023,4,1574.9384615384615,25.90416666666667
2023-04-04,1500 UTC,2805.3,29.4,2023-04,2023,4,1574.9384615384615,25.90416666666667
2023-04-04,1600 UTC,2704.8,29.6,2023-04,2023,4,1574.9384615384615,25.90416666666667
2023-04-04,1700 UTC,2964.8,31.0,2023-04,2023,4,1574.9384615384615,25.90416666666667
2023-04-04,1800 UTC,2366.7,31.2,2023-04,2023,4,1574.9384615384615,25.90416666666667
2023-04-04,1900 UTC,1403.3,29.9,2023-04,2023,4,1574.9384615384615,25.90416666666667
2023-04-04,2000 UTC,1382.3,30.0,2023-04,2023,4,1574.9384615384615,25.90416666666667
2023-04-04,2100 UTC,744.5,29.5,2023-04,2023,4,1574.9384615384615,25.90416666666667
2023-04-04,2200 UTC,68.4,28.2,2023-04,2023,4,1574.9384615384615,25.90416666666667
2023-05-04,1000 UTC,7.5,23.0,2023-05,2023,5,1518.7076923076925,26.51304347826087
2023-05-04,1100 UTC,371.1,24.6,2023-05,2023,5,1518.7076923076925,26.51304347826087
2023-05-04,1200 UTC,1147.2,25.9,2023-05,2023,5,1518.7076923076925,26.51304347826087
2023-05-04,1300 UTC,1828.5,27.1,2023-05,2023,5,1518.7076923076925,26.51304347826087
2023-05-04,1400 UTC,2509.8,28.6,2023-05,2023,5,1518.7076923076925,26.51304347826087
2023-05-04,1500 UTC,2771.8,28.6,2023-05,2023,5,1518.7076923076925,26.51304347826087
2023-05-04,1600 UTC,2030.9,29.9,2023-05,2023,5,1518.7076923076925,26.51304347826087
2023-05-04,1700 UTC,2906.3,30.6,2023-05,2023,5,1518.7076923076925,26.51304347826087
2023-05-04,1800 UTC,2315.1,29.9,2023-05,2023,5,1518.7076923076925,26.51304347826087
2023-05-04,1900 UTC,1776.1,29.8,2023-05,2023,5,1518.7076923076925,26.51304347826087
2023-05-04,2000 UTC,1453.5,29.5,2023-05,2023,5,1518.7076923076925,26.51304347826087
2023-05-04,2100 UTC,547.4,29.2,2023-05,2023,5,1518.7076923076925,26.51304347826087
2023-05-04,2200 UTC,78.0,27.9,2023-05,2023,5,1518.7076923076925,26.51304347826087
2023-06-04,1000 UTC,1.4,22.9,2023-06,2023,6,691.7461538461539,24.27916666666667
2023-06-04,1100 UTC,8.0,22.4,2023-06,2023,6,691.7461538461539,24.27916666666667
2023-06-04,1200 UTC,16.9,20.8,2023-06,2023,6,691.7461538461539,24.27916666666667
2023-06-04,1300 UTC,145.3,21.4,2023-06,2023,6,691.7461538461539,24.27916666666667
2023-06-04,1400 UTC,499.4,22.4,2023-06,2023,6,691.7461538461539,24.27916666666667
2023-06-04,1500 UTC,709.6,23.3,2023-06,2023,6,691.7461538461539,24.27916666666667
2023-06-04,1600 UTC,768.4,23.6,2023-06,2023,6,691.7461538461539,24.27916666666667
2023-06-04,1700 UTC,1077.7,24.7,2023-06,2023,6,691.7461538461539,24.27916666666667
2023-06-04,1800 UTC,1665.0,25.7,2023-06,2023,6,691.7461538461539,24.27916666666667
2023-06-04,1900 UTC,1878.1,27.0,2023-06,2023,6,691.7461538461539,24.27916666666667
2023-06-04,2000 UTC,1464.1,27.5,2023-06,2023,6,691.7461538461539,24.27916666666667
2023-06-04,2100 UTC,716.8,25.6,2023-06,2023,6,691.7461538461539,24.27916666666667
2023-06-04,2200 UTC,42.0,24.5,2023-06,2023,6,691.7461538461539,24.27916666666667
2023-07-04,1000 UTC,1.1,22.2,2023-07,2023,7,889.676923076923,23.945833333333336
2023-07-04,1100 UTC,155.2,22.7,2023-07,2023,7,889.676923076923,23.945833333333336
2023-07-04,1200 UTC,698.5,24.5,2023-07,2023,7,889.676923076923,23.945833333333336
2023-07-04,1300 UTC,1073.9,26.3,2023-07,2023,7,889.676923076923,23.945833333333336
2023-07-04,1400 UTC,1596.1,27.1,2023-07,2023,7,889.676923076923,23.945833333333336
2023-07-04,1500 UTC,1935.5,28.7,2023-07,2023,7,889.676923076923,23.945833333333336
2023-07-04,1600 UTC,1708.0,28.7,2023-07,2023,7,889.676923076923,23.945833333333336
2023-07-04,1700 UTC,1703.2,29.4,2023-07,2023,7,889.676923076923,23.945833333333336
2023-07-04,1800 UTC,1831.1,24.2,2023-07,2023,7,889.676923076923,23.945833333333336
2023-07-04,1900 UTC,290.1,22.4,2023-07,2023,7,889.676923076923,23.945833333333336
2023-07-04,2000 UTC,278.8,22.7,2023-07,2023,7,889.676923076923,23.945833333333336
2023-07-04,2100 UTC,259.6,23.0,2023-07,2023,7,889.676923076923,23.945833333333336
2023-07-04,2200 UTC,34.7,22.7,2023-07,2023,7,889.676923076923,23.945833333333336
2023-08-04,1000 UTC,0.0,21.5,2023-08,2023,8,848.9153846153846,23.3125
2023-08-04,1100 UTC,125.5,22.2,2023-08,2023,8,848.9153846153846,23.3125
2023-08-04,1200 UTC,572.0,23.8,2023-08,2023,8,848.9153846153846,23.3125
2023-08-04,1300 UTC,1679.6,26.3,2023-08,2023,8,848.9153846153846,23.3125
2023-08-04,1400 UTC,1851.8,27.2,2023-08,2023,8,848.9153846153846,23.3125
2023-08-04,1500 UTC,2444.8,28.4,2023-08,2023,8,848.9153846153846,23.3125
2023-08-04,1600 UTC,2759.7,29.2,2023-08,2023,8,848.9153846153846,23.3125
2023-08-04,1700 UTC,928.4,25.0,2023-08,2023,8,848.9153846153846,23.3125
2023-08-04,1800 UTC,115.7,22.7,2023-08,2023,8,848.9153846153846,23.3125
2023-08-04,1900 UTC,108.6,22.8,2023-08,2023,8,848.9153846153846,23.3125
2023-08-04,2000 UTC,185.0,22.9,2023-08,2023,8,848.9153846153846,23.3125
2023-08-04,2100 UTC,214.8,23.0,2023-08,2023,8,848.9153846153846,23.3125
2023-08-04,2200 UTC,50.0,22.8,2023-08,2023,8,848.9153846153846,23.3125
2023-09-04,1000 UTC,1.3,21.9,2023-09,2023,9,1596.7250000000001,25.069565217391304
2023-09-04,1100 UTC,232.5,22.8,2023-09,2023,9,1596.7250000000001,25.069565217391304
2023-09-04,1200 UTC,1162.3,25.1,2023-09,2023,9,1596.7250000000001,25.069565217391304
2023-09-04,1300 UTC,1880.9,27.5,2023-09,2023,9,1596.7250000000001,25.069565217391304
2023-09-04,1400 UTC,2473.8,28.0,2023-09,2023,9,1596.7250000000001,25.069565217391304
2023-09-04,1500 UTC,2151.0,28.6,2023-09,2023,9,1596.7250000000001,25.069565217391304
2023-09-04,1600 UTC,2328.9,29.5,2023-09,2023,9,1596.7250000000001,25.069565217391304
2023-09-04,1700 UTC,2408.2,27.3,2023-09,2023,9,1596.7250000000001,25.069565217391304
2023-09-04,1800 UTC,2072.2,28.8,2023-09,2023,9,1596.7250000000001,25.069565217391304
2023-09-04,1900 UTC,2112.8,29.5,2023-09,2023,9,1596.7250000000001,25.069565217391304
2023-09-04,2000 UTC,1652.0,29.1,2023-09,2023,9,1596.7250000000001,25.069565217391304
2023-09-04,2100 UTC,684.8,28.4,2023-09,2023,9,1596.7250000000001,25.069565217391304
2023-10-04,1000 UTC,0.3,22.3,2023-10,2023,10,1002.3076923076923,25.2625
2023-10-04,1100 UTC,142.8,22.9,2023-10,2023,10,1002.3076923076923,25.2625
2023-10-04,1200 UTC,1237.2,25.5,2023-10,2023,10,1002.3076923076923,25.2625
2023-10-04,1300 UTC,1801.2,26.8,2023-10,2023,10,1002.3076923076923,25.2625
2023-10-04,1400 UTC,1760.8,28.4,2023-10,2023,10,1002.3076923076923,25.2625
2023-10-04,1500 UTC,2295.9,29.8,2023-10,2023,10,1002.3076923076923,25.2625
2023-10-04,1600 UTC,1414.6,29.5,2023-10,2023,10,1002.3076923076923,25.2625
2023-10-04,1700 UTC,646.2,27.7,2023-10,2023,10,1002.3076923076923,25.2625
2023-10-04,1800 UTC,2221.5,27.0,2023-10,2023,10,1002.3076923076923,25.2625
2023-10-04,1900 UTC,374.3,24.8,2023-10,2023,10,1002.3076923076923,25.2625
2023-10-04,2000 UTC,526.0,26.0,2023-10,2023,10,1002.3076923076923,25.2625
2023-10-04,2100 UTC,556.1,27.2,2023-10,2023,10,1002.3076923076923,25.2625
2023-10-04,2200 UTC,53.1,26.3,2023-10,2023,10,1002.3076923076923,25.2625
2023-11-04,1000 UTC,0.4,22.2,2023-11,2023,11,1311.5615384615385,25.224999999999998
2023-11-04,1100 UTC,176.6,22.9,2023-11,2023,11,1311.5615384615385,25.224999999999998
2023-11-04,1200 UTC,605.5,23.9,2023-11,2023,11,1311.5615384615385,25.224999999999998
2023-11-04,1300 UTC,1013.0,24.7,2023-11,2023,11,1311.5615384615385,25.224999999999998
2023-11-04,1400 UTC,1938.1,27.0,2023-11,2023,11,1311.5615384615385,25.224999999999998
2023-11-04,1500 UTC,2763.5,27.9,2023-11,2023,11,1311.5615384615385,25.224999999999998
2023-11-04,1600 UTC,1446.4,26.2,2023-11,2023,11,1311.5615384615385,25.224999999999998
2023-11-04,1700 UTC,1864.3,28.0,2023-11,2023,11,1311.5615384615385,25.224999999999998
2023-11-04,1800 UTC,2595.0,29.6,2023-11,2023,11,1311.5615384615385,25.224999999999998
2023-11-04,1900 UTC,2456.0,29.5,2023-11,2023,11,1311.5615384615385,25.224999999999998
2023-11-04,2000 UTC,1774.9,29.0,2023-11,2023,11,1311.5615384615385,25.224999999999998
2023-11-04,2100 UTC,337.2,27.6,2023-11,2023,11,1311.5615384615385,25.224999999999998
2023-11-04,2200 UTC,79.4,26.5,2023-11,2023,11,1311.5615384615385,25.224999999999998
2023-12-04,1000 UTC,5.7,21.7,2023-12,2023,12,1493.246153846154,25.837500000000002
2023-12-04,1100 UTC,218.1,22.9,2023-12,2023,12,1493.246153846154,25.837500000000002
2023-12-04,1200 UTC,1187.8,25.5,2023-12,2023,12,1493.246153846154,25.837500000000002
2023-12-04,1300 UTC,1992.3,27.6,2023-12,2023,12,1493.246153846154,25.837500000000002
2023-12-04,1400 UTC,2401.7,28.8,2023-12,2023,12,1493.246153846154,25.837500000000002
2023-12-04,1500 UTC,2231.3,29.5,2023-12,2023,12,1493.246153846154,25.837500000000002
2023-12-04,1600 UTC,2602.3,30.0,2023-12,2023,12,1493.246153846154,25.837500000000002
2023-12-04,1700 UTC,2284.2,30.3,2023-12,2023,12,1493.246153846154,25.837500000000002
2023-12-04,1800 UTC,2513.9,31.1,2023-12,2023,12,1493.246153846154,25.837500000000002
2023-12-04,1900 UTC,2436.1,30.9,2023-12,2023,12,1493.246153846154,25.837500000000002
2023-12-04,2000 UTC,1012.2,28.8,2023-12,2023,12,1493.246153846154,25.837500000000002
2023-12-04,2100 UTC,453.7,28.0,2023-12,2023,12,1493.246153846154,25.837500000000002
2023-12-04,2200 UTC,72.9,27.6,2023-12,2023,12,1493.246153846154,25.837500000000002
2023-01-05,1000 UTC,3.7,22.5,2023-01,2023,1,1090.6,25.875
2023-01-05,1100 UTC,339.4,24.4,2023-01,2023,1,1090.6,25.875
2023-01-05,1200 UTC,918.3,26.5,2023-01,2023,1,1090.6,25.875
2023-01-05,1300 UTC,1760.7,28.2,2023-01,2023,1,1090.6,25.875
2023-01-05,1400 UTC,2346.4,29.7,2023-01,2023,1,1090.6,25.875
2023-01-05,1500 UTC,1909.7,30.1,2023-01,2023,1,1090.6,25.875
2023-01-05,1600 UTC,2600.0,31.4,2023-01,2023,1,1090.6,25.875
2023-01-05,1700 UTC,1108.5,30.5,2023-01,2023,1,1090.6,25.875
2023-01-05,1800 UTC,1163.8,32.0,2023-01,2023,1,1090.6,25.875
2023-01-05,1900 UTC,1578.5,31.0,2023-01,2023,1,1090.6,25.875
2023-01-05,2000 UTC,275.9,24.7,2023-01,2023,1,1090.6,25.875
2023-01-05,2100 UTC,159.9,24.4,2023-01,2023,1,1090.6,25.875
2023-01-05,2200 UTC,13.0,24.0,2023-01,2023,1,1090.6,25.875
2023-02-05,1000 UTC,0.6,20.9,2023-02,2023,2,1280.3153846153846,25.104166666666668
2023-02-05,1100 UTC,333.7,21.9,2023-02,2023,2,1280.3153846153846,25.104166666666668
2023-02-05,1200 UTC,972.8,24.4,2023-02,2023,2,1280.3153846153846,25.104166666666668
2023-02-05,1300 UTC,1845.9,26.6,2023-02,2023,2,1280.3153846153846,25.104166666666668
2023-02-05,1400 UTC,2209.0,26.8,2023-02,2023,2,1280.3153846153846,25.104166666666668
2023-02-05,1500 UTC,2134.8,28.5,2023-02,2023,2,1280.3153846153846,25.104166666666668
2023-02-05,1600 UTC,2308.0,29.3,2023-02,2023,2,1280.3153846153846,25.104166666666668
2023-02-05,1700 UTC,1568.7,29.3,2023-02,2023,2,1280.3153846153846,25.104166666666668
2023-02-05,1800 UTC,1795.9,29.6,2023-02,2023,2,1280.3153846153846,25.104166666666668
2023-02-05,1900 UTC,1847.8,31.7,2023-02,2023,2,1280.3153846153846,25.104166666666668
2023-02-05,2000 UTC,1078.1,29.5,2023-02,2023,2,1280.3153846153846,25.104166666666668
2023-02-05,2100 UTC,511.6,28.5,2023-02,2023,2,1280.3153846153846,25.104166666666668
2023-02-05,2200 UTC,37.2,27.8,2023-02,2023,2,1280.3153846153846,25.104166666666668
2023-03-05,1000 UTC,2.5,22.5,2023-03,2023,3,1208.7769230769231,26.583333333333332
2023-03-05,1100 UTC,235.0,23.3,2023-03,2023,3,1208.7769230769231,26.583333333333332
2023-03-05,1200 UTC,745.7,25.9,2023-03,2023,3,1208.7769230769231,26.583333333333332
2023-03-05,1300 UTC,1799.1,28.3,2023-03,2023,3,1208.7769230769231,26.583333333333332
2023-03-05,1400 UTC,1698.1,29.8,2023-03,2023,3,1208.7769230769231,26.583333333333332
2023-03-05,1500 UTC,2159.8,29.1,2023-03,2023,3,1208.7769230769231,26.583333333333332
2023-03-05,1600 UTC,2036.9,31.0,2023-03,2023,3,1208.7769230769231,26.583333333333332
2023-03-05,1700 UTC,2940.9,31.4,2023-03,2023,3,1208.7769230769231,26.583333333333332
2023-03-05,1800 UTC,1864.2,30.8,2023-03,2023,3,1208.7769230769231,26.583333333333332
2023-03-05,1900 UTC,1078.5,30.3,2023-03,2023,3,1208.7769230769231,26.583333333333332
2023-03-05,2000 UTC,581.2,29.8,2023-03,2023,3,1208.7769230769231,26.583333333333332
2023-03-05,2100 UTC,552.5,29.0,2023-03,2023,3,1208.7769230769231,26.583333333333332
2023-03-05,2200 UTC,19.7,27.8,2023-03,2023,3,1208.7769230769231,26.583333333333332
2023-04-05,1000 UTC,3.1,21.8,2023-04,2023,4,1448.9615384615386,26.84166666666667
2023-04-05,1100 UTC,326.4,24.0,2023-04,2023,4,1448.9615384615386,26.84166666666667
2023-04-05,1200 UTC,940.2,26.4,2023-04,2023,4,1448.9615384615386,26.84166666666667
2023-04-05,1300 UTC,1823.3,28.8,2023-04,2023,4,1448.9615384615386,26.84166666666667
2023-04-05,1400 UTC,2329.1,29.5,2023-04,2023,4,1448.9615384615386,26.84166666666667
2023-04-05,1500 UTC,2636.3,30.3,2023-04,2023,4,1448.9615384615386,26.84166666666667
2023-04-05,1600 UTC,2789.8,31.3,2023-04,2023,4,1448.9615384615386,26.84166666666667
2023-04-05,1700 UTC,2485.6,31.3,2023-04,2023,4,1448.9615384615386,26.84166666666667
2023-04-05,1800 UTC,2393.7,31.3,2023-04,2023,4,1448.9615384615386,26.84166666666667
2023-04-05,1900 UTC,1672.4,30.6,2023-04,2023,4,1448.9615384615386,26.84166666666667
2023-04-05,2000 UTC,799.8,30.4,2023-04,2023,4,1448.9615384615386,26.84166666666667
2023-04-05,2100 UTC,615.8,29.6,2023-04,2023,4,1448.9615384615386,26.84166666666667
2023-04-05,2200 UTC,21.0,27.9,2023-04,2023,4,1448.9615384615386,26.84166666666667
2023-05-05,1000 UTC,0.9,20.6,2023-05,2023,5,1586.1461538461538,26.2375
2023-05-05,1100 UTC,331.7,22.6,2023-05,2023,5,1586.1461538461538,26.2375
2023-05-05,1200 UTC,965.0,25.2,2023-05,2023,5,1586.1461538461538,26.2375
2023-05-05,1300 UTC,1873.0,28.1,2023-05,2023,5,1586.1461538461538,26.2375
2023-05-05,1400 UTC,2395.5,29.6,2023-05,2023,5,1586.1461538461538,26.2375
2023-05-05,1500 UTC,2728.5,30.4,2023-05,2023,5,1586.1461538461538,26.2375
2023-05-05,1600 UTC,2937.1,30.9,2023-05,2023,5,1586.1461538461538,26.2375
2023-05-05,1700 UTC,2824.2,31.2,2023-05,2023,5,1586.1461538461538,26.2375
2023-05-05,1800 UTC,2525.5,31.1,2023-05,2023,5,1586.1461538461538,26.2375
2023-05-05,1900 UTC,2058.2,31.8,2023-05,2023,5,1586.1461538461538,26.2375
2023-05-05,2000 UTC,1383.3,30.6,2023-05,2023,5,1586.1461538461538,26.2375
2023-05-05,2100 UTC,581.1,29.3,2023-05,2023,5,1586.1461538461538,26.2375
2023-05-05,2200 UTC,15.9,28.8,2023-05,2023,5,1586.1461538461538,26.2375
2023-06-05,1000 UTC,0.1,23.4,2023-06,2023,6,1037.9769230769232,26.870833333333334
2023-06-05,1100 UTC,159.4,24.2,2023-06,2023,6,1037.9769230769232,26.870833333333334
2023-06-05,1200 UTC,748.9,26.7,2023-06,2023,6,1037.9769230769232,26.870833333333334
2023-06-05,1300 UTC,1734.4,28.7,2023-06,2023,6,1037.9769230769232,26.870833333333334
2023-06-05,1400 UTC,2473.4,30.3,2023-06,2023,6,1037.9769230769232,26.870833333333334
2023-06-05,1500 UTC,2217.9,31.0,2023-06,2023,6,1037.9769230769232,26.870833333333334
2023-06-05,1600 UTC,1375.5,30.4,2023-06,2023,6,1037.9769230769232,26.870833333333334
2023-06-05,1700 UTC,1065.2,30.8,2023-06,2023,6,1037.9769230769232,26.870833333333334
2023-06-05,1800 UTC,940.1,29.8,2023-06,2023,6,1037.9769230769232,26.870833333333334
2023-06-05,1900 UTC,1472.5,30.2,2023-06,2023,6,1037.9769230769232,26.870833333333334
2023-06-05,2000 UTC,1041.7,29.0,2023-06,2023,6,1037.9769230769232,26.870833333333334
2023-06-05,2100 UTC,242.3,28.3,2023-06,2023,6,1037.9769230769232,26.870833333333334
2023-06-05,2200 UTC,22.3,27.5,2023-06,2023,6,1037.9769230769232,26.870833333333334
2023-07-05,1000 UTC,0.7,23.4,2023-07,2023,7,1478.0384615384614,27.325
2023-07-05,1100 UTC,166.2,24.0,2023-07,2023,7,1478.0384615384614,27.325
2023-07-05,1200 UTC,741.5,25.8,2023-07,2023,7,1478.0384615384614,27.325
2023-07-05,1300 UTC,1811.9,28.1,2023-07,2023,7,1478.0384615384614,27.325
2023-07-05,1400 UTC,2295.5,30.7,2023-07,2023,7,1478.0384615384614,27.325
2023-07-05,1500 UTC,2602.1,31.4,2023-07,2023,7,1478.0384615384614,27.325
2023-07-05,1600 UTC,2941.8,32.1,2023-07,2023,7,1478.0384615384614,27.325
2023-07-05,1700 UTC,2917.4,32.3,2023-07,2023,7,1478.0384615384614,27.325
2023-07-05,1800 UTC,2308.8,32.0,2023-07,2023,7,1478.0384615384614,27.325
2023-07-05,1900 UTC,2012.2,32.2,2023-07,2023,7,1478.0384615384614,27.325
2023-07-05,2000 UTC,1009.4,31.0,2023-07,2023,7,1478.0384615384614,27.325
2023-07-05,2100 UTC,374.2,30.4,2023-07,2023,7,1478.0384615384614,27.325
2023-07-05,2200 UTC,32.8,28.8,2023-07,2023,7,1478.0384615384614,27.325
2023-08-05,1100 UTC,189.3,23.3,2023-08,2023,8,1507.2416666666666,27.34583333333333
2023-08-05,1200 UTC,896.3,26.3,2023-08,2023,8,1507.2416666666666,27.34583333333333
2023-08-05,1300 UTC,1716.1,28.7,2023-08,2023,8,1507.2416666666666,27.34583333333333
2023-08-05,1400 UTC,1970.4,30.4,2023-08,2023,8,1507.2416666666666,27.34583333333333
2023-08-05,1500 UTC,2632.6,31.1,2023-08,2023,8,1507.2416666666666,27.34583333333333
2023-08-05,1600 UTC,2728.1,31.8,2023-08,2023,8,1507.2416666666666,27.34583333333333
2023-08-05,1700 UTC,2544.6,32.7,2023-08,2023,8,1507.2416666666666,27.34583333333333
2023-08-05,1800 UTC,1670.1,31.6,2023-08,2023,8,1507.2416666666666,27.34583333333333
2023-08-05,1900 UTC,2065.1,31.2,2023-08,2023,8,1507.2416666666666,27.34583333333333
2023-08-05,2000 UTC,1353.1,30.7,2023-08,2023,8,1507.2416666666666,27.34583333333333
2023-08-05,2100 UTC,304.5,29.8,2023-08,2023,8,1507.2416666666666,27.34583333333333
2023-08-05,2200 UTC,16.7,28.1,2023-08,2023,8,1507.2416666666666,27.34583333333333
2023-09-05,1100 UTC,249.3,22.6,2023-09,2023,9,1298.5166666666667,26.40833333333333
2023-09-05,1200 UTC,670.2,24.6,2023-09,2023,9,1298.5166666666667,26.40833333333333
2023-09-05,1300 UTC,1062.3,26.4,2023-09,2023,9,1298.5166666666667,26.40833333333333
2023-09-05,1400 UTC,1735.7,28.6,2023-09,2023,9,1298.5166666666667,26.40833333333333
2023-09-05,1500 UTC,2572.7,30.1,2023-09,2023,9,1298.5166666666667,26.40833333333333
2023-09-05,1600 UTC,2733.6,30.5,2023-09,2023,9,1298.5166666666667,26.40833333333333
2023-09-05,1700 UTC,2391.2,30.2,2023-09,2023,9,1298.5166666666667,26.40833333333333
2023-09-05,1800 UTC,2021.2,30.2,2023-09,2023,9,1298.5166666666667,26.40833333333333
2023-09-05,1900 UTC,1306.4,30.2,2023-09,2023,9,1298.5166666666667,26.40833333333333
2023-09-05,2000 UTC,540.7,29.9,2023-09,2023,9,1298.5166666666667,26.40833333333333
2023-09-05,2100 UTC,284.8,29.2,2023-09,2023,9,1298.5166666666667,26.40833333333333
2023-09-05,2200 UTC,14.1,28.5,2023-09,2023,9,1298.5166666666667,26.40833333333333
2023-10-05,1000 UTC,0.0,21.8,2023-10,2023,10,1328.8846153846155,26.3
2023-10-05,1100 UTC,142.5,22.1,2023-10,2023,10,1328.8846153846155,26.3
2023-10-05,1200 UTC,781.5,24.6,2023-10,2023,10,1328.8846153846155,26.3
2023-10-05,1300 UTC,1767.5,27.0,2023-10,2023,10,1328.8846153846155,26.3
2023-10-05,1400 UTC,2270.6,28.4,2023-10,2023,10,1328.8846153846155,26.3
2023-10-05,1500 UTC,2637.5,29.5,2023-10,2023,10,1328.8846153846155,26.3
2023-10-05,1600 UTC,2758.4,30.8,2023-10,2023,10,1328.8846153846155,26.3
2023-10-05,1700 UTC,2486.4,31.4,2023-10,2023,10,1328.8846153846155,26.3
2023-10-05,1800 UTC,2107.9,30.8,2023-10,2023,10,1328.8846153846155,26.3
2023-10-05,1900 UTC,1078.8,30.6,2023-10,2023,10,1328.8846153846155,26.3
2023-10-05,2000 UTC,800.2,30.9,2023-10,2023,10,1328.8846153846155,26.3
2023-10-05,2100 UTC,429.7,29.8,2023-10,2023,10,1328.8846153846155,26.3
2023-10-05,2200 UTC,14.5,28.5,2023-10,2023,10,1328.8846153846155,26.3
2023-11-05,1100 UTC,245.3,21.8,2023-11,2023,11,1289.9416666666666,25.7375
2023-11-05,1200 UTC,504.4,22.6,2023-11,2023,11,1289.9416666666666,25.7375
2023-11-05,1300 UTC,1430.8,25.1,2023-11,2023,11,1289.9416666666666,25.7375
2023-11-05,1400 UTC,2198.8,26.9,2023-11,2023,11,1289.9416666666666,25.7375
2023-11-05,1500 UTC,2534.1,28.3,2023-11,2023,11,1289.9416666666666,25.7375
2023-11-05,1600 UTC,2271.6,29.9,2023-11,2023,11,1289.9416666666666,25.7375
2023-11-05,1700 UTC,2393.9,30.1,2023-11,2023,11,1289.9416666666666,25.7375
2023-11-05,1800 UTC,1381.8,29.9,2023-11,2023,11,1289.9416666666666,25.7375
2023-11-05,1900 UTC,1276.6,31.3,2023-11,2023,11,1289.9416666666666,25.7375
2023-11-05,2000 UTC,735.9,30.1,2023-11,2023,11,1289.9416666666666,25.7375
2023-11-05,2100 UTC,479.6,29.7,2023-11,2023,11,1289.9416666666666,25.7375
2023-11-05,2200 UTC,26.5,29.0,2023-11,2023,11,1289.9416666666666,25.7375
2023-12-05,1000 UTC,1.1,21.0,2023-12,2023,12,1214.3461538461538,25.945833333333336
2023-12-05,1100 UTC,383.5,21.7,2023-12,2023,12,1214.3461538461538,25.945833333333336
2023-12-05,1200 UTC,600.6,22.2,2023-12,2023,12,1214.3461538461538,25.945833333333336
2023-12-05,1300 UTC,1222.6,25.2,2023-12,2023,12,1214.3461538461538,25.945833333333336
2023-12-05,1400 UTC,1857.9,26.0,2023-12,2023,12,1214.3461538461538,25.945833333333336
2023-12-05,1500 UTC,2482.9,28.8,2023-12,2023,12,1214.3461538461538,25.945833333333336
2023-12-05,1600 UTC,2351.7,29.9,2023-12,2023,12,1214.3461538461538,25.945833333333336
2023-12-05,1700 UTC,2093.2,30.7,2023-12,2023,12,1214.3461538461538,25.945833333333336
2023-12-05,1800 UTC,1980.4,30.5,2023-12,2023,12,1214.3461538461538,25.945833333333336
2023-12-05,1900 UTC,1259.4,31.3,2023-12,2023,12,1214.3461538461538,25.945833333333336
2023-12-05,2000 UTC,1073.0,31.1,2023-12,2023,12,1214.3461538461538,25.945833333333336
2023-12-05,2100 UTC,462.6,30.0,2023-12,2023,12,1214.3461538461538,25.945833333333336
2023-12-05,2200 UTC,17.6,29.0,2023-12,2023,12,1214.3461538461538,25.945833333333336
2023-01-06,0800 UTC,0.1,22.1,2023-01,2023,1,1113.2153846153847,25.920833333333334
2023-01-06,1100 UTC,202.8,23.0,2023-01,2023,1,1113.2153846153847,25.920833333333334
2023-01-06,1200 UTC,600.1,24.8,2023-01,2023,1,1113.2153846153847,25.920833333333334
2023-01-06,1300 UTC,1565.6,26.3,2023-01,2023,1,1113.2153846153847,25.920833333333334
2023-01-06,1400 UTC,2126.5,28.1,2023-01,2023,1,1113.2153846153847,25.920833333333334
2023-01-06,1500 UTC,2463.7,29.8,2023-01,2023,1,1113.2153846153847,25.920833333333334
2023-01-06,1600 UTC,2132.0,29.9,2023-01,2023,1,1113.2153846153847,25.920833333333334
2023-01-06,1700 UTC,1168.0,30.3,2023-01,2023,1,1113.2153846153847,25.920833333333334
2023-01-06,1800 UTC,2291.0,31.9,2023-01,2023,1,1113.2153846153847,25.920833333333334
2023-01-06,1900 UTC,1319.9,31.2,2023-01,2023,1,1113.2153846153847,25.920833333333334
2023-01-06,2000 UTC,484.7,30.1,2023-01,2023,1,1113.2153846153847,25.920833333333334
2023-01-06,2100 UTC,115.5,27.6,2023-01,2023,1,1113.2153846153847,25.920833333333334
2023-01-06,2200 UTC,1.9,22.7,2023-01,2023,1,1113.2153846153847,25.920833333333334
2023-02-06,0000 UTC,2.2,22.4,2023-02,2023,2,1301.6538461538462,25.733333333333334
2023-02-06,1100 UTC,161.2,22.9,2023-02,2023,2,1301.6538461538462,25.733333333333334
2023-02-06,1200 UTC,421.6,24.3,2023-02,2023,2,1301.6538461538462,25.733333333333334
2023-02-06,1300 UTC,1470.1,26.5,2023-02,2023,2,1301.6538461538462,25.733333333333334
2023-02-06,1400 UTC,2111.4,28.4,2023-02,2023,2,1301.6538461538462,25.733333333333334
2023-02-06,1500 UTC,2524.1,29.8,2023-02,2023,2,1301.6538461538462,25.733333333333334
2023-02-06,1600 UTC,2505.5,30.5,2023-02,2023,2,1301.6538461538462,25.733333333333334
2023-02-06,1700 UTC,1990.8,31.2,2023-02,2023,2,1301.6538461538462,25.733333333333334
2023-02-06,1800 UTC,2362.1,31.5,2023-02,2023,2,1301.6538461538462,25.733333333333334
2023-02-06,1900 UTC,1957.5,31.8,2023-02,2023,2,1301.6538461538462,25.733333333333334
2023-02-06,2000 UTC,1055.6,31.0,2023-02,2023,2,1301.6538461538462,25.733333333333334
2023-02-06,2100 UTC,350.1,29.9,2023-02,2023,2,1301.6538461538462,25.733333333333334
2023-02-06,2200 UTC,9.3,28.7,2023-02,2023,2,1301.6538461538462,25.733333333333334
2023-03-06,1100 UTC,154.5,23.0,2023-03,2023,3,1382.8666666666668,26.883333333333336
2023-03-06,1200 UTC,457.9,24.5,2023-03,2023,3,1382.8666666666668,26.883333333333336
2023-03-06,1300 UTC,1423.9,28.0,2023-03,2023,3,1382.8666666666668,26.883333333333336
2023-03-06,1400 UTC,2120.3,30.3,2023-03,2023,3,1382.8666666666668,26.883333333333336
2023-03-06,1500 UTC,2475.5,31.1,2023-03,2023,3,1382.8666666666668,26.883333333333336
2023-03-06,1600 UTC,2615.0,32.0,2023-03,2023,3,1382.8666666666668,26.883333333333336
2023-03-06,1700 UTC,2390.5,32.1,2023-03,2023,3,1382.8666666666668,26.883333333333336
2023-03-06,1800 UTC,1687.8,31.8,2023-03,2023,3,1382.8666666666668,26.883333333333336
2023-03-06,1900 UTC,1663.6,32.3,2023-03,2023,3,1382.8666666666668,26.883333333333336
2023-03-06,2000 UTC,1163.7,32.0,2023-03,2023,3,1382.8666666666668,26.883333333333336
2023-03-06,2100 UTC,434.6,30.8,2023-03,2023,3,1382.8666666666668,26.883333333333336
2023-03-06,2200 UTC,7.1,28.8,2023-03,2023,3,1382.8666666666668,26.883333333333336
2023-04-06,1100 UTC,153.7,23.2,2023-04,2023,4,1224.425,27.09583333333333
2023-04-06,1200 UTC,447.3,25.6,2023-04,2023,4,1224.425,27.09583333333333
2023-04-06,1300 UTC,1383.6,28.5,2023-04,2023,4,1224.425,27.09583333333333
2023-04-06,1400 UTC,2118.3,30.6,2023-04,2023,4,1224.425,27.09583333333333
2023-04-06,1500 UTC,2468.8,32.4,2023-04,2023,4,1224.425,27.09583333333333
2023-04-06,1600 UTC,2621.5,32.7,2023-04,2023,4,1224.425,27.09583333333333
2023-04-06,1700 UTC,2215.1,32.4,2023-04,2023,4,1224.425,27.09583333333333
2023-04-06,1800 UTC,1597.7,32.1,2023-04,2023,4,1224.425,27.09583333333333
2023-04-06,1900 UTC,677.7,32.4,2023-04,2023,4,1224.425,27.09583333333333
2023-04-06,2000 UTC,667.5,31.3,2023-04,2023,4,1224.425,27.09583333333333
2023-04-06,2100 UTC,326.2,30.3,2023-04,2023,4,1224.425,27.09583333333333
2023-04-06,2200 UTC,15.7,28.2,2023-04,2023,4,1224.425,27.09583333333333
2023-05-06,1100 UTC,144.4,23.1,2023-05,2023,5,1447.4083333333335,26.983333333333334
2023-05-06,1200 UTC,436.7,25.3,2023-05,2023,5,1447.4083333333335,26.983333333333334
2023-05-06,1300 UTC,1421.5,28.4,2023-05,2023,5,1447.4083333333335,26.983333333333334
2023-05-06,1400 UTC,2112.4,30.3,2023-05,2023,5,1447.4083333333335,26.983333333333334
2023-05-06,1500 UTC,2466.9,31.2,2023-05,2023,5,1447.4083333333335,26.983333333333334
2023-05-06,1600 UTC,2641.4,32.1,2023-05,2023,5,1447.4083333333335,26.983333333333334
2023-05-06,1700 UTC,2590.0,32.9,2023-05,2023,5,1447.4083333333335,26.983333333333334
2023-05-06,1800 UTC,2121.8,32.4,2023-05,2023,5,1447.4083333333335,26.983333333333334
2023-05-06,1900 UTC,1854.9,32.6,2023-05,2023,5,1447.4083333333335,26.983333333333334
2023-05-06,2000 UTC,1140.6,31.7,2023-05,2023,5,1447.4083333333335,26.983333333333334
2023-05-06,2100 UTC,425.8,30.7,2023-05,2023,5,1447.4083333333335,26.983333333333334
2023-05-06,2200 UTC,12.5,29.7,2023-05,2023,5,1447.4083333333335,26.983333333333334
2023-06-06,1100 UTC,139.2,19.7,2023-06,2023,6,1352.7250000000001,25.691666666666666
2023-06-06,1200 UTC,426.9,21.8,2023-06,2023,6,1352.7250000000001,25.691666666666666
2023-06-06,1300 UTC,1427.1,26.8,2023-06,2023,6,1352.7250000000001,25.691666666666666
2023-06-06,1400 UTC,2153.5,29.5,2023-06,2023,6,1352.7250000000001,25.691666666666666
2023-06-06,1500 UTC,2466.6,30.8,2023-06,2023,6,1352.7250000000001,25.691666666666666
2023-06-06,1600 UTC,2667.4,31.9,2023-06,2023,6,1352.7250000000001,25.691666666666666
2023-06-06,1700 UTC,2596.9,32.3,2023-06,2023,6,1352.7250000000001,25.691666666666666
2023-06-06,1800 UTC,2054.7,32.3,2023-06,2023,6,1352.7250000000001,25.691666666666666
2023-06-06,1900 UTC,1061.9,31.6,2023-06,2023,6,1352.7250000000001,25.691666666666666
2023-06-06,2000 UTC,839.6,32.2,2023-06,2023,6,1352.7250000000001,25.691666666666666
2023-06-06,2100 UTC,386.0,30.4,2023-06,2023,6,1352.7250000000001,25.691666666666666
2023-06-06,2200 UTC,12.9,28.2,2023-06,2023,6,1352.7250000000001,25.691666666666666
2023-07-06,1100 UTC,109.8,21.9,2023-07,2023,7,1263.3916666666667,26.46666666666667
2023-07-06,1200 UTC,421.1,23.7,2023-07,2023,7,1263.3916666666667,26.46666666666667
2023-07-06,1300 UTC,1229.4,27.2,2023-07,2023,7,1263.3916666666667,26.46666666666667
2023-07-06,1400 UTC,1554.3,29.4,2023-07,2023,7,1263.3916666666667,26.46666666666667
2023-07-06,1500 UTC,2387.0,31.6,2023-07,2023,7,1263.3916666666667,26.46666666666667
2023-07-06,1600 UTC,2136.9,32.0,2023-07,2023,7,1263.3916666666667,26.46666666666667
2023-07-06,1700 UTC,2215.7,32.9,2023-07,2023,7,1263.3916666666667,26.46666666666667
2023-07-06,1800 UTC,1749.1,32.9,2023-07,2023,7,1263.3916666666667,26.46666666666667
2023-07-06,1900 UTC,1922.0,32.8,2023-07,2023,7,1263.3916666666667,26.46666666666667
2023-07-06,2000 UTC,1063.7,31.8,2023-07,2023,7,1263.3916666666667,26.46666666666667
2023-07-06,2100 UTC,363.2,30.8,2023-07,2023,7,1263.3916666666667,26.46666666666667
2023-07-06,2200 UTC,8.5,29.3,2023-07,2023,7,1263.3916666666667,26.46666666666667
2023-08-06,1100 UTC,148.2,22.6,2023-08,2023,8,1077.1,26.84583333333333
2023-08-06,1200 UTC,406.7,24.7,2023-08,2023,8,1077.1,26.84583333333333
2023-08-06,1300 UTC,1321.5,28.0,2023-08,2023,8,1077.1,26.84583333333333
2023-08-06,1400 UTC,2091.7,30.0,2023-08,2023,8,1077.1,26.84583333333333
2023-08-06,1500 UTC,2429.7,31.4,2023-08,2023,8,1077.1,26.84583333333333
2023-08-06,1600 UTC,2141.8,31.9,2023-08,2023,8,1077.1,26.84583333333333
2023-08-06,1700 UTC,2185.6,32.4,2023-08,2023,8,1077.1,26.84583333333333
2023-08-06,1800 UTC,1265.6,31.7,2023-08,2023,8,1077.1,26.84583333333333
2023-08-06,1900 UTC,423.4,31.0,2023-08,2023,8,1077.1,26.84583333333333
2023-08-06,2000 UTC,307.6,30.3,2023-08,2023,8,1077.1,26.84583333333333
2023-08-06,2100 UTC,195.2,29.6,2023-08,2023,8,1077.1,26.84583333333333
2023-08-06,2200 UTC,8.2,28.2,2023-08,2023,8,1077.1,26.84583333333333
2023-09-06,1100 UTC,123.6,22.5,2023-09,2023,9,1316.0,26.612499999999997
2023-09-06,1200 UTC,425.4,24.9,2023-09,2023,9,1316.0,26.612499999999997
2023-09-06,1300 UTC,1282.6,28.5,2023-09,2023,9,1316.0,26.612499999999997
2023-09-06,1400 UTC,2089.5,30.7,2023-09,2023,9,1316.0,26.612499999999997
2023-09-06,1500 UTC,2431.8,31.2,2023-09,2023,9,1316.0,26.612499999999997
2023-09-06,1600 UTC,2637.7,32.4,2023-09,2023,9,1316.0,26.612499999999997
2023-09-06,1700 UTC,2507.3,33.0,2023-09,2023,9,1316.0,26.612499999999997
2023-09-06,1800 UTC,2234.7,32.9,2023-09,2023,9,1316.0,26.612499999999997
2023-09-06,1900 UTC,883.5,32.4,2023-09,2023,9,1316.0,26.612499999999997
2023-09-06,2000 UTC,719.7,32.1,2023-09,2023,9,1316.0,26.612499999999997
2023-09-06,2100 UTC,446.5,30.8,2023-09,2023,9,1316.0,26.612499999999997
2023-09-06,2200 UTC,9.7,29.1,2023-09,2023,9,1316.0,26.612499999999997
2023-10-06,1100 UTC,163.8,22.8,2023-10,2023,10,1235.2083333333333,26.795833333333334
2023-10-06,1200 UTC,425.2,25.2,2023-10,2023,10,1235.2083333333333,26.795833333333334
2023-10-06,1300 UTC,1157.1,28.2,2023-10,2023,10,1235.2083333333333,26.795833333333334
2023-10-06,1400 UTC,2088.9,30.7,2023-10,2023,10,1235.2083333333333,26.795833333333334
2023-10-06,1500 UTC,2452.8,31.8,2023-10,2023,10,1235.2083333333333,26.795833333333334
2023-10-06,1600 UTC,2497.4,32.3,2023-10,2023,10,1235.2083333333333,26.795833333333334
2023-10-06,1700 UTC,2313.4,32.8,2023-10,2023,10,1235.2083333333333,26.795833333333334
2023-10-06,1800 UTC,1709.3,32.7,2023-10,2023,10,1235.2083333333333,26.795833333333334
2023-10-06,1900 UTC,597.5,32.8,2023-10,2023,10,1235.2083333333333,26.795833333333334
2023-10-06,2000 UTC,909.3,32.3,2023-10,2023,10,1235.2083333333333,26.795833333333334
2023-10-06,2100 UTC,493.0,31.3,2023-10,2023,10,1235.2083333333333,26.795833333333334
2023-10-06,2200 UTC,14.8,29.6,2023-10,2023,10,1235.2083333333333,26.795833333333334
2023-11-06,1100 UTC,134.8,23.5,2023-11,2023,11,1125.4166666666667,26.916666666666668
2023-11-06,1200 UTC,390.4,24.8,2023-11,2023,11,1125.4166666666667,26.916666666666668
2023-11-06,1300 UTC,1273.6,28.7,2023-11,2023,11,1125.4166666666667,26.916666666666668
2023-11-06,1400 UTC,2070.8,31.1,2023-11,2023,11,1125.4166666666667,26.916666666666668
2023-11-06,1500 UTC,2285.1,31.3,2023-11,2023,11,1125.4166666666667,26.916666666666668
2023-11-06,1600 UTC,2489.3,32.9,2023-11,2023,11,1125.4166666666667,26.916666666666668
2023-11-06,1700 UTC,1488.7,32.2,2023-11,2023,11,1125.4166666666667,26.916666666666668
2023-11-06,1800 UTC,1653.4,33.6,2023-11,2023,11,1125.4166666666667,26.916666666666668
2023-11-06,1900 UTC,1149.5,32.6,2023-11,2023,11,1125.4166666666667,26.916666666666668
2023-11-06,2000 UTC,399.3,32.0,2023-11,2023,11,1125.4166666666667,26.916666666666668
2023-11-06,2100 UTC,161.3,30.3,2023-11,2023,11,1125.4166666666667,26.916666666666668
2023-11-06,2200 UTC,8.8,29.7,2023-11,2023,11,1125.4166666666667,26.916666666666668
2023-12-06,0300 UTC,0.7,24.0,2023-12,2023,12,810.5357142857143,26.59583333333333
2023-12-06,0400 UTC,0.0,24.5,2023-12,2023,12,810.5357142857143,26.59583333333333
2023-12-06,1100 UTC,151.9,23.2,2023-12,2023,12,810.5357142857143,26.59583333333333
2023-12-06,1200 UTC,528.6,25.1,2023-12,2023,12,810.5357142857143,26.59583333333333
2023-12-06,1300 UTC,1383.4,27.9,2023-12,2023,12,810.5357142857143,26.59583333333333
2023-12-06,1400 UTC,2080.3,29.8,2023-12,2023,12,810.5357142857143,26.59583333333333
2023-12-06,1500 UTC,2269.3,31.2,2023-12,2023,12,810.5357142857143,26.59583333333333
2023-12-06,1600 UTC,1464.4,31.3,2023-12,2023,12,810.5357142857143,26.59583333333333
2023-12-06,1700 UTC,1307.1,32.0,2023-12,2023,12,810.5357142857143,26.59583333333333
2023-12-06,1800 UTC,745.0,31.1,2023-12,2023,12,810.5357142857143,26.59583333333333
2023-12-06,1900 UTC,814.8,31.8,2023-12,2023,12,810.5357142857143,26.59583333333333
2023-12-06,2000 UTC,314.5,29.6,2023-12,2023,12,810.5357142857143,26.59583333333333
2023-12-06,2100 UTC,269.5,30.1,2023-12,2023,12,810.5357142857143,26.59583333333333
2023-12-06,2200 UTC,18.0,29.6,2023-12,2023,12,810.5357142857143,26.59583333333333
2023-01-07,1100 UTC,115.7,19.3,2023-01,2023,1,1473.0333333333335,24.9875
2023-01-07,1200 UTC,330.7,22.1,2023-01,2023,1,1473.0333333333335,24.9875
2023-01-07,1300 UTC,1184.0,25.9,2023-01,2023,1,1473.0333333333335,24.9875
2023-01-07,1400 UTC,2147.6,29.8,2023-01,2023,1,1473.0333333333335,24.9875
2023-01-07,1500 UTC,2500.9,30.8,2023-01,2023,1,1473.0333333333335,24.9875
2023-01-07,1600 UTC,2640.7,31.4,2023-01,2023,1,1473.0333333333335,24.9875
2023-01-07,1700 UTC,2583.0,32.1,2023-01,2023,1,1473.0333333333335,24.9875
2023-01-07,1800 UTC,2357.3,32.0,2023-01,2023,1,1473.0333333333335,24.9875
2023-01-07,1900 UTC,1958.3,31.9,2023-01,2023,1,1473.0333333333335,24.9875
2023-01-07,2000 UTC,1308.5,31.8,2023-01,2023,1,1473.0333333333335,24.9875
2023-01-07,2100 UTC,530.3,30.5,2023-01,2023,1,1473.0333333333335,24.9875
2023-01-07,2200 UTC,19.4,28.0,2023-01,2023,1,1473.0333333333335,24.9875
2023-02-07,1100 UTC,111.0,18.6,2023-02,2023,2,1468.25,24.795833333333334
2023-02-07,1200 UTC,360.8,21.5,2023-02,2023,2,1468.25,24.795833333333334
2023-02-07,1300 UTC,1241.5,25.1,2023-02,2023,2,1468.25,24.795833333333334
2023-02-07,1400 UTC,2142.4,28.9,2023-02,2023,2,1468.25,24.795833333333334
2023-02-07,1500 UTC,2499.4,31.0,2023-02,2023,2,1468.25,24.795833333333334
2023-02-07,1600 UTC,2535.4,31.6,2023-02,2023,2,1468.25,24.795833333333334
2023-02-07,1700 UTC,2553.0,32.0,2023-02,2023,2,1468.25,24.795833333333334
2023-02-07,1800 UTC,2363.7,32.1,2023-02,2023,2,1468.25,24.795833333333334
2023-02-07,1900 UTC,1944.0,32.2,2023-02,2023,2,1468.25,24.795833333333334
2023-02-07,2000 UTC,1294.2,31.7,2023-02,2023,2,1468.25,24.795833333333334
2023-02-07,2100 UTC,552.9,30.5,2023-02,2023,2,1468.25,24.795833333333334
2023-02-07,2200 UTC,20.7,28.5,2023-02,2023,2,1468.25,24.795833333333334
2023-03-07,1100 UTC,103.6,19.3,2023-03,2023,3,1473.9583333333333,25.483333333333334
2023-03-07,1200 UTC,363.9,21.8,2023-03,2023,3,1473.9583333333333,25.483333333333334
2023-03-07,1300 UTC,1176.5,28.1,2023-03,2023,3,1473.9583333333333,25.483333333333334
2023-03-07,1400 UTC,2154.0,30.3,2023-03,2023,3,1473.9583333333333,25.483333333333334
2023-03-07,1500 UTC,2514.3,31.2,2023-03,2023,3,1473.9583333333333,25.483333333333334
2023-03-07,1600 UTC,2647.5,31.9,2023-03,2023,3,1473.9583333333333,25.483333333333334
2023-03-07,1700 UTC,2572.7,32.7,2023-03,2023,3,1473.9583333333333,25.483333333333334
2023-03-07,1800 UTC,2346.3,32.8,2023-03,2023,3,1473.9583333333333,25.483333333333334
2023-03-07,1900 UTC,1954.0,32.3,2023-03,2023,3,1473.9583333333333,25.483333333333334
2023-03-07,2000 UTC,1296.7,32.0,2023-03,2023,3,1473.9583333333333,25.483333333333334
2023-03-07,2100 UTC,536.4,30.4,2023-03,2023,3,1473.9583333333333,25.483333333333334
2023-03-07,2200 UTC,21.6,28.1,2023-03,2023,3,1473.9583333333333,25.483333333333334
2023-04-07,1100 UTC,98.7,19.6,2023-04,2023,4,1495.5583333333334,25.27916666666667
2023-04-07,1200 UTC,371.5,23.1,2023-04,2023,4,1495.5583333333334,25.27916666666667
2023-04-07,1300 UTC,1204.3,27.7,2023-04,2023,4,1495.5583333333334,25.27916666666667
2023-04-07,1400 UTC,2181.4,29.9,2023-04,2023,4,1495.5583333333334,25.27916666666667
2023-04-07,1500 UTC,2545.8,31.1,2023-04,2023,4,1495.5583333333334,25.27916666666667
2023-04-07,1600 UTC,2682.6,31.7,2023-04,2023,4,1495.5583333333334,25.27916666666667
2023-04-07,1700 UTC,2603.4,32.9,2023-04,2023,4,1495.5583333333334,25.27916666666667
2023-04-07,1800 UTC,2369.0,33.0,2023-04,2023,4,1495.5583333333334,25.27916666666667
2023-04-07,1900 UTC,1974.3,32.7,2023-04,2023,4,1495.5583333333334,25.27916666666667
2023-04-07,2000 UTC,1339.1,32.7,2023-04,2023,4,1495.5583333333334,25.27916666666667
2023-04-07,2100 UTC,559.8,31.3,2023-04,2023,4,1495.5583333333334,25.27916666666667
2023-04-07,2200 UTC,16.8,28.3,2023-04,2023,4,1495.5583333333334,25.27916666666667
2023-05-07,1100 UTC,100.2,22.7,2023-05,2023,5,1445.5833333333333,26.129166666666666
2023-05-07,1200 UTC,323.7,22.9,2023-05,2023,5,1445.5833333333333,26.129166666666666
2023-05-07,1300 UTC,1217.7,26.9,2023-05,2023,5,1445.5833333333333,26.129166666666666
2023-05-07,1400 UTC,2092.8,29.6,2023-05,2023,5,1445.5833333333333,26.129166666666666
2023-05-07,1500 UTC,2443.2,31.1,2023-05,2023,5,1445.5833333333333,26.129166666666666
2023-05-07,1600 UTC,2590.9,32.2,2023-05,2023,5,1445.5833333333333,26.129166666666666
2023-05-07,1700 UTC,2516.3,32.6,2023-05,2023,5,1445.5833333333333,26.129166666666666
2023-05-07,1800 UTC,2315.3,33.0,2023-05,2023,5,1445.5833333333333,26.129166666666666
2023-05-07,1900 UTC,1937.3,33.0,2023-05,2023,5,1445.5833333333333,26.129166666666666
2023-05-07,2000 UTC,1274.8,32.3,2023-05,2023,5,1445.5833333333333,26.129166666666666
2023-05-07,2100 UTC,503.1,31.3,2023-05,2023,5,1445.5833333333333,26.129166666666666
2023-05-07,2200 UTC,31.7,29.5,2023-05,2023,5,1445.5833333333333,26.129166666666666
2023-06-07,1100 UTC,103.9,20.9,2023-06,2023,6,1461.9750000000001,25.891666666666666
2023-06-07,1200 UTC,317.0,23.1,2023-06,2023,6,1461.9750000000001,25.891666666666666
2023-06-07,1300 UTC,1200.0,27.6,2023-06,2023,6,1461.9750000000001,25.891666666666666
2023-06-07,1400 UTC,2097.9,29.5,2023-06,2023,6,1461.9750000000001,25.891666666666666
2023-06-07,1500 UTC,2464.1,30.9,2023-06,2023,6,1461.9750000000001,25.891666666666666
2023-06-07,1600 UTC,2679.5,32.2,2023-06,2023,6,1461.9750000000001,25.891666666666666
2023-06-07,1700 UTC,2575.8,32.2,2023-06,2023,6,1461.9750000000001,25.891666666666666
2023-06-07,1800 UTC,2378.2,32.9,2023-06,2023,6,1461.9750000000001,25.891666666666666
2023-06-07,1900 UTC,1910.7,32.6,2023-06,2023,6,1461.9750000000001,25.891666666666666
2023-06-07,2000 UTC,1309.3,32.0,2023-06,2023,6,1461.9750000000001,25.891666666666666
2023-06-07,2100 UTC,483.9,30.5,2023-06,2023,6,1461.9750000000001,25.891666666666666
2023-06-07,2200 UTC,23.4,28.6,2023-06,2023,6,1461.9750000000001,25.891666666666666
2023-07-07,1100 UTC,111.0,20.3,2023-07,2023,7,1439.925,25.395833333333332
2023-07-07,1200 UTC,327.8,23.0,2023-07,2023,7,1439.925,25.395833333333332
2023-07-07,1300 UTC,1108.9,26.8,2023-07,2023,7,1439.925,25.395833333333332
2023-07-07,1400 UTC,2113.8,28.8,2023-07,2023,7,1439.925,25.395833333333332
2023-07-07,1500 UTC,2454.1,30.7,2023-07,2023,7,1439.925,25.395833333333332
2023-07-07,1600 UTC,2586.1,31.6,2023-07,2023,7,1439.925,25.395833333333332
2023-07-07,1700 UTC,2429.4,32.1,2023-07,2023,7,1439.925,25.395833333333332
2023-07-07,1800 UTC,2335.4,31.6,2023-07,2023,7,1439.925,25.395833333333332
2023-07-07,1900 UTC,1935.6,31.8,2023-07,2023,7,1439.925,25.395833333333332
2023-07-07,2000 UTC,1309.3,31.5,2023-07,2023,7,1439.925,25.395833333333332
2023-07-07,2100 UTC,545.5,30.3,2023-07,2023,7,1439.925,25.395833333333332
2023-07-07,2200 UTC,22.2,28.3,2023-07,2023,7,1439.925,25.395833333333332
2023-08-07,1100 UTC,119.2,21.0,2023-08,2023,8,1435.1833333333334,25.795833333333334
2023-08-07,1200 UTC,320.1,23.7,2023-08,2023,8,1435.1833333333334,25.795833333333334
2023-08-07,1300 UTC,1237.2,27.6,2023-08,2023,8,1435.1833333333334,25.795833333333334
2023-08-07,1400 UTC,2106.2,30.2,2023-08,2023,8,1435.1833333333334,25.795833333333334
2023-08-07,1500 UTC,2456.6,31.4,2023-08,2023,8,1435.1833333333334,25.795833333333334
2023-08-07,1600 UTC,2595.6,32.1,2023-08,2023,8,1435.1833333333334,25.795833333333334
2023-08-07,1700 UTC,2536.0,32.5,2023-08,2023,8,1435.1833333333334,25.795833333333334
2023-08-07,1800 UTC,2335.5,32.7,2023-08,2023,8,1435.1833333333334,25.795833333333334
2023-08-07,1900 UTC,1655.4,32.3,2023-08,2023,8,1435.1833333333334,25.795833333333334
2023-08-07,2000 UTC,1289.3,33.2,2023-08,2023,8,1435.1833333333334,25.795833333333334
2023-08-07,2100 UTC,552.7,31.6,2023-08,2023,8,1435.1833333333334,25.795833333333334
2023-08-07,2200 UTC,18.4,29.3,2023-08,2023,8,1435.1833333333334,25.795833333333334
2023-09-07,1100 UTC,127.5,22.0,2023-09,2023,9,1453.8666666666668,27.041666666666668
2023-09-07,1200 UTC,283.1,24.7,2023-09,2023,9,1453.8666666666668,27.041666666666668
2023-09-07,1300 UTC,1194.6,27.6,2023-09,2023,9,1453.8666666666668,27.041666666666668
2023-09-07,1400 UTC,2102.9,30.7,2023-09,2023,9,1453.8666666666668,27.041666666666668
2023-09-07,1500 UTC,2467.5,32.7,2023-09,2023,9,1453.8666666666668,27.041666666666668
2023-09-07,1600 UTC,2619.8,33.5,2023-09,2023,9,1453.8666666666668,27.041666666666668
2023-09-07,1700 UTC,2539.7,33.8,2023-09,2023,9,1453.8666666666668,27.041666666666668
2023-09-07,1800 UTC,2343.6,34.4,2023-09,2023,9,1453.8666666666668,27.041666666666668
2023-09-07,1900 UTC,1832.3,34.0,2023-09,2023,9,1453.8666666666668,27.041666666666668
2023-09-07,2000 UTC,1341.9,33.5,2023-09,2023,9,1453.8666666666668,27.041666666666668
2023-09-07,2100 UTC,574.5,32.3,2023-09,2023,9,1453.8666666666668,27.041666666666668
2023-09-07,2200 UTC,19.0,30.1,2023-09,2023,9,1453.8666666666668,27.041666666666668
2023-10-07,1100 UTC,139.3,21.7,2023-10,2023,10,1491.3916666666667,27.1125
2023-10-07,1200 UTC,302.5,24.6,2023-10,2023,10,1491.3916666666667,27.1125
2023-10-07,1300 UTC,1207.4,27.3,2023-10,2023,10,1491.3916666666667,27.1125
2023-10-07,1400 UTC,2133.3,29.5,2023-10,2023,10,1491.3916666666667,27.1125
2023-10-07,1500 UTC,2489.7,32.4,2023-10,2023,10,1491.3916666666667,27.1125
2023-10-07,1600 UTC,2650.5,33.2,2023-10,2023,10,1491.3916666666667,27.1125
2023-10-07,1700 UTC,2583.6,34.4,2023-10,2023,10,1491.3916666666667,27.1125
2023-10-07,1800 UTC,2403.0,34.7,2023-10,2023,10,1491.3916666666667,27.1125
2023-10-07,1900 UTC,2019.9,34.9,2023-10,2023,10,1491.3916666666667,27.1125
2023-10-07,2000 UTC,1365.7,34.7,2023-10,2023,10,1491.3916666666667,27.1125
2023-10-07,2100 UTC,579.9,33.0,2023-10,2023,10,1491.3916666666667,27.1125
2023-10-07,2200 UTC,21.9,30.8,2023-10,2023,10,1491.3916666666667,27.1125
2023-11-07,1100 UTC,145.8,21.3,2023-11,2023,11,1474.7749999999999,26.7625
2023-11-07,1200 UTC,303.3,24.5,2023-11,2023,11,1474.7749999999999,26.7625
2023-11-07,1300 UTC,1156.8,26.9,2023-11,2023,11,1474.7749999999999,26.7625
2023-11-07,1400 UTC,2141.7,29.7,2023-11,2023,11,1474.7749999999999,26.7625
2023-11-07,1500 UTC,2491.0,31.9,2023-11,2023,11,1474.7749999999999,26.7625
2023-11-07,1600 UTC,2654.5,32.9,2023-11,2023,11,1474.7749999999999,26.7625
2023-11-07,1700 UTC,2574.2,34.0,2023-11,2023,11,1474.7749999999999,26.7625
2023-11-07,1800 UTC,2361.6,34.6,2023-11,2023,11,1474.7749999999999,26.7625
2023-11-07,1900 UTC,1954.1,35.2,2023-11,2023,11,1474.7749999999999,26.7625
2023-11-07,2000 UTC,1325.6,33.7,2023-11,2023,11,1474.7749999999999,26.7625
2023-11-07,2100 UTC,567.8,32.5,2023-11,2023,11,1474.7749999999999,26.7625
2023-11-07,2200 UTC,20.9,29.4,2023-11,2023,11,1474.7749999999999,26.7625
2023-12-07,1100 UTC,147.0,22.9,2023-12,2023,12,1248.6499999999999,26.875
2023-12-07,1200 UTC,314.9,25.0,2023-12,2023,12,1248.6499999999999,26.875
2023-12-07,1300 UTC,1137.4,28.0,2023-12,2023,12,1248.6499999999999,26.875
2023-12-07,1400 UTC,2100.6,30.6,2023-12,2023,12,1248.6499999999999,26.875
2023-12-07,1500 UTC,2386.9,32.7,2023-12,2023,12,1248.6499999999999,26.875
2023-12-07,1600 UTC,2463.2,33.9,2023-12,2023,12,1248.6499999999999,26.875
2023-12-07,1700 UTC,2050.9,33.2,2023-12,2023,12,1248.6499999999999,26.875
2023-12-07,1800 UTC,1570.9,33.7,2023-12,2023,12,1248.6499999999999,26.875
2023-12-07,1900 UTC,868.3,34.1,2023-12,2023,12,1248.6499999999999,26.875
2023-12-07,2000 UTC,1356.0,33.7,2023-12,2023,12,1248.6499999999999,26.875
2023-12-07,2100 UTC,563.9,32.8,2023-12,2023,12,1248.6499999999999,26.875
2023-12-07,2200 UTC,23.8,31.1,2023-12,2023,12,1248.6499999999999,26.875
2023-01-08,1100 UTC,148.8,22.4,2023-01,2023,1,1584.875,27.995833333333334
2023-01-08,1200 UTC,348.3,25.2,2023-01,2023,1,1584.875,27.995833333333334
2023-01-08,1300 UTC,1277.1,30.5,2023-01,2023,1,1584.875,27.995833333333334
2023-01-08,1400 UTC,2225.5,33.7,2023-01,2023,1,1584.875,27.995833333333334
2023-01-08,1500 UTC,2589.2,34.2,2023-01,2023,1,1584.875,27.995833333333334
2023-01-08,1600 UTC,2788.6,34.9,2023-01,2023,1,1584.875,27.995833333333334
2023-01-08,1700 UTC,2734.4,34.5,2023-01,2023,1,1584.875,27.995833333333334
2023-01-08,1800 UTC,2605.6,35.4,2023-01,2023,1,1584.875,27.995833333333334
2023-01-08,1900 UTC,2137.4,35.4,2023-01,2023,1,1584.875,27.995833333333334
2023-01-08,2000 UTC,1490.4,34.8,2023-01,2023,1,1584.875,27.995833333333334
2023-01-08,2100 UTC,639.9,33.5,2023-01,2023,1,1584.875,27.995833333333334
2023-01-08,2200 UTC,33.3,30.9,2023-01,2023,1,1584.875,27.995833333333334
2023-02-08,1100 UTC,160.8,23.6,2023-02,2023,2,1521.3083333333334,28.25
2023-02-08,1200 UTC,444.2,25.5,2023-02,2023,2,1521.3083333333334,28.25
2023-02-08,1300 UTC,1267.0,30.9,2023-02,2023,2,1521.3083333333334,28.25
2023-02-08,1400 UTC,2232.7,32.9,2023-02,2023,2,1521.3083333333334,28.25
2023-02-08,1500 UTC,2607.4,33.9,2023-02,2023,2,1521.3083333333334,28.25
2023-02-08,1600 UTC,2894.1,34.9,2023-02,2023,2,1521.3083333333334,28.25
2023-02-08,1700 UTC,2568.8,35.3,2023-02,2023,2,1521.3083333333334,28.25
2023-02-08,1800 UTC,2588.4,35.2,2023-02,2023,2,1521.3083333333334,28.25
2023-02-08,1900 UTC,2259.6,34.0,2023-02,2023,2,1521.3083333333334,28.25
2023-02-08,2000 UTC,652.8,32.9,2023-02,2023,2,1521.3083333333334,28.25
2023-02-08,2100 UTC,540.6,32.8,2023-02,2023,2,1521.3083333333334,28.25
2023-02-08,2200 UTC,39.3,30.4,2023-02,2023,2,1521.3083333333334,28.25
2023-03-08,1100 UTC,166.3,22.8,2023-03,2023,3,1592.3833333333334,27.833333333333332
2023-03-08,1200 UTC,451.6,25.9,2023-03,2023,3,1592.3833333333334,27.833333333333332
2023-03-08,1300 UTC,1345.5,30.5,2023-03,2023,3,1592.3833333333334,27.833333333333332
2023-03-08,1400 UTC,2296.4,33.3,2023-03,2023,3,1592.3833333333334,27.833333333333332
2023-03-08,1500 UTC,2654.7,34.1,2023-03,2023,3,1592.3833333333334,27.833333333333332
2023-03-08,1600 UTC,2780.8,34.2,2023-03,2023,3,1592.3833333333334,27.833333333333332
2023-03-08,1700 UTC,2719.3,33.7,2023-03,2023,3,1592.3833333333334,27.833333333333332
2023-03-08,1800 UTC,2506.4,34.1,2023-03,2023,3,1592.3833333333334,27.833333333333332
2023-03-08,1900 UTC,2124.5,34.2,2023-03,2023,3,1592.3833333333334,27.833333333333332
2023-03-08,2000 UTC,1430.9,33.3,2023-03,2023,3,1592.3833333333334,27.833333333333332
2023-03-08,2100 UTC,607.4,32.2,2023-03,2023,3,1592.3833333333334,27.833333333333332
2023-03-08,2200 UTC,24.8,29.7,2023-03,2023,3,1592.3833333333334,27.833333333333332
2023-04-08,1100 UTC,159.7,23.0,2023-04,2023,4,1478.5333333333335,27.695833333333336
2023-04-08,1200 UTC,361.2,25.4,2023-04,2023,4,1478.5333333333335,27.695833333333336
2023-04-08,1300 UTC,951.6,29.5,2023-04,2023,4,1478.5333333333335,27.695833333333336
2023-04-08,1400 UTC,2215.0,32.7,2023-04,2023,4,1478.5333333333335,27.695833333333336
2023-04-08,1500 UTC,2484.0,33.7,2023-04,2023,4,1478.5333333333335,27.695833333333336
2023-04-08,1600 UTC,2507.1,33.2,2023-04,2023,4,1478.5333333333335,27.695833333333336
2023-04-08,1700 UTC,2647.4,34.4,2023-04,2023,4,1478.5333333333335,27.695833333333336
2023-04-08,1800 UTC,2471.3,34.5,2023-04,2023,4,1478.5333333333335,27.695833333333336
2023-04-08,1900 UTC,1781.1,34.9,2023-04,2023,4,1478.5333333333335,27.695833333333336
2023-04-08,2000 UTC,1445.8,34.1,2023-04,2023,4,1478.5333333333335,27.695833333333336
2023-04-08,2100 UTC,671.3,33.1,2023-04,2023,4,1478.5333333333335,27.695833333333336
2023-04-08,2200 UTC,46.9,31.1,2023-04,2023,4,1478.5333333333335,27.695833333333336
2023-05-08,1100 UTC,135.0,22.8,2023-05,2023,5,1428.9583333333333,28.48695652173913
2023-05-08,1200 UTC,430.0,24.5,2023-05,2023,5,1428.9583333333333,28.48695652173913
2023-05-08,1300 UTC,945.0,27.2,2023-05,2023,5,1428.9583333333333,28.48695652173913
2023-05-08,1400 UTC,1725.5,31.0,2023-05,2023,5,1428.9583333333333,28.48695652173913
2023-05-08,1500 UTC,2418.3,34.2,2023-05,2023,5,1428.9583333333333,28.48695652173913
2023-05-08,1600 UTC,2685.2,34.9,2023-05,2023,5,1428.9583333333333,28.48695652173913
2023-05-08,1700 UTC,2515.7,35.8,2023-05,2023,5,1428.9583333333333,28.48695652173913
2023-05-08,1800 UTC,2408.5,34.8,2023-05,2023,5,1428.9583333333333,28.48695652173913
2023-05-08,1900 UTC,1983.1,35.5,2023-05,2023,5,1428.9583333333333,28.48695652173913
2023-05-08,2000 UTC,1359.9,34.8,2023-05,2023,5,1428.9583333333333,28.48695652173913
2023-05-08,2100 UTC,479.4,33.7,2023-05,2023,5,1428.9583333333333,28.48695652173913
2023-05-08,2200 UTC,61.9,32.0,2023-05,2023,5,1428.9583333333333,28.48695652173913
2023-06-08,1100 UTC,130.4,20.8,2023-06,2023,6,1552.925,28.275000000000002
2023-06-08,1200 UTC,403.3,24.7,2023-06,2023,6,1552.925,28.275000000000002
2023-06-08,1300 UTC,981.7,27.9,2023-06,2023,6,1552.925,28.275000000000002
2023-06-08,1400 UTC,2253.2,31.3,2023-06,2023,6,1552.925,28.275000000000002
2023-06-08,1500 UTC,2608.0,34.1,2023-06,2023,6,1552.925,28.275000000000002
2023-06-08,1600 UTC,2758.7,35.5,2023-06,2023,6,1552.925,28.275000000000002
2023-06-08,1700 UTC,2716.6,35.3,2023-06,2023,6,1552.925,28.275000000000002
2023-06-08,1800 UTC,2506.1,35.7,2023-06,2023,6,1552.925,28.275000000000002
2023-06-08,1900 UTC,2097.4,35.7,2023-06,2023,6,1552.925,28.275000000000002
2023-06-08,2000 UTC,1460.7,35.5,2023-06,2023,6,1552.925,28.275000000000002
2023-06-08,2100 UTC,685.2,34.2,2023-06,2023,6,1552.925,28.275000000000002
2023-06-08,2200 UTC,33.8,31.7,2023-06,2023,6,1552.925,28.275000000000002
2023-07-08,1100 UTC,159.8,23.7,2023-07,2023,7,1459.55,28.704166666666666
2023-07-08,1200 UTC,415.1,26.3,2023-07,2023,7,1459.55,28.704166666666666
2023-07-08,1300 UTC,1250.6,30.2,2023-07,2023,7,1459.55,28.704166666666666
2023-07-08,1400 UTC,2230.2,32.8,2023-07,2023,7,1459.55,28.704166666666666
2023-07-08,1500 UTC,2561.3,34.3,2023-07,2023,7,1459.55,28.704166666666666
2023-07-08,1600 UTC,2648.1,35.3,2023-07,2023,7,1459.55,28.704166666666666
2023-07-08,1700 UTC,2316.7,35.4,2023-07,2023,7,1459.55,28.704166666666666
2023-07-08,1800 UTC,2454.5,35.7,2023-07,2023,7,1459.55,28.704166666666666
2023-07-08,1900 UTC,1834.6,34.9,2023-07,2023,7,1459.55,28.704166666666666
2023-07-08,2000 UTC,896.1,35.3,2023-07,2023,7,1459.55,28.704166666666666
2023-07-08,2100 UTC,713.3,34.3,2023-07,2023,7,1459.55,28.704166666666666
2023-07-08,2200 UTC,34.3,32.3,2023-07,2023,7,1459.55,28.704166666666666
2023-08-08,1100 UTC,130.6,23.3,2023-08,2023,8,1486.2083333333333,29.320833333333336
2023-08-08,1200 UTC,307.1,25.7,2023-08,2023,8,1486.2083333333333,29.320833333333336
2023-08-08,1300 UTC,993.9,29.6,2023-08,2023,8,1486.2083333333333,29.320833333333336
2023-08-08,1400 UTC,2243.5,33.0,2023-08,2023,8,1486.2083333333333,29.320833333333336
2023-08-08,1500 UTC,2601.7,34.5,2023-08,2023,8,1486.2083333333333,29.320833333333336
2023-08-08,1600 UTC,2751.0,35.8,2023-08,2023,8,1486.2083333333333,29.320833333333336
2023-08-08,1700 UTC,2722.6,35.8,2023-08,2023,8,1486.2083333333333,29.320833333333336
2023-08-08,1800 UTC,2461.4,36.7,2023-08,2023,8,1486.2083333333333,29.320833333333336
2023-08-08,1900 UTC,1441.9,36.4,2023-08,2023,8,1486.2083333333333,29.320833333333336
2023-08-08,2000 UTC,1509.7,35.6,2023-08,2023,8,1486.2083333333333,29.320833333333336
2023-08-08,2100 UTC,633.9,34.7,2023-08,2023,8,1486.2083333333333,29.320833333333336
2023-08-08,2200 UTC,37.2,31.9,2023-08,2023,8,1486.2083333333333,29.320833333333336
2023-09-08,1100 UTC,202.8,24.2,2023-09,2023,9,1561.966666666667,29.15416666666667
2023-09-08,1200 UTC,361.5,25.7,2023-09,2023,9,1561.966666666667,29.15416666666667
2023-09-08,1300 UTC,1003.6,31.8,2023-09,2023,9,1561.966666666667,29.15416666666667
2023-09-08,1400 UTC,2279.9,34.7,2023-09,2023,9,1561.966666666667,29.15416666666667
2023-09-08,1500 UTC,2643.9,35.4,2023-09,2023,9,1561.966666666667,29.15416666666667
2023-09-08,1600 UTC,2772.0,36.0,2023-09,2023,9,1561.966666666667,29.15416666666667
2023-09-08,1700 UTC,2728.0,36.2,2023-09,2023,9,1561.966666666667,29.15416666666667
2023-09-08,1800 UTC,2349.3,36.6,2023-09,2023,9,1561.966666666667,29.15416666666667
2023-09-08,1900 UTC,2141.1,36.1,2023-09,2023,9,1561.966666666667,29.15416666666667
2023-09-08,2000 UTC,1551.9,35.8,2023-09,2023,9,1561.966666666667,29.15416666666667
2023-09-08,2100 UTC,664.4,34.6,2023-09,2023,9,1561.966666666667,29.15416666666667
2023-09-08,2200 UTC,45.2,32.4,2023-09,2023,9,1561.966666666667,29.15416666666667
2023-10-08,1100 UTC,154.8,21.7,2023-10,2023,10,1470.1166666666668,28.5125
2023-10-08,1200 UTC,372.7,25.2,2023-10,2023,10,1470.1166666666668,28.5125
2023-10-08,1300 UTC,1021.0,29.9,2023-10,2023,10,1470.1166666666668,28.5125
2023-10-08,1400 UTC,2286.5,33.9,2023-10,2023,10,1470.1166666666668,28.5125
2023-10-08,1500 UTC,2411.8,34.8,2023-10,2023,10,1470.1166666666668,28.5125
2023-10-08,1600 UTC,2236.0,36.2,2023-10,2023,10,1470.1166666666668,28.5125
2023-10-08,1700 UTC,2203.3,35.2,2023-10,2023,10,1470.1166666666668,28.5125
2023-10-08,1800 UTC,2503.4,36.4,2023-10,2023,10,1470.1166666666668,28.5125
2023-10-08,1900 UTC,2242.7,36.0,2023-10,2023,10,1470.1166666666668,28.5125
2023-10-08,2000 UTC,1502.4,35.6,2023-10,2023,10,1470.1166666666668,28.5125
2023-10-08,2100 UTC,673.6,34.4,2023-10,2023,10,1470.1166666666668,28.5125
2023-10-08,2200 UTC,33.2,31.9,2023-10,2023,10,1470.1166666666668,28.5125
2023-11-08,1100 UTC,194.6,24.0,2023-11,2023,11,985.7583333333333,28.1125
2023-11-08,1200 UTC,404.0,27.5,2023-11,2023,11,985.7583333333333,28.1125
2023-11-08,1300 UTC,1154.1,30.5,2023-11,2023,11,985.7583333333333,28.1125
2023-11-08,1400 UTC,2318.3,32.0,2023-11,2023,11,985.7583333333333,28.1125
2023-11-08,1500 UTC,2199.7,33.1,2023-11,2023,11,985.7583333333333,28.1125
2023-11-08,1600 UTC,1818.9,32.9,2023-11,2023,11,985.7583333333333,28.1125
2023-11-08,1700 UTC,723.5,32.8,2023-11,2023,11,985.7583333333333,28.1125
2023-11-08,1800 UTC,492.3,33.1,2023-11,2023,11,985.7583333333333,28.1125
2023-11-08,1900 UTC,1680.8,33.5,2023-11,2023,11,985.7583333333333,28.1125
2023-11-08,2000 UTC,631.6,31.7,2023-11,2023,11,985.7583333333333,28.1125
2023-11-08,2100 UTC,172.5,31.1,2023-11,2023,11,985.7583333333333,28.1125
2023-11-08,2200 UTC,38.8,28.5,2023-11,2023,11,985.7583333333333,28.1125
2023-12-08,1100 UTC,211.1,23.1,2023-12,2023,12,1626.75,28.15416666666667
2023-12-08,1200 UTC,474.8,25.2,2023-12,2023,12,1626.75,28.15416666666667
2023-12-08,1300 UTC,1269.6,29.1,2023-12,2023,12,1626.75,28.15416666666667
2023-12-08,1400 UTC,2338.2,33.2,2023-12,2023,12,1626.75,28.15416666666667
2023-12-08,1500 UTC,2681.2,34.5,2023-12,2023,12,1626.75,28.15416666666667
2023-12-08,1600 UTC,2880.2,35.2,2023-12,2023,12,1626.75,28.15416666666667
2023-12-08,1700 UTC,2759.8,35.0,2023-12,2023,12,1626.75,28.15416666666667
2023-12-08,1800 UTC,2501.2,35.2,2023-12,2023,12,1626.75,28.15416666666667
2023-12-08,1900 UTC,2247.3,35.5,2023-12,2023,12,1626.75,28.15416666666667
2023-12-08,2000 UTC,1397.1,34.8,2023-12,2023,12,1626.75,28.15416666666667
2023-12-08,2100 UTC,716.6,33.9,2023-12,2023,12,1626.75,28.15416666666667
2023-12-08,2200 UTC,43.9,31.4,2023-12,2023,12,1626.75,28.15416666666667
2023-01-09,1000 UTC,0.3,23.3,2023-01,2023,1,1440.4615384615386,28.729166666666668
2023-01-09,1100 UTC,296.3,25.3,2023-01,2023,1,1440.4615384615386,28.729166666666668
2023-01-09,1200 UTC,657.0,27.6,2023-01,2023,1,1440.4615384615386,28.729166666666668
2023-01-09,1300 UTC,1527.8,29.9,2023-01,2023,1,1440.4615384615386,28.729166666666668
2023-01-09,1400 UTC,2501.7,31.2,2023-01,2023,1,1440.4615384615386,28.729166666666668
2023-01-09,1500 UTC,2815.6,32.7,2023-01,2023,1,1440.4615384615386,28.729166666666668
2023-01-09,1600 UTC,2971.3,34.3,2023-01,2023,1,1440.4615384615386,28.729166666666668
2023-01-09,1700 UTC,2581.1,34.0,2023-01,2023,1,1440.4615384615386,28.729166666666668
2023-01-09,1800 UTC,1941.1,33.7,2023-01,2023,1,1440.4615384615386,28.729166666666668
2023-01-09,1900 UTC,1250.3,34.5,2023-01,2023,1,1440.4615384615386,28.729166666666668
2023-01-09,2000 UTC,1576.9,34.6,2023-01,2023,1,1440.4615384615386,28.729166666666668
2023-01-09,2100 UTC,579.7,33.5,2023-01,2023,1,1440.4615384615386,28.729166666666668
2023-01-09,2200 UTC,26.9,32.2,2023-01,2023,1,1440.4615384615386,28.729166666666668
2023-02-09,1000 UTC,13.6,23.0,2023-02,2023,2,1418.0923076923077,26.94782608695652
2023-02-09,1100 UTC,315.5,23.5,2023-02,2023,2,1418.0923076923077,26.94782608695652
2023-02-09,1200 UTC,527.6,24.8,2023-02,2023,2,1418.0923076923077,26.94782608695652
2023-02-09,1300 UTC,1231.8,25.5,2023-02,2023,2,1418.0923076923077,26.94782608695652
2023-02-09,1400 UTC,1947.8,28.4,2023-02,2023,2,1418.0923076923077,26.94782608695652
2023-02-09,1500 UTC,2696.4,29.6,2023-02,2023,2,1418.0923076923077,26.94782608695652
2023-02-09,1600 UTC,2625.8,31.3,2023-02,2023,2,1418.0923076923077,26.94782608695652
2023-02-09,1700 UTC,2331.0,30.9,2023-02,2023,2,1418.0923076923077,26.94782608695652
2023-02-09,1800 UTC,1994.4,32.9,2023-02,2023,2,1418.0923076923077,26.94782608695652
2023-02-09,1900 UTC,2417.3,34.1,2023-02,2023,2,1418.0923076923077,26.94782608695652
2023-02-09,2000 UTC,1524.2,34.2,2023-02,2023,2,1418.0923076923077,26.94782608695652
2023-02-09,2100 UTC,737.1,33.3,2023-02,2023,2,1418.0923076923077,26.94782608695652
2023-02-09,2200 UTC,72.7,31.5,2023-02,2023,2,1418.0923076923077,26.94782608695652
2023-03-09,1000 UTC,3.8,23.9,2023-03,2023,3,1112.2615384615385,27.691666666666666
2023-03-09,1100 UTC,303.2,24.8,2023-03,2023,3,1112.2615384615385,27.691666666666666
2023-03-09,1200 UTC,665.2,27.8,2023-03,2023,3,1112.2615384615385,27.691666666666666
2023-03-09,1300 UTC,1679.1,30.5,2023-03,2023,3,1112.2615384615385,27.691666666666666
2023-03-09,1400 UTC,2417.7,32.4,2023-03,2023,3,1112.2615384615385,27.691666666666666
2023-03-09,1500 UTC,2906.4,32.7,2023-03,2023,3,1112.2615384615385,27.691666666666666
2023-03-09,1600 UTC,2531.9,33.4,2023-03,2023,3,1112.2615384615385,27.691666666666666
2023-03-09,1700 UTC,602.1,28.1,2023-03,2023,3,1112.2615384615385,27.691666666666666
2023-03-09,1800 UTC,499.4,26.8,2023-03,2023,3,1112.2615384615385,27.691666666666666
2023-03-09,1900 UTC,1546.9,29.8,2023-03,2023,3,1112.2615384615385,27.691666666666666
2023-03-09,2000 UTC,768.4,30.3,2023-03,2023,3,1112.2615384615385,27.691666666666666
2023-03-09,2100 UTC,475.8,29.6,2023-03,2023,3,1112.2615384615385,27.691666666666666
2023-03-09,2200 UTC,59.5,28.2,2023-03,2023,3,1112.2615384615385,27.691666666666666
2023-04-09,1000 UTC,5.8,22.0,2023-04,2023,4,1641.8923076923077,28.733333333333334
2023-04-09,1100 UTC,368.4,24.7,2023-04,2023,4,1641.8923076923077,28.733333333333334
2023-04-09,1200 UTC,652.7,28.1,2023-04,2023,4,1641.8923076923077,28.733333333333334
2023-04-09,1300 UTC,1965.2,30.2,2023-04,2023,4,1641.8923076923077,28.733333333333334
2023-04-09,1400 UTC,2567.9,32.4,2023-04,2023,4,1641.8923076923077,28.733333333333334
2023-04-09,1500 UTC,2978.3,34.0,2023-04,2023,4,1641.8923076923077,28.733333333333334
2023-04-09,1600 UTC,3079.2,34.8,2023-04,2023,4,1641.8923076923077,28.733333333333334
2023-04-09,1700 UTC,3041.5,36.6,2023-04,2023,4,1641.8923076923077,28.733333333333334
2023-04-09,1800 UTC,2590.3,36.5,2023-04,2023,4,1641.8923076923077,28.733333333333334
2023-04-09,1900 UTC,1861.6,36.8,2023-04,2023,4,1641.8923076923077,28.733333333333334
2023-04-09,2000 UTC,1502.6,35.7,2023-04,2023,4,1641.8923076923077,28.733333333333334
2023-04-09,2100 UTC,689.9,34.6,2023-04,2023,4,1641.8923076923077,28.733333333333334
2023-04-09,2200 UTC,41.2,32.8,2023-04,2023,4,1641.8923076923077,28.733333333333334
2023-05-09,1000 UTC,9.4,23.3,2023-05,2023,5,1395.6307692307694,30.254166666666666
2023-05-09,1100 UTC,390.3,26.4,2023-05,2023,5,1395.6307692307694,30.254166666666666
2023-05-09,1200 UTC,718.9,30.7,2023-05,2023,5,1395.6307692307694,30.254166666666666
2023-05-09,1300 UTC,1867.2,32.3,2023-05,2023,5,1395.6307692307694,30.254166666666666
2023-05-09,1400 UTC,2509.7,34.5,2023-05,2023,5,1395.6307692307694,30.254166666666666
2023-05-09,1500 UTC,2915.8,36.1,2023-05,2023,5,1395.6307692307694,30.254166666666666
2023-05-09,1600 UTC,2347.0,35.3,2023-05,2023,5,1395.6307692307694,30.254166666666666
2023-05-09,1700 UTC,1836.3,36.8,2023-05,2023,5,1395.6307692307694,30.254166666666666
2023-05-09,1800 UTC,2232.5,37.2,2023-05,2023,5,1395.6307692307694,30.254166666666666
2023-05-09,1900 UTC,2157.8,37.5,2023-05,2023,5,1395.6307692307694,30.254166666666666
2023-05-09,2000 UTC,834.5,36.4,2023-05,2023,5,1395.6307692307694,30.254166666666666
2023-05-09,2100 UTC,298.6,35.2,2023-05,2023,5,1395.6307692307694,30.254166666666666
2023-05-09,2200 UTC,25.2,32.9,2023-05,2023,5,1395.6307692307694,30.254166666666666
2023-06-09,0400 UTC,0.8,24.2,2023-06,2023,6,1258.5333333333333,29.504166666666666
2023-06-09,0500 UTC,4.1,26.0,2023-06,2023,6,1258.5333333333333,29.504166666666666
2023-06-09,1000 UTC,1.4,23.7,2023-06,2023,6,1258.5333333333333,29.504166666666666
2023-06-09,1100 UTC,95.8,24.6,2023-06,2023,6,1258.5333333333333,29.504166666666666
2023-06-09,1200 UTC,688.9,26.4,2023-06,2023,6,1258.5333333333333,29.504166666666666
2023-06-09,1300 UTC,1438.5,28.1,2023-06,2023,6,1258.5333333333333,29.504166666666666
2023-06-09,1400 UTC,1492.2,29.1,2023-06,2023,6,1258.5333333333333,29.504166666666666
2023-06-09,1500 UTC,2873.1,32.5,2023-06,2023,6,1258.5333333333333,29.504166666666666
2023-06-09,1600 UTC,2685.4,34.1,2023-06,2023,6,1258.5333333333333,29.504166666666666
2023-06-09,1700 UTC,2752.0,35.1,2023-06,2023,6,1258.5333333333333,29.504166666666666
2023-06-09,1800 UTC,2544.2,35.5,2023-06,2023,6,1258.5333333333333,29.504166666666666
2023-06-09,1900 UTC,2066.2,34.9,2023-06,2023,6,1258.5333333333333,29.504166666666666
2023-06-09,2000 UTC,1530.7,35.2,2023-06,2023,6,1258.5333333333333,29.504166666666666
2023-06-09,2100 UTC,664.9,34.3,2023-06,2023,6,1258.5333333333333,29.504166666666666
2023-06-09,2200 UTC,39.8,32.6,2023-06,2023,6,1258.5333333333333,29.504166666666666
2023-07-09,1000 UTC,5.7,23.7,2023-07,2023,7,1208.246153846154,28.554166666666664
2023-07-09,1100 UTC,276.8,24.6,2023-07,2023,7,1208.246153846154,28.554166666666664
2023-07-09,1200 UTC,933.3,27.2,2023-07,2023,7,1208.246153846154,28.554166666666664
2023-07-09,1300 UTC,1779.9,30.3,2023-07,2023,7,1208.246153846154,28.554166666666664
2023-07-09,1400 UTC,2497.3,32.6,2023-07,2023,7,1208.246153846154,28.554166666666664
2023-07-09,1500 UTC,3058.0,34.1,2023-07,2023,7,1208.246153846154,28.554166666666664
2023-07-09,1600 UTC,2862.6,35.5,2023-07,2023,7,1208.246153846154,28.554166666666664
2023-07-09,1700 UTC,1739.3,34.4,2023-07,2023,7,1208.246153846154,28.554166666666664
2023-07-09,1800 UTC,798.5,29.2,2023-07,2023,7,1208.246153846154,28.554166666666664
2023-07-09,1900 UTC,1382.2,31.3,2023-07,2023,7,1208.246153846154,28.554166666666664
2023-07-09,2000 UTC,281.1,29.9,2023-07,2023,7,1208.246153846154,28.554166666666664
2023-07-09,2100 UTC,82.1,27.1,2023-07,2023,7,1208.246153846154,28.554166666666664
2023-07-09,2200 UTC,10.4,28.2,2023-07,2023,7,1208.246153846154,28.554166666666664
2023-08-09,1000 UTC,5.7,22.5,2023-08,2023,8,1537.9692307692308,27.9375
2023-08-09,1100 UTC,377.6,25.1,2023-08,2023,8,1537.9692307692308,27.9375
2023-08-09,1200 UTC,819.1,26.7,2023-08,2023,8,1537.9692307692308,27.9375
2023-08-09,1300 UTC,1697.1,27.9,2023-08,2023,8,1537.9692307692308,27.9375
2023-08-09,1400 UTC,2386.5,30.0,2023-08,2023,8,1537.9692307692308,27.9375
2023-08-09,1500 UTC,2923.1,31.3,2023-08,2023,8,1537.9692307692308,27.9375
2023-08-09,1600 UTC,2469.2,32.2,2023-08,2023,8,1537.9692307692308,27.9375
2023-08-09,1700 UTC,3036.6,35.4,2023-08,2023,8,1537.9692307692308,27.9375
2023-08-09,1800 UTC,2867.1,35.0,2023-08,2023,8,1537.9692307692308,27.9375
2023-08-09,1900 UTC,1833.4,34.0,2023-08,2023,8,1537.9692307692308,27.9375
2023-08-09,2000 UTC,1008.5,34.0,2023-08,2023,8,1537.9692307692308,27.9375
2023-08-09,2100 UTC,490.6,33.4,2023-08,2023,8,1537.9692307692308,27.9375
2023-08-09,2200 UTC,79.1,31.7,2023-08,2023,8,1537.9692307692308,27.9375
2023-09-09,1000 UTC,10.4,24.1,2023-09,2023,9,1451.1846153846152,29.8875
2023-09-09,1100 UTC,400.9,26.7,2023-09,2023,9,1451.1846153846152,29.8875
2023-09-09,1200 UTC,962.1,28.6,2023-09,2023,9,1451.1846153846152,29.8875
2023-09-09,1300 UTC,1950.2,31.5,2023-09,2023,9,1451.1846153846152,29.8875
2023-09-09,1400 UTC,2543.5,33.3,2023-09,2023,9,1451.1846153846152,29.8875
2023-09-09,1500 UTC,2943.7,34.5,2023-09,2023,9,1451.1846153846152,29.8875
2023-09-09,1600 UTC,3151.2,36.2,2023-09,2023,9,1451.1846153846152,29.8875
2023-09-09,1700 UTC,2240.8,35.8,2023-09,2023,9,1451.1846153846152,29.8875
2023-09-09,1800 UTC,908.6,35.0,2023-09,2023,9,1451.1846153846152,29.8875
2023-09-09,1900 UTC,1798.6,36.4,2023-09,2023,9,1451.1846153846152,29.8875
2023-09-09,2000 UTC,1307.5,35.1,2023-09,2023,9,1451.1846153846152,29.8875
2023-09-09,2100 UTC,598.3,34.5,2023-09,2023,9,1451.1846153846152,29.8875
2023-09-09,2200 UTC,49.6,32.9,2023-09,2023,9,1451.1846153846152,29.8875
2023-10-09,1000 UTC,13.8,24.6,2023-10,2023,10,1622.2692307692307,30.254166666666666
2023-10-09,1100 UTC,452.9,26.6,2023-10,2023,10,1622.2692307692307,30.254166666666666
2023-10-09,1200 UTC,1138.5,28.1,2023-10,2023,10,1622.2692307692307,30.254166666666666
2023-10-09,1300 UTC,2013.1,32.1,2023-10,2023,10,1622.2692307692307,30.254166666666666
2023-10-09,1400 UTC,2584.6,33.1,2023-10,2023,10,1622.2692307692307,30.254166666666666
2023-10-09,1500 UTC,3014.7,34.6,2023-10,2023,10,1622.2692307692307,30.254166666666666
2023-10-09,1600 UTC,3265.8,35.2,2023-10,2023,10,1622.2692307692307,30.254166666666666
2023-10-09,1700 UTC,2946.9,35.6,2023-10,2023,10,1622.2692307692307,30.254166666666666
2023-10-09,1800 UTC,2269.9,35.6,2023-10,2023,10,1622.2692307692307,30.254166666666666
2023-10-09,1900 UTC,1462.8,36.5,2023-10,2023,10,1622.2692307692307,30.254166666666666
2023-10-09,2000 UTC,1216.4,35.6,2023-10,2023,10,1622.2692307692307,30.254166666666666
2023-10-09,2100 UTC,664.1,34.9,2023-10,2023,10,1622.2692307692307,30.254166666666666
2023-10-09,2200 UTC,46.0,33.0,2023-10,2023,10,1622.2692307692307,30.254166666666666
2023-11-09,1000 UTC,9.5,23.4,2023-11,2023,11,1625.4923076923078,30.7
2023-11-09,1100 UTC,268.9,26.0,2023-11,2023,11,1625.4923076923078,30.7
2023-11-09,1200 UTC,1125.6,30.3,2023-11,2023,11,1625.4923076923078,30.7
2023-11-09,1300 UTC,2017.1,34.1,2023-11,2023,11,1625.4923076923078,30.7
2023-11-09,1400 UTC,2631.3,36.1,2023-11,2023,11,1625.4923076923078,30.7
2023-11-09,1500 UTC,3078.6,36.5,2023-11,2023,11,1625.4923076923078,30.7
2023-11-09,1600 UTC,2559.0,36.5,2023-11,2023,11,1625.4923076923078,30.7
2023-11-09,1700 UTC,3135.7,36.9,2023-11,2023,11,1625.4923076923078,30.7
2023-11-09,1800 UTC,2945.0,38.1,2023-11,2023,11,1625.4923076923078,30.7
2023-11-09,1900 UTC,1867.0,37.0,2023-11,2023,11,1625.4923076923078,30.7
2023-11-09,2000 UTC,949.9,36.0,2023-11,2023,11,1625.4923076923078,30.7
2023-11-09,2100 UTC,506.5,35.1,2023-11,2023,11,1625.4923076923078,30.7
2023-11-09,2200 UTC,37.3,33.1,2023-11,2023,11,1625.4923076923078,30.7
2023-12-09,1000 UTC,13.2,22.7,2023-12,2023,12,1379.8769230769233,30.391666666666666
2023-12-09,1100 UTC,450.7,25.3,2023-12,2023,12,1379.8769230769233,30.391666666666666
2023-12-09,1200 UTC,1063.5,28.6,2023-12,2023,12,1379.8769230769233,30.391666666666666
2023-12-09,1300 UTC,1902.2,34.2,2023-12,2023,12,1379.8769230769233,30.391666666666666
2023-12-09,1400 UTC,2492.3,35.1,2023-12,2023,12,1379.8769230769233,30.391666666666666
2023-12-09,1500 UTC,2966.0,35.9,2023-12,2023,12,1379.8769230769233,30.391666666666666
2023-12-09,1600 UTC,1673.9,35.1,2023-12,2023,12,1379.8769230769233,30.391666666666666
2023-12-09,1700 UTC,2139.1,36.6,2023-12,2023,12,1379.8769230769233,30.391666666666666
2023-12-09,1800 UTC,2192.0,36.9,2023-12,2023,12,1379.8769230769233,30.391666666666666
2023-12-09,1900 UTC,2025.0,37.1,2023-12,2023,12,1379.8769230769233,30.391666666666666
2023-12-09,2000 UTC,708.3,35.9,2023-12,2023,12,1379.8769230769233,30.391666666666666
2023-12-09,2100 UTC,297.0,34.4,2023-12,2023,12,1379.8769230769233,30.391666666666666
2023-12-09,2200 UTC,15.2,33.5,2023-12,2023,12,1379.8769230769233,30.391666666666666
2023-01-10,1000 UTC,67.3,24.3,2023-01,2023,1,1313.7615384615383,27.2375
2023-01-10,1100 UTC,500.7,25.8,2023-01,2023,1,1313.7615384615383,27.2375
2023-01-10,1200 UTC,1058.2,28.1,2023-01,2023,1,1313.7615384615383,27.2375
2023-01-10,1300 UTC,1708.0,30.1,2023-01,2023,1,1313.7615384615383,27.2375
2023-01-10,1400 UTC,2582.7,32.3,2023-01,2023,1,1313.7615384615383,27.2375
2023-01-10,1500 UTC,2853.7,33.9,2023-01,2023,1,1313.7615384615383,27.2375
2023-01-10,1600 UTC,2771.0,34.8,2023-01,2023,1,1313.7615384615383,27.2375
2023-01-10,1700 UTC,2693.0,35.2,2023-01,2023,1,1313.7615384615383,27.2375
2023-01-10,1800 UTC,2269.1,33.4,2023-01,2023,1,1313.7615384615383,27.2375
2023-01-10,1900 UTC,335.8,27.2,2023-01,2023,1,1313.7615384615383,27.2375
2023-01-10,2000 UTC,187.5,27.5,2023-01,2023,1,1313.7615384615383,27.2375
2023-01-10,2100 UTC,51.5,26.2,2023-01,2023,1,1313.7615384615383,27.2375
2023-01-10,2200 UTC,0.4,25.6,2023-01,2023,1,1313.7615384615383,27.2375
2023-02-10,1000 UTC,53.0,23.6,2023-02,2023,2,1662.746153846154,28.34166666666667
2023-02-10,1100 UTC,587.7,25.2,2023-02,2023,2,1662.746153846154,28.34166666666667
2023-02-10,1200 UTC,1407.5,27.9,2023-02,2023,2,1662.746153846154,28.34166666666667
2023-02-10,1300 UTC,2127.8,31.6,2023-02,2023,2,1662.746153846154,28.34166666666667
2023-02-10,1400 UTC,2698.5,33.1,2023-02,2023,2,1662.746153846154,28.34166666666667
2023-02-10,1500 UTC,2661.2,34.6,2023-02,2023,2,1662.746153846154,28.34166666666667
2023-02-10,1600 UTC,2565.3,36.1,2023-02,2023,2,1662.746153846154,28.34166666666667
2023-02-10,1700 UTC,2882.0,35.5,2023-02,2023,2,1662.746153846154,28.34166666666667
2023-02-10,1800 UTC,2801.5,36.5,2023-02,2023,2,1662.746153846154,28.34166666666667
2023-02-10,1900 UTC,2451.3,36.4,2023-02,2023,2,1662.746153846154,28.34166666666667
2023-02-10,2000 UTC,1167.2,33.3,2023-02,2023,2,1662.746153846154,28.34166666666667
2023-02-10,2100 UTC,196.0,30.2,2023-02,2023,2,1662.746153846154,28.34166666666667
2023-02-10,2200 UTC,16.7,26.2,2023-02,2023,2,1662.746153846154,28.34166666666667
2023-03-10,1000 UTC,40.2,23.9,2023-03,2023,3,1622.1615384615384,28.983333333333334
2023-03-10,1100 UTC,530.7,25.6,2023-03,2023,3,1622.1615384615384,28.983333333333334
2023-03-10,1200 UTC,1380.1,27.5,2023-03,2023,3,1622.1615384615384,28.983333333333334
2023-03-10,1300 UTC,1594.8,29.1,2023-03,2023,3,1622.1615384615384,28.983333333333334
2023-03-10,1400 UTC,1945.6,31.8,2023-03,2023,3,1622.1615384615384,28.983333333333334
2023-03-10,1500 UTC,3063.0,33.2,2023-03,2023,3,1622.1615384615384,28.983333333333334
2023-03-10,1600 UTC,2784.0,35.1,2023-03,2023,3,1622.1615384615384,28.983333333333334
2023-03-10,1700 UTC,2368.2,34.5,2023-03,2023,3,1622.1615384615384,28.983333333333334
2023-03-10,1800 UTC,2873.6,36.6,2023-03,2023,3,1622.1615384615384,28.983333333333334
2023-03-10,1900 UTC,2450.1,36.3,2023-03,2023,3,1622.1615384615384,28.983333333333334
2023-03-10,2000 UTC,1459.1,35.6,2023-03,2023,3,1622.1615384615384,28.983333333333334
2023-03-10,2100 UTC,583.5,34.9,2023-03,2023,3,1622.1615384615384,28.983333333333334
2023-03-10,2200 UTC,15.2,32.2,2023-03,2023,3,1622.1615384615384,28.983333333333334
2023-04-10,1000 UTC,50.7,25.2,2023-04,2023,4,1681.1615384615384,30.52916666666667
2023-04-10,1100 UTC,550.3,27.5,2023-04,2023,4,1681.1615384615384,30.52916666666667
2023-04-10,1200 UTC,1374.7,29.7,2023-04,2023,4,1681.1615384615384,30.52916666666667
2023-04-10,1300 UTC,2100.5,31.1,2023-04,2023,4,1681.1615384615384,30.52916666666667
2023-04-10,1400 UTC,2678.4,33.0,2023-04,2023,4,1681.1615384615384,30.52916666666667
2023-04-10,1500 UTC,2881.1,34.1,2023-04,2023,4,1681.1615384615384,30.52916666666667
2023-04-10,1600 UTC,2331.3,35.1,2023-04,2023,4,1681.1615384615384,30.52916666666667
2023-04-10,1700 UTC,3118.6,36.3,2023-04,2023,4,1681.1615384615384,30.52916666666667
2023-04-10,1800 UTC,2630.9,36.4,2023-04,2023,4,1681.1615384615384,30.52916666666667
2023-04-10,1900 UTC,2275.4,36.4,2023-04,2023,4,1681.1615384615384,30.52916666666667
2023-04-10,2000 UTC,1249.7,36.3,2023-04,2023,4,1681.1615384615384,30.52916666666667
2023-04-10,2100 UTC,496.8,35.0,2023-04,2023,4,1681.1615384615384,30.52916666666667
2023-04-10,2200 UTC,116.7,33.0,2023-04,2023,4,1681.1615384615384,30.52916666666667
2023-05-10,1000 UTC,12.7,24.7,2023-05,2023,5,1076.8384615384616,28.037499999999998
2023-05-10,1100 UTC,283.5,26.3,2023-05,2023,5,1076.8384615384616,28.037499999999998
2023-05-10,1200 UTC,874.1,27.9,2023-05,2023,5,1076.8384615384616,28.037499999999998
2023-05-10,1300 UTC,1727.1,30.6,2023-05,2023,5,1076.8384615384616,28.037499999999998
2023-05-10,1400 UTC,2680.4,33.0,2023-05,2023,5,1076.8384615384616,28.037499999999998
2023-05-10,1500 UTC,3077.5,34.3,2023-05,2023,5,1076.8384615384616,28.037499999999998
2023-05-10,1600 UTC,1165.5,34.3,2023-05,2023,5,1076.8384615384616,28.037499999999998
2023-05-10,1700 UTC,2129.1,34.8,2023-05,2023,5,1076.8384615384616,28.037499999999998
2023-05-10,1800 UTC,365.3,23.8,2023-05,2023,5,1076.8384615384616,28.037499999999998
2023-05-10,1900 UTC,797.9,27.1,2023-05,2023,5,1076.8384615384616,28.037499999999998
2023-05-10,2000 UTC,767.6,29.0,2023-05,2023,5,1076.8384615384616,28.037499999999998
2023-05-10,2100 UTC,108.8,28.2,2023-05,2023,5,1076.8384615384616,28.037499999999998
2023-05-10,2200 UTC,9.4,27.0,2023-05,2023,5,1076.8384615384616,28.037499999999998
2023-06-10,1000 UTC,34.6,23.9,2023-06,2023,6,1445.8153846153846,28.629166666666666
2023-06-10,1100 UTC,508.6,25.1,2023-06,2023,6,1445.8153846153846,28.629166666666666
2023-06-10,1200 UTC,881.4,26.2,2023-06,2023,6,1445.8153846153846,28.629166666666666
2023-06-10,1300 UTC,1552.0,28.6,2023-06,2023,6,1445.8153846153846,28.629166666666666
2023-06-10,1400 UTC,1889.6,29.3,2023-06,2023,6,1445.8153846153846,28.629166666666666
2023-06-10,1500 UTC,2278.6,31.7,2023-06,2023,6,1445.8153846153846,28.629166666666666
2023-06-10,1600 UTC,2362.3,33.3,2023-06,2023,6,1445.8153846153846,28.629166666666666
2023-06-10,1700 UTC,2883.6,35.3,2023-06,2023,6,1445.8153846153846,28.629166666666666
2023-06-10,1800 UTC,2744.8,35.9,2023-06,2023,6,1445.8153846153846,28.629166666666666
2023-06-10,1900 UTC,1890.2,35.7,2023-06,2023,6,1445.8153846153846,28.629166666666666
2023-06-10,2000 UTC,1084.2,35.3,2023-06,2023,6,1445.8153846153846,28.629166666666666
2023-06-10,2100 UTC,592.1,34.7,2023-06,2023,6,1445.8153846153846,28.629166666666666
2023-06-10,2200 UTC,93.6,33.6,2023-06,2023,6,1445.8153846153846,28.629166666666666
2023-07-10,0400 UTC,0.1,21.9,2023-07,2023,7,1551.6125,27.03333333333333
2023-07-10,0500 UTC,0.1,22.2,2023-07,2023,7,1551.6125,27.03333333333333
2023-07-10,0600 UTC,1.3,22.3,2023-07,2023,7,1551.6125,27.03333333333333
2023-07-10,1000 UTC,45.3,22.0,2023-07,2023,7,1551.6125,27.03333333333333
2023-07-10,1100 UTC,596.8,23.1,2023-07,2023,7,1551.6125,27.03333333333333
2023-07-10,1200 UTC,1236.0,25.6,2023-07,2023,7,1551.6125,27.03333333333333
2023-07-10,1300 UTC,2400.1,28.2,2023-07,2023,7,1551.6125,27.03333333333333
2023-07-10,1400 UTC,2778.3,30.2,2023-07,2023,7,1551.6125,27.03333333333333
2023-07-10,1500 UTC,3403.7,31.4,2023-07,2023,7,1551.6125,27.03333333333333
2023-07-10,1600 UTC,3440.8,32.8,2023-07,2023,7,1551.6125,27.03333333333333
2023-07-10,1700 UTC,3229.2,33.3,2023-07,2023,7,1551.6125,27.03333333333333
2023-07-10,1800 UTC,2898.5,34.4,2023-07,2023,7,1551.6125,27.03333333333333
2023-07-10,1900 UTC,2389.7,34.3,2023-07,2023,7,1551.6125,27.03333333333333
2023-07-10,2000 UTC,1574.7,34.1,2023-07,2023,7,1551.6125,27.03333333333333
2023-07-10,2100 UTC,747.9,33.5,2023-07,2023,7,1551.6125,27.03333333333333
2023-07-10,2200 UTC,83.3,31.6,2023-07,2023,7,1551.6125,27.03333333333333
2023-08-10,1000 UTC,58.3,25.3,2023-08,2023,8,1640.3076923076924,30.025000000000002
2023-08-10,1100 UTC,603.4,28.1,2023-08,2023,8,1640.3076923076924,30.025000000000002
2023-08-10,1200 UTC,1509.1,30.3,2023-08,2023,8,1640.3076923076924,30.025000000000002
2023-08-10,1300 UTC,2135.8,31.7,2023-08,2023,8,1640.3076923076924,30.025000000000002
2023-08-10,1400 UTC,2651.7,33.3,2023-08,2023,8,1640.3076923076924,30.025000000000002
2023-08-10,1500 UTC,3215.6,34.6,2023-08,2023,8,1640.3076923076924,30.025000000000002
2023-08-10,1600 UTC,2923.9,34.8,2023-08,2023,8,1640.3076923076924,30.025000000000002
2023-08-10,1700 UTC,2781.3,35.1,2023-08,2023,8,1640.3076923076924,30.025000000000002
2023-08-10,1800 UTC,2698.4,35.8,2023-08,2023,8,1640.3076923076924,30.025000000000002
2023-08-10,1900 UTC,1557.3,35.8,2023-08,2023,8,1640.3076923076924,30.025000000000002
2023-08-10,2000 UTC,877.2,34.8,2023-08,2023,8,1640.3076923076924,30.025000000000002
2023-08-10,2100 UTC,283.5,31.1,2023-08,2023,8,1640.3076923076924,30.025000000000002
2023-08-10,2200 UTC,28.5,29.9,2023-08,2023,8,1640.3076923076924,30.025000000000002
2023-09-10,1000 UTC,64.1,25.1,2023-09,2023,9,1474.1076923076923,29.258333333333336
2023-09-10,1100 UTC,625.1,26.9,2023-09,2023,9,1474.1076923076923,29.258333333333336
2023-09-10,1200 UTC,1452.8,29.2,2023-09,2023,9,1474.1076923076923,29.258333333333336
2023-09-10,1300 UTC,2194.9,31.2,2023-09,2023,9,1474.1076923076923,29.258333333333336
2023-09-10,1400 UTC,2738.0,33.7,2023-09,2023,9,1474.1076923076923,29.258333333333336
2023-09-10,1500 UTC,3134.2,34.5,2023-09,2023,9,1474.1076923076923,29.258333333333336
2023-09-10,1600 UTC,2303.9,34.7,2023-09,2023,9,1474.1076923076923,29.258333333333336
2023-09-10,1700 UTC,1992.2,34.6,2023-09,2023,9,1474.1076923076923,29.258333333333336
2023-09-10,1800 UTC,1405.4,35.2,2023-09,2023,9,1474.1076923076923,29.258333333333336
2023-09-10,1900 UTC,2367.8,35.7,2023-09,2023,9,1474.1076923076923,29.258333333333336
2023-09-10,2000 UTC,737.0,32.1,2023-09,2023,9,1474.1076923076923,29.258333333333336
2023-09-10,2100 UTC,126.2,31.3,2023-09,2023,9,1474.1076923076923,29.258333333333336
2023-09-10,2200 UTC,21.8,28.2,2023-09,2023,9,1474.1076923076923,29.258333333333336
2023-10-10,1000 UTC,78.8,24.2,2023-10,2023,10,716.7,26.229166666666668
2023-10-10,1100 UTC,449.6,25.3,2023-10,2023,10,716.7,26.229166666666668
2023-10-10,1200 UTC,338.5,25.7,2023-10,2023,10,716.7,26.229166666666668
2023-10-10,1300 UTC,156.1,24.8,2023-10,2023,10,716.7,26.229166666666668
2023-10-10,1400 UTC,137.5,24.5,2023-10,2023,10,716.7,26.229166666666668
2023-10-10,1500 UTC,226.2,23.6,2023-10,2023,10,716.7,26.229166666666668
2023-10-10,1600 UTC,628.4,23.8,2023-10,2023,10,716.7,26.229166666666668
2023-10-10,1700 UTC,2056.1,27.2,2023-10,2023,10,716.7,26.229166666666668
2023-10-10,1800 UTC,1202.9,27.9,2023-10,2023,10,716.7,26.229166666666668
2023-10-10,1900 UTC,1724.3,29.5,2023-10,2023,10,716.7,26.229166666666668
2023-10-10,2000 UTC,1592.5,30.7,2023-10,2023,10,716.7,26.229166666666668
2023-10-10,2100 UTC,625.9,30.2,2023-10,2023,10,716.7,26.229166666666668
2023-10-10,2200 UTC,100.3,28.7,2023-10,2023,10,716.7,26.229166666666668
2023-11-10,1000 UTC,56.1,23.3,2023-11,2023,11,1726.253846153846,28.8625
2023-11-10,1100 UTC,368.7,24.6,2023-11,2023,11,1726.253846153846,28.8625
2023-11-10,1200 UTC,887.0,26.6,2023-11,2023,11,1726.253846153846,28.8625
2023-11-10,1300 UTC,1852.1,28.5,2023-11,2023,11,1726.253846153846,28.8625
2023-11-10,1400 UTC,2547.6,30.6,2023-11,2023,11,1726.253846153846,28.8625
2023-11-10,1500 UTC,3073.3,33.6,2023-11,2023,11,1726.253846153846,28.8625
2023-11-10,1600 UTC,3098.0,34.3,2023-11,2023,11,1726.253846153846,28.8625
2023-11-10,1700 UTC,3335.6,34.5,2023-11,2023,11,1726.253846153846,28.8625
2023-11-10,1800 UTC,2372.2,36.0,2023-11,2023,11,1726.253846153846,28.8625
2023-11-10,1900 UTC,2328.0,34.9,2023-11,2023,11,1726.253846153846,28.8625
2023-11-10,2000 UTC,1698.0,35.3,2023-11,2023,11,1726.253846153846,28.8625
2023-11-10,2100 UTC,744.1,34.5,2023-11,2023,11,1726.253846153846,28.8625
2023-11-10,2200 UTC,80.6,33.2,2023-11,2023,11,1726.253846153846,28.8625
2023-12-10,1000 UTC,85.1,25.4,2023-12,2023,12,1629.0307692307692,29.133333333333336
2023-12-10,1100 UTC,599.5,26.9,2023-12,2023,12,1629.0307692307692,29.133333333333336
2023-12-10,1200 UTC,1454.6,28.1,2023-12,2023,12,1629.0307692307692,29.133333333333336
2023-12-10,1300 UTC,2211.3,30.4,2023-12,2023,12,1629.0307692307692,29.133333333333336
2023-12-10,1400 UTC,2803.5,32.5,2023-12,2023,12,1629.0307692307692,29.133333333333336
2023-12-10,1500 UTC,3220.5,34.0,2023-12,2023,12,1629.0307692307692,29.133333333333336
2023-12-10,1600 UTC,3097.7,34.5,2023-12,2023,12,1629.0307692307692,29.133333333333336
2023-12-10,1700 UTC,2471.6,36.2,2023-12,2023,12,1629.0307692307692,29.133333333333336
2023-12-10,1800 UTC,3066.6,36.8,2023-12,2023,12,1629.0307692307692,29.133333333333336
2023-12-10,1900 UTC,1642.2,35.5,2023-12,2023,12,1629.0307692307692,29.133333333333336
2023-12-10,2000 UTC,265.6,31.2,2023-12,2023,12,1629.0307692307692,29.133333333333336
2023-12-10,2100 UTC,216.5,27.9,2023-12,2023,12,1629.0307692307692,29.133333333333336
2023-12-10,2200 UTC,42.7,27.4,2023-12,2023,12,1629.0307692307692,29.133333333333336
2023-01-11,1000 UTC,102.5,25.5,2023-01,2023,1,1414.042857142857,28.4875
2023-01-11,1100 UTC,778.8,27.9,2023-01,2023,1,1414.042857142857,28.4875
2023-01-11,1200 UTC,1628.1,29.5,2023-01,2023,1,1414.042857142857,28.4875
2023-01-11,1300 UTC,2203.9,31.5,2023-01,2023,1,1414.042857142857,28.4875
2023-01-11,1400 UTC,2379.4,32.9,2023-01,2023,1,1414.042857142857,28.4875
2023-01-11,1500 UTC,2186.7,32.7,2023-01,2023,1,1414.042857142857,28.4875
2023-01-11,1600 UTC,1990.1,33.6,2023-01,2023,1,1414.042857142857,28.4875
2023-01-11,1700 UTC,2477.3,35.7,2023-01,2023,1,1414.042857142857,28.4875
2023-01-11,1800 UTC,2719.6,35.7,2023-01,2023,1,1414.042857142857,28.4875
2023-01-11,1900 UTC,2582.9,35.2,2023-01,2023,1,1414.042857142857,28.4875
2023-01-11,2000 UTC,688.5,21.9,2023-01,2023,1,1414.042857142857,28.4875
2023-01-11,2100 UTC,46.6,23.4,2023-01,2023,1,1414.042857142857,28.4875
2023-01-11,2200 UTC,11.2,24.2,2023-01,2023,1,1414.042857142857,28.4875
2023-01-11,2300 UTC,1.0,24.1,2023-01,2023,1,1414.042857142857,28.4875
2023-02-11,1000 UTC,94.6,24.1,2023-02,2023,2,1661.4923076923078,27.8875
2023-02-11,1100 UTC,461.8,24.8,2023-02,2023,2,1661.4923076923078,27.8875
2023-02-11,1200 UTC,1363.5,27.3,2023-02,2023,2,1661.4923076923078,27.8875
2023-02-11,1300 UTC,2166.2,28.7,2023-02,2023,2,1661.4923076923078,27.8875
2023-02-11,1400 UTC,2599.3,31.1,2023-02,2023,2,1661.4923076923078,27.8875
2023-02-11,1500 UTC,3076.5,32.7,2023-02,2023,2,1661.4923076923078,27.8875
2023-02-11,1600 UTC,2359.9,33.2,2023-02,2023,2,1661.4923076923078,27.8875
2023-02-11,1700 UTC,2864.4,34.1,2023-02,2023,2,1661.4923076923078,27.8875
2023-02-11,1800 UTC,3006.0,35.5,2023-02,2023,2,1661.4923076923078,27.8875
2023-02-11,1900 UTC,2358.3,34.3,2023-02,2023,2,1661.4923076923078,27.8875
2023-02-11,2000 UTC,691.2,31.4,2023-02,2023,2,1661.4923076923078,27.8875
2023-02-11,2100 UTC,457.3,31.4,2023-02,2023,2,1661.4923076923078,27.8875
2023-02-11,2200 UTC,100.4,30.3,2023-02,2023,2,1661.4923076923078,27.8875
2023-03-11,1000 UTC,156.4,24.5,2023-03,2023,3,1155.9923076923076,27.004166666666666
2023-03-11,1100 UTC,899.7,26.7,2023-03,2023,3,1155.9923076923076,27.004166666666666
2023-03-11,1200 UTC,1333.4,27.7,2023-03,2023,3,1155.9923076923076,27.004166666666666
2023-03-11,1300 UTC,2152.3,30.3,2023-03,2023,3,1155.9923076923076,27.004166666666666
2023-03-11,1400 UTC,2800.3,31.4,2023-03,2023,3,1155.9923076923076,27.004166666666666
2023-03-11,1500 UTC,3162.2,33.4,2023-03,2023,3,1155.9923076923076,27.004166666666666
2023-03-11,1600 UTC,963.1,23.7,2023-03,2023,3,1155.9923076923076,27.004166666666666
2023-03-11,1700 UTC,74.3,24.0,2023-03,2023,3,1155.9923076923076,27.004166666666666
2023-03-11,1800 UTC,415.1,25.2,2023-03,2023,3,1155.9923076923076,27.004166666666666
2023-03-11,1900 UTC,1017.9,28.8,2023-03,2023,3,1155.9923076923076,27.004166666666666
2023-03-11,2000 UTC,1526.4,29.6,2023-03,2023,3,1155.9923076923076,27.004166666666666
2023-03-11,2100 UTC,461.8,28.5,2023-03,2023,3,1155.9923076923076,27.004166666666666
2023-03-11,2200 UTC,65.0,27.7,2023-03,2023,3,1155.9923076923076,27.004166666666666
2023-04-11,0900 UTC,0.2,21.9,2023-04,2023,4,881.6071428571429,24.545833333333334
2023-04-11,1000 UTC,45.6,22.2,2023-04,2023,4,881.6071428571429,24.545833333333334
2023-04-11,1100 UTC,244.8,22.7,2023-04,2023,4,881.6071428571429,24.545833333333334
2023-04-11,1200 UTC,381.8,23.1,2023-04,2023,4,881.6071428571429,24.545833333333334
2023-04-11,1300 UTC,442.8,23.3,2023-04,2023,4,881.6071428571429,24.545833333333334
2023-04-11,1400 UTC,532.2,24.2,2023-04,2023,4,881.6071428571429,24.545833333333334
2023-04-11,1500 UTC,1583.2,26.7,2023-04,2023,4,881.6071428571429,24.545833333333334
2023-04-11,1600 UTC,2591.5,28.5,2023-04,2023,4,881.6071428571429,24.545833333333334
2023-04-11,1700 UTC,2130.0,29.2,2023-04,2023,4,881.6071428571429,24.545833333333334
2023-04-11,1800 UTC,1134.5,28.3,2023-04,2023,4,881.6071428571429,24.545833333333334
2023-04-11,1900 UTC,1024.6,28.1,2023-04,2023,4,881.6071428571429,24.545833333333334
2023-04-11,2000 UTC,1319.1,29.5,2023-04,2023,4,881.6071428571429,24.545833333333334
2023-04-11,2100 UTC,750.3,28.9,2023-04,2023,4,881.6071428571429,24.545833333333334
2023-04-11,2200 UTC,161.9,27.3,2023-04,2023,4,881.6071428571429,24.545833333333334
2023-05-11,1000 UTC,110.4,22.4,2023-05,2023,5,1677.6692307692308,26.854166666666668
2023-05-11,1100 UTC,863.2,24.9,2023-05,2023,5,1677.6692307692308,26.854166666666668
2023-05-11,1200 UTC,1681.3,26.6,2023-05,2023,5,1677.6692307692308,26.854166666666668
2023-05-11,1300 UTC,2425.8,28.5,2023-05,2023,5,1677.6692307692308,26.854166666666668
2023-05-11,1400 UTC,2859.9,29.5,2023-05,2023,5,1677.6692307692308,26.854166666666668
2023-05-11,1500 UTC,2532.9,30.8,2023-05,2023,5,1677.6692307692308,26.854166666666668
2023-05-11,1600 UTC,2559.9,31.7,2023-05,2023,5,1677.6692307692308,26.854166666666668
2023-05-11,1700 UTC,3061.7,32.0,2023-05,2023,5,1677.6692307692308,26.854166666666668
2023-05-11,1800 UTC,2523.9,32.7,2023-05,2023,5,1677.6692307692308,26.854166666666668
2023-05-11,1900 UTC,1515.9,32.1,2023-05,2023,5,1677.6692307692308,26.854166666666668
2023-05-11,2000 UTC,1053.2,31.9,2023-05,2023,5,1677.6692307692308,26.854166666666668
2023-05-11,2100 UTC,533.5,31.9,2023-05,2023,5,1677.6692307692308,26.854166666666668
2023-05-11,2200 UTC,88.1,30.9,2023-05,2023,5,1677.6692307692308,26.854166666666668
2023-06-11,1000 UTC,110.4,25.7,2023-06,2023,6,1676.423076923077,29.3125
2023-06-11,1100 UTC,595.6,27.6,2023-06,2023,6,1676.423076923077,29.3125
2023-06-11,1200 UTC,1278.8,29.5,2023-06,2023,6,1676.423076923077,29.3125
2023-06-11,1300 UTC,2005.3,31.5,2023-06,2023,6,1676.423076923077,29.3125
2023-06-11,1400 UTC,2507.8,33.1,2023-06,2023,6,1676.423076923077,29.3125
2023-06-11,1500 UTC,2835.2,33.5,2023-06,2023,6,1676.423076923077,29.3125
2023-06-11,1600 UTC,3158.4,34.4,2023-06,2023,6,1676.423076923077,29.3125
2023-06-11,1700 UTC,3084.5,35.1,2023-06,2023,6,1676.423076923077,29.3125
2023-06-11,1800 UTC,2644.3,35.1,2023-06,2023,6,1676.423076923077,29.3125
2023-06-11,1900 UTC,1952.1,34.8,2023-06,2023,6,1676.423076923077,29.3125
2023-06-11,2000 UTC,1313.2,26.9,2023-06,2023,6,1676.423076923077,29.3125
2023-06-11,2100 UTC,241.4,30.4,2023-06,2023,6,1676.423076923077,29.3125
2023-06-11,2200 UTC,66.5,30.8,2023-06,2023,6,1676.423076923077,29.3125
2023-07-11,1000 UTC,157.5,23.0,2023-07,2023,7,1777.4769230769232,26.854166666666668
2023-07-11,1100 UTC,1001.0,26.2,2023-07,2023,7,1777.4769230769232,26.854166666666668
2023-07-11,1200 UTC,1251.1,25.7,2023-07,2023,7,1777.4769230769232,26.854166666666668
2023-07-11,1300 UTC,2546.3,27.8,2023-07,2023,7,1777.4769230769232,26.854166666666668
2023-07-11,1400 UTC,3108.9,29.9,2023-07,2023,7,1777.4769230769232,26.854166666666668
2023-07-11,1500 UTC,2868.6,29.4,2023-07,2023,7,1777.4769230769232,26.854166666666668
2023-07-11,1600 UTC,2286.9,30.5,2023-07,2023,7,1777.4769230769232,26.854166666666668
2023-07-11,1700 UTC,3049.0,30.9,2023-07,2023,7,1777.4769230769232,26.854166666666668
2023-07-11,1800 UTC,2863.8,31.6,2023-07,2023,7,1777.4769230769232,26.854166666666668
2023-07-11,1900 UTC,1590.2,31.5,2023-07,2023,7,1777.4769230769232,26.854166666666668
2023-07-11,2000 UTC,1515.6,31.8,2023-07,2023,7,1777.4769230769232,26.854166666666668
2023-07-11,2100 UTC,744.9,31.2,2023-07,2023,7,1777.4769230769232,26.854166666666668
2023-07-11,2200 UTC,123.4,30.5,2023-07,2023,7,1777.4769230769232,26.854166666666668
2023-08-11,1000 UTC,144.6,24.9,2023-08,2023,8,1776.930769230769,29.1125
2023-08-11,1100 UTC,981.2,27.0,2023-08,2023,8,1776.930769230769,29.1125
2023-08-11,1200 UTC,1542.5,29.1,2023-08,2023,8,1776.930769230769,29.1125
2023-08-11,1300 UTC,2439.7,30.1,2023-08,2023,8,1776.930769230769,29.1125
2023-08-11,1400 UTC,2749.2,31.7,2023-08,2023,8,1776.930769230769,29.1125
2023-08-11,1500 UTC,3393.8,32.4,2023-08,2023,8,1776.930769230769,29.1125
2023-08-11,1600 UTC,2870.3,32.8,2023-08,2023,8,1776.930769230769,29.1125
2023-08-11,1700 UTC,2623.7,33.6,2023-08,2023,8,1776.930769230769,29.1125
2023-08-11,1800 UTC,1756.1,33.5,2023-08,2023,8,1776.930769230769,29.1125
2023-08-11,1900 UTC,2133.6,34.0,2023-08,2023,8,1776.930769230769,29.1125
2023-08-11,2000 UTC,1538.8,34.4,2023-08,2023,8,1776.930769230769,29.1125
2023-08-11,2100 UTC,821.6,32.9,2023-08,2023,8,1776.930769230769,29.1125
2023-08-11,2200 UTC,105.0,32.0,2023-08,2023,8,1776.930769230769,29.1125
2023-09-11,0900 UTC,0.6,22.9,2023-09,2023,9,1563.7571428571428,28.566666666666666
2023-09-11,1000 UTC,89.0,23.2,2023-09,2023,9,1563.7571428571428,28.566666666666666
2023-09-11,1100 UTC,445.4,25.0,2023-09,2023,9,1563.7571428571428,28.566666666666666
2023-09-11,1200 UTC,1224.6,27.1,2023-09,2023,9,1563.7571428571428,28.566666666666666
2023-09-11,1300 UTC,2142.8,29.0,2023-09,2023,9,1563.7571428571428,28.566666666666666
2023-09-11,1400 UTC,2914.6,30.3,2023-09,2023,9,1563.7571428571428,28.566666666666666
2023-09-11,1500 UTC,3434.8,32.2,2023-09,2023,9,1563.7571428571428,28.566666666666666
2023-09-11,1600 UTC,3183.7,32.8,2023-09,2023,9,1563.7571428571428,28.566666666666666
2023-09-11,1700 UTC,3076.1,33.8,2023-09,2023,9,1563.7571428571428,28.566666666666666
2023-09-11,1800 UTC,2629.1,33.1,2023-09,2023,9,1563.7571428571428,28.566666666666666
2023-09-11,1900 UTC,1514.5,33.5,2023-09,2023,9,1563.7571428571428,28.566666666666666
2023-09-11,2000 UTC,927.8,32.9,2023-09,2023,9,1563.7571428571428,28.566666666666666
2023-09-11,2100 UTC,240.5,31.9,2023-09,2023,9,1563.7571428571428,28.566666666666666
2023-09-11,2200 UTC,69.1,31.1,2023-09,2023,9,1563.7571428571428,28.566666666666666
2023-10-11,1000 UTC,234.5,24.7,2023-10,2023,10,2027.9076923076923,28.77916666666667
2023-10-11,1100 UTC,941.6,26.0,2023-10,2023,10,2027.9076923076923,28.77916666666667
2023-10-11,1200 UTC,1763.0,27.7,2023-10,2023,10,2027.9076923076923,28.77916666666667
2023-10-11,1300 UTC,2472.4,29.9,2023-10,2023,10,2027.9076923076923,28.77916666666667
2023-10-11,1400 UTC,3019.8,31.3,2023-10,2023,10,2027.9076923076923,28.77916666666667
2023-10-11,1500 UTC,3414.5,32.6,2023-10,2023,10,2027.9076923076923,28.77916666666667
2023-10-11,1600 UTC,3527.3,33.7,2023-10,2023,10,2027.9076923076923,28.77916666666667
2023-10-11,1700 UTC,3358.0,33.9,2023-10,2023,10,2027.9076923076923,28.77916666666667
2023-10-11,1800 UTC,2787.0,34.9,2023-10,2023,10,2027.9076923076923,28.77916666666667
2023-10-11,1900 UTC,2374.7,34.9,2023-10,2023,10,2027.9076923076923,28.77916666666667
2023-10-11,2000 UTC,1539.7,34.6,2023-10,2023,10,2027.9076923076923,28.77916666666667
2023-10-11,2100 UTC,814.1,33.8,2023-10,2023,10,2027.9076923076923,28.77916666666667
2023-10-11,2200 UTC,116.2,32.6,2023-10,2023,10,2027.9076923076923,28.77916666666667
2023-11-11,1000 UTC,217.4,27.7,2023-11,2023,11,1999.0846153846153,30.258333333333336
2023-11-11,1100 UTC,823.0,28.9,2023-11,2023,11,1999.0846153846153,30.258333333333336
2023-11-11,1200 UTC,1746.5,30.5,2023-11,2023,11,1999.0846153846153,30.258333333333336
2023-11-11,1300 UTC,2466.4,31.4,2023-11,2023,11,1999.0846153846153,30.258333333333336
2023-11-11,1400 UTC,3010.3,32.9,2023-11,2023,11,1999.0846153846153,30.258333333333336
2023-11-11,1500 UTC,3470.5,34.6,2023-11,2023,11,1999.0846153846153,30.258333333333336
2023-11-11,1600 UTC,3301.6,34.2,2023-11,2023,11,1999.0846153846153,30.258333333333336
2023-11-11,1700 UTC,3265.0,35.2,2023-11,2023,11,1999.0846153846153,30.258333333333336
2023-11-11,1800 UTC,2767.1,35.2,2023-11,2023,11,1999.0846153846153,30.258333333333336
2023-11-11,1900 UTC,2154.6,35.2,2023-11,2023,11,1999.0846153846153,30.258333333333336
2023-11-11,2000 UTC,1710.2,34.8,2023-11,2023,11,1999.0846153846153,30.258333333333336
2023-11-11,2100 UTC,886.4,32.7,2023-11,2023,11,1999.0846153846153,30.258333333333336
2023-11-11,2200 UTC,169.1,31.9,2023-11,2023,11,1999.0846153846153,30.258333333333336
2023-12-11,1000 UTC,166.1,25.7,2023-12,2023,12,1586.3615384615384,29.295833333333334
2023-12-11,1100 UTC,831.5,27.7,2023-12,2023,12,1586.3615384615384,29.295833333333334
2023-12-11,1200 UTC,1670.3,30.0,2023-12,2023,12,1586.3615384615384,29.295833333333334
2023-12-11,1300 UTC,2303.6,31.4,2023-12,2023,12,1586.3615384615384,29.295833333333334
2023-12-11,1400 UTC,2849.0,33.0,2023-12,2023,12,1586.3615384615384,29.295833333333334
2023-12-11,1500 UTC,2237.2,33.1,2023-12,2023,12,1586.3615384615384,29.295833333333334
2023-12-11,1600 UTC,2624.9,33.4,2023-12,2023,12,1586.3615384615384,29.295833333333334
2023-12-11,1700 UTC,2373.8,32.6,2023-12,2023,12,1586.3615384615384,29.295833333333334
2023-12-11,1800 UTC,2110.5,33.6,2023-12,2023,12,1586.3615384615384,29.295833333333334
2023-12-11,1900 UTC,1507.8,30.8,2023-12,2023,12,1586.3615384615384,29.295833333333334
2023-12-11,2000 UTC,890.6,30.6,2023-12,2023,12,1586.3615384615384,29.295833333333334
2023-12-11,2100 UTC,996.1,31.2,2023-12,2023,12,1586.3615384615384,29.295833333333334
2023-12-11,2200 UTC,61.3,30.2,2023-12,2023,12,1586.3615384615384,29.295833333333334
2023-01-12,1000 UTC,99.7,23.9,2023-01,2023,1,1342.3000000000002,27.412499999999998
2023-01-12,1100 UTC,361.6,25.3,2023-01,2023,1,1342.3000000000002,27.412499999999998
2023-01-12,1200 UTC,579.3,25.7,2023-01,2023,1,1342.3000000000002,27.412499999999998
2023-01-12,1300 UTC,957.2,27.7,2023-01,2023,1,1342.3000000000002,27.412499999999998
2023-01-12,1400 UTC,2840.7,30.5,2023-01,2023,1,1342.3000000000002,27.412499999999998
2023-01-12,1500 UTC,2442.8,31.2,2023-01,2023,1,1342.3000000000002,27.412499999999998
2023-01-12,1600 UTC,2261.1,32.0,2023-01,2023,1,1342.3000000000002,27.412499999999998
2023-01-12,1700 UTC,2239.3,32.2,2023-01,2023,1,1342.3000000000002,27.412499999999998
2023-01-12,1800 UTC,2079.8,32.0,2023-01,2023,1,1342.3000000000002,27.412499999999998
2023-01-12,1900 UTC,1489.6,33.4,2023-01,2023,1,1342.3000000000002,27.412499999999998
2023-01-12,2000 UTC,1529.3,30.2,2023-01,2023,1,1342.3000000000002,27.412499999999998
2023-01-12,2100 UTC,512.1,29.3,2023-01,2023,1,1342.3000000000002,27.412499999999998
2023-01-12,2200 UTC,57.4,27.5,2023-01,2023,1,1342.3000000000002,27.412499999999998
2023-02-12,1000 UTC,116.0,24.0,2023-02,2023,2,1833.5307692307692,28.016666666666666
2023-02-12,1100 UTC,443.5,25.5,2023-02,2023,2,1833.5307692307692,28.016666666666666
2023-02-12,1200 UTC,911.1,26.8,2023-02,2023,2,1833.5307692307692,28.016666666666666
2023-02-12,1300 UTC,1227.2,27.6,2023-02,2023,2,1833.5307692307692,28.016666666666666
2023-02-12,1400 UTC,2682.4,30.4,2023-02,2023,2,1833.5307692307692,28.016666666666666
2023-02-12,1500 UTC,3388.0,32.4,2023-02,2023,2,1833.5307692307692,28.016666666666666
2023-02-12,1600 UTC,3241.7,33.3,2023-02,2023,2,1833.5307692307692,28.016666666666666
2023-02-12,1700 UTC,3440.6,33.7,2023-02,2023,2,1833.5307692307692,28.016666666666666
2023-02-12,1800 UTC,2970.0,33.8,2023-02,2023,2,1833.5307692307692,28.016666666666666
2023-02-12,1900 UTC,2325.1,33.1,2023-02,2023,2,1833.5307692307692,28.016666666666666
2023-02-12,2000 UTC,1898.4,33.4,2023-02,2023,2,1833.5307692307692,28.016666666666666
2023-02-12,2100 UTC,1087.2,31.8,2023-02,2023,2,1833.5307692307692,28.016666666666666
2023-02-12,2200 UTC,104.7,30.8,2023-02,2023,2,1833.5307692307692,28.016666666666666
2023-03-12,1000 UTC,119.1,25.5,2023-03,2023,3,1183.5846153846153,26.65416666666667
2023-03-12,1100 UTC,846.7,26.8,2023-03,2023,3,1183.5846153846153,26.65416666666667
2023-03-12,1200 UTC,1626.3,28.8,2023-03,2023,3,1183.5846153846153,26.65416666666667
2023-03-12,1300 UTC,2228.7,29.8,2023-03,2023,3,1183.5846153846153,26.65416666666667
2023-03-12,1400 UTC,2538.1,31.1,2023-03,2023,3,1183.5846153846153,26.65416666666667
2023-03-12,1500 UTC,3520.6,33.4,2023-03,2023,3,1183.5846153846153,26.65416666666667
2023-03-12,1600 UTC,2427.7,31.9,2023-03,2023,3,1183.5846153846153,26.65416666666667
2023-03-12,1700 UTC,1480.1,28.7,2023-03,2023,3,1183.5846153846153,26.65416666666667
2023-03-12,1800 UTC,373.4,24.7,2023-03,2023,3,1183.5846153846153,26.65416666666667
2023-03-12,1900 UTC,113.5,23.4,2023-03,2023,3,1183.5846153846153,26.65416666666667
2023-03-12,2000 UTC,42.5,21.9,2023-03,2023,3,1183.5846153846153,26.65416666666667
2023-03-12,2100 UTC,46.1,22.0,2023-03,2023,3,1183.5846153846153,26.65416666666667
2023-03-12,2200 UTC,23.8,22.1,2023-03,2023,3,1183.5846153846153,26.65416666666667
2023-04-12,1000 UTC,30.3,22.5,2023-04,2023,4,1126.1461538461538,24.866666666666664
2023-04-12,1100 UTC,230.0,22.8,2023-04,2023,4,1126.1461538461538,24.866666666666664
2023-04-12,1200 UTC,690.0,23.5,2023-04,2023,4,1126.1461538461538,24.866666666666664
2023-04-12,1300 UTC,756.4,24.2,2023-04,2023,4,1126.1461538461538,24.866666666666664
2023-04-12,1400 UTC,1471.7,26.1,2023-04,2023,4,1126.1461538461538,24.866666666666664
2023-04-12,1500 UTC,2349.7,28.2,2023-04,2023,4,1126.1461538461538,24.866666666666664
2023-04-12,1600 UTC,2844.0,29.4,2023-04,2023,4,1126.1461538461538,24.866666666666664
2023-04-12,1700 UTC,2465.2,29.1,2023-04,2023,4,1126.1461538461538,24.866666666666664
2023-04-12,1800 UTC,1900.9,29.6,2023-04,2023,4,1126.1461538461538,24.866666666666664
2023-04-12,1900 UTC,957.9,28.3,2023-04,2023,4,1126.1461538461538,24.866666666666664
2023-04-12,2000 UTC,539.8,28.5,2023-04,2023,4,1126.1461538461538,24.866666666666664
2023-04-12,2100 UTC,352.0,27.6,2023-04,2023,4,1126.1461538461538,24.866666666666664
2023-04-12,2200 UTC,52.0,26.8,2023-04,2023,4,1126.1461538461538,24.866666666666664
2023-05-12,1000 UTC,76.7,22.4,2023-05,2023,5,1060.6692307692306,24.900000000000002
2023-05-12,1100 UTC,448.8,23.4,2023-05,2023,5,1060.6692307692306,24.900000000000002
2023-05-12,1200 UTC,534.0,23.8,2023-05,2023,5,1060.6692307692306,24.900000000000002
2023-05-12,1300 UTC,651.5,24.5,2023-05,2023,5,1060.6692307692306,24.900000000000002
2023-05-12,1400 UTC,1051.8,25.8,2023-05,2023,5,1060.6692307692306,24.900000000000002
2023-05-12,1500 UTC,1298.8,26.5,2023-05,2023,5,1060.6692307692306,24.900000000000002
2023-05-12,1600 UTC,1318.1,27.3,2023-05,2023,5,1060.6692307692306,24.900000000000002
2023-05-12,1700 UTC,2221.0,29.0,2023-05,2023,5,1060.6692307692306,24.900000000000002
2023-05-12,1800 UTC,1487.6,28.1,2023-05,2023,5,1060.6692307692306,24.900000000000002
2023-05-12,1900 UTC,1764.1,28.3,2023-05,2023,5,1060.6692307692306,24.900000000000002
2023-05-12,2000 UTC,1706.5,29.0,2023-05,2023,5,1060.6692307692306,24.900000000000002
2023-05-12,2100 UTC,1035.0,28.7,2023-05,2023,5,1060.6692307692306,24.900000000000002
2023-05-12,2200 UTC,194.8,27.9,2023-05,2023,5,1060.6692307692306,24.900000000000002
2023-06-12,1000 UTC,203.3,24.2,2023-06,2023,6,2045.7000000000003,28.037499999999998
2023-06-12,1100 UTC,880.4,25.6,2023-06,2023,6,2045.7000000000003,28.037499999999998
2023-06-12,1200 UTC,1561.9,27.9,2023-06,2023,6,2045.7000000000003,28.037499999999998
2023-06-12,1300 UTC,2607.8,29.5,2023-06,2023,6,2045.7000000000003,28.037499999999998
2023-06-12,1400 UTC,2978.1,30.6,2023-06,2023,6,2045.7000000000003,28.037499999999998
2023-06-12,1500 UTC,3475.0,31.5,2023-06,2023,6,2045.7000000000003,28.037499999999998
2023-06-12,1600 UTC,3682.8,31.8,2023-06,2023,6,2045.7000000000003,28.037499999999998
2023-06-12,1700 UTC,3590.3,32.5,2023-06,2023,6,2045.7000000000003,28.037499999999998
2023-06-12,1800 UTC,2749.4,33.1,2023-06,2023,6,2045.7000000000003,28.037499999999998
2023-06-12,1900 UTC,2235.3,32.7,2023-06,2023,6,2045.7000000000003,28.037499999999998
2023-06-12,2000 UTC,1684.9,32.9,2023-06,2023,6,2045.7000000000003,28.037499999999998
2023-06-12,2100 UTC,862.0,32.3,2023-06,2023,6,2045.7000000000003,28.037499999999998
2023-06-12,2200 UTC,82.9,31.4,2023-06,2023,6,2045.7000000000003,28.037499999999998
2023-07-12,1000 UTC,155.6,26.9,2023-07,2023,7,1573.0307692307692,28.875
2023-07-12,1100 UTC,816.1,28.7,2023-07,2023,7,1573.0307692307692,28.875
2023-07-12,1200 UTC,1600.5,30.0,2023-07,2023,7,1573.0307692307692,28.875
2023-07-12,1300 UTC,2371.6,31.3,2023-07,2023,7,1573.0307692307692,28.875
2023-07-12,1400 UTC,2902.7,32.7,2023-07,2023,7,1573.0307692307692,28.875
2023-07-12,1500 UTC,3291.2,33.8,2023-07,2023,7,1573.0307692307692,28.875
2023-07-12,1600 UTC,3151.4,33.4,2023-07,2023,7,1573.0307692307692,28.875
2023-07-12,1700 UTC,2095.8,35.3,2023-07,2023,7,1573.0307692307692,28.875
2023-07-12,1800 UTC,3132.4,34.6,2023-07,2023,7,1573.0307692307692,28.875
2023-07-12,1900 UTC,451.0,29.2,2023-07,2023,7,1573.0307692307692,28.875
2023-07-12,2000 UTC,193.3,28.2,2023-07,2023,7,1573.0307692307692,28.875
2023-07-12,2100 UTC,195.4,29.3,2023-07,2023,7,1573.0307692307692,28.875
2023-07-12,2200 UTC,92.4,28.4,2023-07,2023,7,1573.0307692307692,28.875
2023-08-12,1000 UTC,85.5,24.1,2023-08,2023,8,1621.746153846154,27.445833333333336
2023-08-12,1100 UTC,429.8,24.9,2023-08,2023,8,1621.746153846154,27.445833333333336
2023-08-12,1200 UTC,1952.8,27.7,2023-08,2023,8,1621.746153846154,27.445833333333336
2023-08-12,1300 UTC,2440.8,28.3,2023-08,2023,8,1621.746153846154,27.445833333333336
2023-08-12,1400 UTC,2891.1,29.5,2023-08,2023,8,1621.746153846154,27.445833333333336
2023-08-12,1500 UTC,3290.3,31.4,2023-08,2023,8,1621.746153846154,27.445833333333336
2023-08-12,1600 UTC,3277.6,32.8,2023-08,2023,8,1621.746153846154,27.445833333333336
2023-08-12,1700 UTC,1983.1,32.6,2023-08,2023,8,1621.746153846154,27.445833333333336
2023-08-12,1800 UTC,2152.9,33.3,2023-08,2023,8,1621.746153846154,27.445833333333336
2023-08-12,1900 UTC,1140.6,32.5,2023-08,2023,8,1621.746153846154,27.445833333333336
2023-08-12,2000 UTC,669.6,33.8,2023-08,2023,8,1621.746153846154,27.445833333333336
2023-08-12,2100 UTC,663.8,32.4,2023-08,2023,8,1621.746153846154,27.445833333333336
2023-08-12,2200 UTC,104.8,31.1,2023-08,2023,8,1621.746153846154,27.445833333333336
2023-09-12,1000 UTC,66.4,24.9,2023-09,2023,9,1263.7923076923075,27.6375
2023-09-12,1100 UTC,662.4,26.4,2023-09,2023,9,1263.7923076923075,27.6375
2023-09-12,1200 UTC,1424.8,28.3,2023-09,2023,9,1263.7923076923075,27.6375
2023-09-12,1300 UTC,2063.2,29.9,2023-09,2023,9,1263.7923076923075,27.6375
2023-09-12,1400 UTC,1720.4,29.0,2023-09,2023,9,1263.7923076923075,27.6375
2023-09-12,1500 UTC,2525.5,31.2,2023-09,2023,9,1263.7923076923075,27.6375
2023-09-12,1600 UTC,3441.2,32.5,2023-09,2023,9,1263.7923076923075,27.6375
2023-09-12,1700 UTC,1683.1,32.6,2023-09,2023,9,1263.7923076923075,27.6375
2023-09-12,1800 UTC,1667.1,29.3,2023-09,2023,9,1263.7923076923075,27.6375
2023-09-12,1900 UTC,1068.3,26.3,2023-09,2023,9,1263.7923076923075,27.6375
2023-09-12,2000 UTC,47.2,25.0,2023-09,2023,9,1263.7923076923075,27.6375
2023-09-12,2100 UTC,32.1,25.5,2023-09,2023,9,1263.7923076923075,27.6375
2023-09-12,2200 UTC,27.6,26.3,2023-09,2023,9,1263.7923076923075,27.6375
2023-10-12,1000 UTC,138.5,24.9,2023-10,2023,10,1436.6384615384616,28.308333333333334
2023-10-12,1100 UTC,793.7,26.7,2023-10,2023,10,1436.6384615384616,28.308333333333334
2023-10-12,1200 UTC,1647.7,28.8,2023-10,2023,10,1436.6384615384616,28.308333333333334
2023-10-12,1300 UTC,2362.0,30.7,2023-10,2023,10,1436.6384615384616,28.308333333333334
2023-10-12,1400 UTC,2896.7,32.7,2023-10,2023,10,1436.6384615384616,28.308333333333334
2023-10-12,1500 UTC,3059.1,33.4,2023-10,2023,10,1436.6384615384616,28.308333333333334
2023-10-12,1600 UTC,1950.0,32.9,2023-10,2023,10,1436.6384615384616,28.308333333333334
2023-10-12,1700 UTC,958.8,32.8,2023-10,2023,10,1436.6384615384616,28.308333333333334
2023-10-12,1800 UTC,568.0,30.4,2023-10,2023,10,1436.6384615384616,28.308333333333334
2023-10-12,1900 UTC,1466.5,33.7,2023-10,2023,10,1436.6384615384616,28.308333333333334
2023-10-12,2000 UTC,1915.5,33.8,2023-10,2023,10,1436.6384615384616,28.308333333333334
2023-10-12,2100 UTC,785.5,33.0,2023-10,2023,10,1436.6384615384616,28.308333333333334
2023-10-12,2200 UTC,134.3,31.4,2023-10,2023,10,1436.6384615384616,28.308333333333334
2023-11-12,1000 UTC,74.2,24.2,2023-11,2023,11,1380.6384615384616,27.03333333333333
2023-11-12,1100 UTC,166.4,24.1,2023-11,2023,11,1380.6384615384616,27.03333333333333
2023-11-12,1200 UTC,219.7,23.6,2023-11,2023,11,1380.6384615384616,27.03333333333333
2023-11-12,1300 UTC,727.0,25.1,2023-11,2023,11,1380.6384615384616,27.03333333333333
2023-11-12,1400 UTC,1938.8,26.5,2023-11,2023,11,1380.6384615384616,27.03333333333333
2023-11-12,1500 UTC,1850.0,28.6,2023-11,2023,11,1380.6384615384616,27.03333333333333
2023-11-12,1600 UTC,3092.8,29.5,2023-11,2023,11,1380.6384615384616,27.03333333333333
2023-11-12,1700 UTC,3037.6,30.1,2023-11,2023,11,1380.6384615384616,27.03333333333333
2023-11-12,1800 UTC,2715.4,29.8,2023-11,2023,11,1380.6384615384616,27.03333333333333
2023-11-12,1900 UTC,1972.8,29.9,2023-11,2023,11,1380.6384615384616,27.03333333333333
2023-11-12,2000 UTC,1449.5,29.5,2023-11,2023,11,1380.6384615384616,27.03333333333333
2023-11-12,2100 UTC,608.8,28.8,2023-11,2023,11,1380.6384615384616,27.03333333333333
2023-11-12,2200 UTC,95.3,27.6,2023-11,2023,11,1380.6384615384616,27.03333333333333
2023-12-12,1000 UTC,127.6,24.7,2023-12,2023,12,1336.9461538461537,26.241666666666664
2023-12-12,1100 UTC,823.6,25.9,2023-12,2023,12,1336.9461538461537,26.241666666666664
2023-12-12,1200 UTC,1464.0,27.3,2023-12,2023,12,1336.9461538461537,26.241666666666664
2023-12-12,1300 UTC,1963.8,28.9,2023-12,2023,12,1336.9461538461537,26.241666666666664
2023-12-12,1400 UTC,2429.6,28.8,2023-12,2023,12,1336.9461538461537,26.241666666666664
2023-12-12,1500 UTC,2506.1,30.1,2023-12,2023,12,1336.9461538461537,26.241666666666664
2023-12-12,1600 UTC,2430.5,30.5,2023-12,2023,12,1336.9461538461537,26.241666666666664
2023-12-12,1700 UTC,2195.5,30.9,2023-12,2023,12,1336.9461538461537,26.241666666666664
2023-12-12,1800 UTC,1435.0,26.8,2023-12,2023,12,1336.9461538461537,26.241666666666664
2023-12-12,1900 UTC,898.7,25.7,2023-12,2023,12,1336.9461538461537,26.241666666666664
2023-12-12,2000 UTC,570.3,26.3,2023-12,2023,12,1336.9461538461537,26.241666666666664
2023-12-12,2100 UTC,396.6,26.5,2023-12,2023,12,1336.9461538461537,26.241666666666664
2023-12-12,2200 UTC,139.0,25.4,2023-12,2023,12,1336.9461538461537,26.241666666666664
2024-01-01,1000 UTC,22.7,24.4,2024-01,2024,1,1118.9538461538461,25.6125
2024-01-01,1100 UTC,282.9,25.1,2024-01,2024,1,1118.9538461538461,25.6125
2024-01-01,1200 UTC,960.7,26.4,2024-01,2024,1,1118.9538461538461,25.6125
2024-01-01,1300 UTC,1003.8,26.9,2024-01,2024,1,1118.9538461538461,25.6125
2024-01-01,1400 UTC,1437.7,28.7,2024-01,2024,1,1118.9538461538461,25.6125
2024-01-01,1500 UTC,3285.0,27.8,2024-01,2024,1,1118.9538461538461,25.6125
2024-01-01,1600 UTC,3509.1,29.1,2024-01,2024,1,1118.9538461538461,25.6125
2024-01-01,1700 UTC,2614.5,28.6,2024-01,2024,1,1118.9538461538461,25.6125
2024-01-01,1800 UTC,1006.2,27.5,2024-01,2024,1,1118.9538461538461,25.6125
2024-01-01,1900 UTC,276.9,25.2,2024-01,2024,1,1118.9538461538461,25.6125
2024-01-01,2000 UTC,48.4,23.7,2024-01,2024,1,1118.9538461538461,25.6125
2024-01-01,2100 UTC,59.2,24.4,2024-01,2024,1,1118.9538461538461,25.6125
2024-01-01,2200 UTC,39.3,24.1,2024-01,2024,1,1118.9538461538461,25.6125
2024-02-01,0100 UTC,0.0,22.6,2024-02,2024,2,1163.68,24.90833333333333
2024-02-01,1000 UTC,49.3,22.7,2024-02,2024,2,1163.68,24.90833333333333
2024-02-01,1100 UTC,339.2,23.2,2024-02,2024,2,1163.68,24.90833333333333
2024-02-01,1200 UTC,879.0,24.3,2024-02,2024,2,1163.68,24.90833333333333
2024-02-01,1300 UTC,1232.9,25.8,2024-02,2024,2,1163.68,24.90833333333333
2024-02-01,1400 UTC,2453.9,28.6,2024-02,2024,2,1163.68,24.90833333333333
2024-02-01,1500 UTC,3277.6,29.2,2024-02,2024,2,1163.68,24.90833333333333
2024-02-01,1600 UTC,2425.3,30.1,2024-02,2024,2,1163.68,24.90833333333333
2024-02-01,1700 UTC,3095.3,29.8,2024-02,2024,2,1163.68,24.90833333333333
2024-02-01,1800 UTC,1870.0,28.8,2024-02,2024,2,1163.68,24.90833333333333
2024-02-01,1900 UTC,740.2,24.9,2024-02,2024,2,1163.68,24.90833333333333
2024-02-01,2000 UTC,754.4,27.7,2024-02,2024,2,1163.68,24.90833333333333
2024-02-01,2100 UTC,278.4,25.8,2024-02,2024,2,1163.68,24.90833333333333
2024-02-01,2200 UTC,59.5,24.8,2024-02,2024,2,1163.68,24.90833333333333
2024-02-01,2300 UTC,0.2,24.7,2024-02,2024,2,1163.68,24.90833333333333
2024-03-01,1000 UTC,26.1,23.2,2024-03,2024,3,1438.9538461538464,25.724999999999998
2024-03-01,1100 UTC,212.5,23.5,2024-03,2024,3,1438.9538461538464,25.724999999999998
2024-03-01,1200 UTC,971.9,24.7,2024-03,2024,3,1438.9538461538464,25.724999999999998
2024-03-01,1300 UTC,2095.2,27.2,2024-03,2024,3,1438.9538461538464,25.724999999999998
2024-03-01,1400 UTC,2500.3,27.7,2024-03,2024,3,1438.9538461538464,25.724999999999998
2024-03-01,1500 UTC,1784.5,28.2,2024-03,2024,3,1438.9538461538464,25.724999999999998
2024-03-01,1600 UTC,1917.7,29.6,2024-03,2024,3,1438.9538461538464,25.724999999999998
2024-03-01,1700 UTC,1601.2,26.5,2024-03,2024,3,1438.9538461538464,25.724999999999998
2024-03-01,1800 UTC,1952.8,29.2,2024-03,2024,3,1438.9538461538464,25.724999999999998
2024-03-01,1900 UTC,2530.3,30.4,2024-03,2024,3,1438.9538461538464,25.724999999999998
2024-03-01,2000 UTC,1950.8,30.1,2024-03,2024,3,1438.9538461538464,25.724999999999998
2024-03-01,2100 UTC,960.1,29.2,2024-03,2024,3,1438.9538461538464,25.724999999999998
2024-03-01,2200 UTC,203.0,28.2,2024-03,2024,3,1438.9538461538464,25.724999999999998
2024-04-01,0900 UTC,0.3,23.2,2024-04,2024,4,1210.45,25.116666666666664
2024-04-01,1000 UTC,13.2,23.4,2024-04,2024,4,1210.45,25.116666666666664
2024-04-01,1100 UTC,175.7,23.7,2024-04,2024,4,1210.45,25.116666666666664
2024-04-01,1200 UTC,504.4,24.4,2024-04,2024,4,1210.45,25.116666666666664
2024-04-01,1300 UTC,1566.4,26.4,2024-04,2024,4,1210.45,25.116666666666664
2024-04-01,1400 UTC,1072.1,25.7,2024-04,2024,4,1210.45,25.116666666666664
2024-04-01,1500 UTC,1559.0,27.7,2024-04,2024,4,1210.45,25.116666666666664
2024-04-01,1600 UTC,3493.2,29.3,2024-04,2024,4,1210.45,25.116666666666664
2024-04-01,1700 UTC,3183.3,29.5,2024-04,2024,4,1210.45,25.116666666666664
2024-04-01,1800 UTC,2316.1,31.3,2024-04,2024,4,1210.45,25.116666666666664
2024-04-01,1900 UTC,2540.1,30.8,2024-04,2024,4,1210.45,25.116666666666664
2024-04-01,2000 UTC,427.6,23.4,2024-04,2024,4,1210.45,25.116666666666664
2024-04-01,2100 UTC,75.7,23.8,2024-04,2024,4,1210.45,25.116666666666664
2024-04-01,2200 UTC,19.2,24.1,2024-04,2024,4,1210.45,25.116666666666664
2024-05-01,0200 UTC,0.3,24.1,2024-05,2024,5,386.5375,24.170833333333334
2024-05-01,0300 UTC,0.7,23.9,2024-05,2024,5,386.5375,24.170833333333334
2024-05-01,0400 UTC,1.3,23.6,2024-05,2024,5,386.5375,24.170833333333334
2024-05-01,1000 UTC,1.2,22.9,2024-05,2024,5,386.5375,24.170833333333334
2024-05-01,1100 UTC,27.3,22.9,2024-05,2024,5,386.5375,24.170833333333334
2024-05-01,1200 UTC,126.2,23.2,2024-05,2024,5,386.5375,24.170833333333334
2024-05-01,1300 UTC,211.3,23.4,2024-05,2024,5,386.5375,24.170833333333334
2024-05-01,1400 UTC,403.5,23.8,2024-05,2024,5,386.5375,24.170833333333334
2024-05-01,1500 UTC,497.6,24.0,2024-05,2024,5,386.5375,24.170833333333334
2024-05-01,1600 UTC,690.8,24.9,2024-05,2024,5,386.5375,24.170833333333334
2024-05-01,1700 UTC,773.6,25.9,2024-05,2024,5,386.5375,24.170833333333334
2024-05-01,1800 UTC,1416.8,26.8,2024-05,2024,5,386.5375,24.170833333333334
2024-05-01,1900 UTC,963.7,26.7,2024-05,2024,5,386.5375,24.170833333333334
2024-05-01,2000 UTC,718.6,27.0,2024-05,2024,5,386.5375,24.170833333333334
2024-05-01,2100 UTC,297.9,26.2,2024-05,2024,5,386.5375,24.170833333333334
2024-05-01,2200 UTC,53.8,24.2,2024-05,2024,5,386.5375,24.170833333333334
2024-06-01,1000 UTC,27.3,23.1,2024-06,2024,6,1436.323076923077,25.09583333333333
2024-06-01,1100 UTC,195.6,23.4,2024-06,2024,6,1436.323076923077,25.09583333333333
2024-06-01,1200 UTC,488.1,24.5,2024-06,2024,6,1436.323076923077,25.09583333333333
2024-06-01,1300 UTC,1857.4,27.2,2024-06,2024,6,1436.323076923077,25.09583333333333
2024-06-01,1400 UTC,1856.3,27.5,2024-06,2024,6,1436.323076923077,25.09583333333333
2024-06-01,1500 UTC,2672.0,28.6,2024-06,2024,6,1436.323076923077,25.09583333333333
2024-06-01,1600 UTC,3091.5,29.0,2024-06,2024,6,1436.323076923077,25.09583333333333
2024-06-01,1700 UTC,2426.0,30.2,2024-06,2024,6,1436.323076923077,25.09583333333333
2024-06-01,1800 UTC,2829.3,29.8,2024-06,2024,6,1436.323076923077,25.09583333333333
2024-06-01,1900 UTC,1525.5,26.3,2024-06,2024,6,1436.323076923077,25.09583333333333
2024-06-01,2000 UTC,1265.8,27.3,2024-06,2024,6,1436.323076923077,25.09583333333333
2024-06-01,2100 UTC,379.9,26.1,2024-06,2024,6,1436.323076923077,25.09583333333333
2024-06-01,2200 UTC,57.5,24.7,2024-06,2024,6,1436.323076923077,25.09583333333333
2024-07-01,1000 UTC,38.6,23.9,2024-07,2024,7,1230.95,25.76521739130435
2024-07-01,1100 UTC,244.2,24.3,2024-07,2024,7,1230.95,25.76521739130435
2024-07-01,1200 UTC,539.9,25.2,2024-07,2024,7,1230.95,25.76521739130435
2024-07-01,1300 UTC,560.0,24.0,2024-07,2024,7,1230.95,25.76521739130435
2024-07-01,1400 UTC,1282.7,26.1,2024-07,2024,7,1230.95,25.76521739130435
2024-07-01,1500 UTC,1919.0,28.0,2024-07,2024,7,1230.95,25.76521739130435
2024-07-01,1600 UTC,2004.3,28.2,2024-07,2024,7,1230.95,25.76521739130435
2024-07-01,1700 UTC,2333.1,27.7,2024-07,2024,7,1230.95,25.76521739130435
2024-07-01,1800 UTC,2544.2,29.6,2024-07,2024,7,1230.95,25.76521739130435
2024-07-01,1900 UTC,2398.4,29.4,2024-07,2024,7,1230.95,25.76521739130435
2024-07-01,2000 UTC,2031.1,30.3,2024-07,2024,7,1230.95,25.76521739130435
2024-07-01,2100 UTC,1062.1,29.2,2024-07,2024,7,1230.95,25.76521739130435
2024-07-01,2200 UTC,267.8,29.1,2024-07,2024,7,1230.95,25.76521739130435
2024-07-01,2300 UTC,7.9,24.6,2024-07,2024,7,1230.95,25.76521739130435
2024-08-01,1000 UTC,16.6,23.7,2024-08,2024,8,1415.3153846153846,25.90416666666667
2024-08-01,1100 UTC,186.8,24.1,2024-08,2024,8,1415.3153846153846,25.90416666666667
2024-08-01,1200 UTC,961.4,25.5,2024-08,2024,8,1415.3153846153846,25.90416666666667
2024-08-01,1300 UTC,1034.5,26.1,2024-08,2024,8,1415.3153846153846,25.90416666666667
2024-08-01,1400 UTC,1653.2,27.3,2024-08,2024,8,1415.3153846153846,25.90416666666667
2024-08-01,1500 UTC,1978.9,29.8,2024-08,2024,8,1415.3153846153846,25.90416666666667
2024-08-01,1600 UTC,1639.7,26.5,2024-08,2024,8,1415.3153846153846,25.90416666666667
2024-08-01,1700 UTC,3717.7,30.6,2024-08,2024,8,1415.3153846153846,25.90416666666667
2024-08-01,1800 UTC,3378.0,30.7,2024-08,2024,8,1415.3153846153846,25.90416666666667
2024-08-01,1900 UTC,2103.7,28.2,2024-08,2024,8,1415.3153846153846,25.90416666666667
2024-08-01,2000 UTC,900.4,28.1,2024-08,2024,8,1415.3153846153846,25.90416666666667
2024-08-01,2100 UTC,658.2,27.9,2024-08,2024,8,1415.3153846153846,25.90416666666667
2024-08-01,2200 UTC,170.0,27.0,2024-08,2024,8,1415.3153846153846,25.90416666666667
2024-09-01,0400 UTC,0.1,21.5,2024-09,2024,9,962.0,23.991666666666664
2024-09-01,0500 UTC,1.1,20.6,2024-09,2024,9,962.0,23.991666666666664
2024-09-01,1000 UTC,1.7,20.3,2024-09,2024,9,962.0,23.991666666666664
2024-09-01,1100 UTC,54.7,20.7,2024-09,2024,9,962.0,23.991666666666664
2024-09-01,1200 UTC,191.7,21.3,2024-09,2024,9,962.0,23.991666666666664
2024-09-01,1300 UTC,562.4,22.4,2024-09,2024,9,962.0,23.991666666666664
2024-09-01,1400 UTC,1622.7,24.9,2024-09,2024,9,962.0,23.991666666666664
2024-09-01,1500 UTC,1264.1,25.4,2024-09,2024,9,962.0,23.991666666666664
2024-09-01,1600 UTC,1133.6,25.8,2024-09,2024,9,962.0,23.991666666666664
2024-09-01,1700 UTC,1811.0,26.9,2024-09,2024,9,962.0,23.991666666666664
2024-09-01,1800 UTC,3072.4,28.6,2024-09,2024,9,962.0,23.991666666666664
2024-09-01,1900 UTC,2565.2,28.5,2024-09,2024,9,962.0,23.991666666666664
2024-09-01,2000 UTC,1851.6,28.5,2024-09,2024,9,962.0,23.991666666666664
2024-09-01,2100 UTC,990.5,27.8,2024-09,2024,9,962.0,23.991666666666664
2024-09-01,2200 UTC,266.2,26.7,2024-09,2024,9,962.0,23.991666666666664
2024-09-01,2300 UTC,3.0,25.8,2024-09,2024,9,962.0,23.991666666666664
2024-10-01,1000 UTC,26.5,23.1,2024-10,2024,10,894.7153846153847,24.516666666666666
2024-10-01,1100 UTC,193.9,23.6,2024-10,2024,10,894.7153846153847,24.516666666666666
2024-10-01,1200 UTC,452.8,23.8,2024-10,2024,10,894.7153846153847,24.516666666666666
2024-10-01,1300 UTC,1669.2,25.6,2024-10,2024,10,894.7153846153847,24.516666666666666
2024-10-01,1400 UTC,314.1,23.5,2024-10,2024,10,894.7153846153847,24.516666666666666
2024-10-01,1500 UTC,361.6,24.2,2024-10,2024,10,894.7153846153847,24.516666666666666
2024-10-01,1600 UTC,649.1,23.7,2024-10,2024,10,894.7153846153847,24.516666666666666
2024-10-01,1700 UTC,1586.4,26.1,2024-10,2024,10,894.7153846153847,24.516666666666666
2024-10-01,1800 UTC,2690.3,29.0,2024-10,2024,10,894.7153846153847,24.516666666666666
2024-10-01,1900 UTC,1888.1,28.9,2024-10,2024,10,894.7153846153847,24.516666666666666
2024-10-01,2000 UTC,1491.5,28.6,2024-10,2024,10,894.7153846153847,24.516666666666666
2024-10-01,2100 UTC,223.9,25.0,2024-10,2024,10,894.7153846153847,24.516666666666666
2024-10-01,2200 UTC,83.9,24.3,2024-10,2024,10,894.7153846153847,24.516666666666666
2024-11-01,1000 UTC,10.6,23.2,2024-11,2024,11,647.6857142857143,24.125
2024-11-01,1100 UTC,207.7,23.4,2024-11,2024,11,647.6857142857143,24.125
2024-11-01,1200 UTC,601.3,24.0,2024-11,2024,11,647.6857142857143,24.125
2024-11-01,1300 UTC,1081.2,25.2,2024-11,2024,11,647.6857142857143,24.125
2024-11-01,1400 UTC,1106.3,26.3,2024-11,2024,11,647.6857142857143,24.125
2024-11-01,1500 UTC,1565.2,27.4,2024-11,2024,11,647.6857142857143,24.125
2024-11-01,1600 UTC,1701.5,28.3,2024-11,2024,11,647.6857142857143,24.125
2024-11-01,1700 UTC,1267.5,25.7,2024-11,2024,11,647.6857142857143,24.125
2024-11-01,1800 UTC,552.1,24.5,2024-11,2024,11,647.6857142857143,24.125
2024-11-01,1900 UTC,371.3,23.9,2024-11,2024,11,647.6857142857143,24.125
2024-11-01,2000 UTC,323.0,23.4,2024-11,2024,11,647.6857142857143,24.125
2024-11-01,2100 UTC,191.0,23.1,2024-11,2024,11,647.6857142857143,24.125
2024-11-01,2200 UTC,87.5,23.0,2024-11,2024,11,647.6857142857143,24.125
2024-11-01,2300 UTC,1.4,23.0,2024-11,2024,11,647.6857142857143,24.125
2024-12-01,1000 UTC,17.6,22.5,2024-12,2024,12,1303.6499999999999,24.583333333333332
2024-12-01,1100 UTC,413.1,23.7,2024-12,2024,12,1303.6499999999999,24.583333333333332
2024-12-01,1200 UTC,1175.7,24.5,2024-12,2024,12,1303.6499999999999,24.583333333333332
2024-12-01,1300 UTC,1260.4,26.0,2024-12,2024,12,1303.6499999999999,24.583333333333332
2024-12-01,1400 UTC,2045.0,28.3,2024-12,2024,12,1303.6499999999999,24.583333333333332
2024-12-01,1500 UTC,2867.1,29.0,2024-12,2024,12,1303.6499999999999,24.583333333333332
2024-12-01,1600 UTC,1791.4,29.4,2024-12,2024,12,1303.6499999999999,24.583333333333332
2024-12-01,1700 UTC,1765.6,24.8,2024-12,2024,12,1303.6499999999999,24.583333333333332
2024-12-01,1800 UTC,2044.9,28.4,2024-12,2024,12,1303.6499999999999,24.583333333333332
2024-12-01,1900 UTC,2629.0,28.5,2024-12,2024,12,1303.6499999999999,24.583333333333332
2024-12-01,2000 UTC,1403.1,28.1,2024-12,2024,12,1303.6499999999999,24.583333333333332
2024-12-01,2100 UTC,711.0,26.1,2024-12,2024,12,1303.6499999999999,24.583333333333332
2024-12-01,2200 UTC,120.3,23.4,2024-12,2024,12,1303.6499999999999,24.583333333333332
2024-12-01,2300 UTC,6.9,23.3,2024-12,2024,12,1303.6499999999999,24.583333333333332
2024-01-02,1000 UTC,15.7,22.4,2024-01,2024,1,1842.5714285714287,27.766666666666666
2024-01-02,1100 UTC,541.2,24.5,2024-01,2024,1,1842.5714285714287,27.766666666666666
2024-01-02,1200 UTC,1389.2,26.6,2024-01,2024,1,1842.5714285714287,27.766666666666666
2024-01-02,1300 UTC,2195.4,28.7,2024-01,2024,1,1842.5714285714287,27.766666666666666
2024-01-02,1400 UTC,2794.3,31.2,2024-01,2024,1,1842.5714285714287,27.766666666666666
2024-01-02,1500 UTC,3378.5,32.0,2024-01,2024,1,1842.5714285714287,27.766666666666666
2024-01-02,1600 UTC,3298.8,33.2,2024-01,2024,1,1842.5714285714287,27.766666666666666
2024-01-02,1700 UTC,3512.9,33.5,2024-01,2024,1,1842.5714285714287,27.766666666666666
2024-01-02,1800 UTC,3180.6,34.5,2024-01,2024,1,1842.5714285714287,27.766666666666666
2024-01-02,1900 UTC,2766.6,34.5,2024-01,2024,1,1842.5714285714287,27.766666666666666
2024-01-02,2000 UTC,1882.4,34.6,2024-01,2024,1,1842.5714285714287,27.766666666666666
2024-01-02,2100 UTC,587.8,33.0,2024-01,2024,1,1842.5714285714287,27.766666666666666
2024-01-02,2200 UTC,245.1,29.2,2024-01,2024,1,1842.5714285714287,27.766666666666666
2024-01-02,2300 UTC,7.5,27.7,2024-01,2024,1,1842.5714285714287,27.766666666666666
2024-02-02,1000 UTC,2.4,21.8,2024-02,2024,2,893.3857142857142,24.537499999999998
2024-02-02,1100 UTC,108.1,22.3,2024-02,2024,2,893.3857142857142,24.537499999999998
2024-02-02,1200 UTC,301.1,22.7,2024-02,2024,2,893.3857142857142,24.537499999999998
2024-02-02,1300 UTC,650.4,23.4,2024-02,2024,2,893.3857142857142,24.537499999999998
2024-02-02,1400 UTC,1024.9,24.2,2024-02,2024,2,893.3857142857142,24.537499999999998
2024-02-02,1500 UTC,1228.3,24.8,2024-02,2024,2,893.3857142857142,24.537499999999998
2024-02-02,1600 UTC,1536.7,26.0,2024-02,2024,2,893.3857142857142,24.537499999999998
2024-02-02,1700 UTC,1935.9,27.1,2024-02,2024,2,893.3857142857142,24.537499999999998
2024-02-02,1800 UTC,1144.1,28.0,2024-02,2024,2,893.3857142857142,24.537499999999998
2024-02-02,1900 UTC,1873.7,29.6,2024-02,2024,2,893.3857142857142,24.537499999999998
2024-02-02,2000 UTC,1929.3,28.9,2024-02,2024,2,893.3857142857142,24.537499999999998
2024-02-02,2100 UTC,588.3,28.2,2024-02,2024,2,893.3857142857142,24.537499999999998
2024-02-02,2200 UTC,182.8,27.2,2024-02,2024,2,893.3857142857142,24.537499999999998
2024-02-02,2300 UTC,1.4,26.5,2024-02,2024,2,893.3857142857142,24.537499999999998
2024-03-02,1000 UTC,6.6,21.9,2024-03,2024,3,275.0357142857143,23.254166666666666
2024-03-02,1100 UTC,218.1,22.8,2024-03,2024,3,275.0357142857143,23.254166666666666
2024-03-02,1200 UTC,477.3,23.1,2024-03,2024,3,275.0357142857143,23.254166666666666
2024-03-02,1300 UTC,516.0,23.9,2024-03,2024,3,275.0357142857143,23.254166666666666
2024-03-02,1400 UTC,187.1,23.8,2024-03,2024,3,275.0357142857143,23.254166666666666
2024-03-02,1500 UTC,87.7,22.7,2024-03,2024,3,275.0357142857143,23.254166666666666
2024-03-02,1600 UTC,65.1,22.3,2024-03,2024,3,275.0357142857143,23.254166666666666
2024-03-02,1700 UTC,38.3,22.6,2024-03,2024,3,275.0357142857143,23.254166666666666
2024-03-02,1800 UTC,360.4,23.0,2024-03,2024,3,275.0357142857143,23.254166666666666
2024-03-02,1900 UTC,959.3,23.6,2024-03,2024,3,275.0357142857143,23.254166666666666
2024-03-02,2000 UTC,492.9,23.8,2024-03,2024,3,275.0357142857143,23.254166666666666
2024-03-02,2100 UTC,342.5,23.8,2024-03,2024,3,275.0357142857143,23.254166666666666
2024-03-02,2200 UTC,97.8,23.3,2024-03,2024,3,275.0357142857143,23.254166666666666
2024-03-02,2300 UTC,1.4,23.0,2024-03,2024,3,275.0357142857143,23.254166666666666
2024-04-02,1000 UTC,4.8,22.1,2024-04,2024,4,707.3214285714286,23.995833333333334
2024-04-02,1100 UTC,222.5,22.6,2024-04,2024,4,707.3214285714286,23.995833333333334
2024-04-02,1200 UTC,466.1,23.5,2024-04,2024,4,707.3214285714286,23.995833333333334
2024-04-02,1300 UTC,1197.9,25.0,2024-04,2024,4,707.3214285714286,23.995833333333334
2024-04-02,1400 UTC,1381.3,26.1,2024-04,2024,4,707.3214285714286,23.995833333333334
2024-04-02,1500 UTC,1517.4,27.1,2024-04,2024,4,707.3214285714286,23.995833333333334
2024-04-02,1600 UTC,1917.3,28.7,2024-04,2024,4,707.3214285714286,23.995833333333334
2024-04-02,1700 UTC,2035.2,28.8,2024-04,2024,4,707.3214285714286,23.995833333333334
2024-04-02,1800 UTC,757.7,27.7,2024-04,2024,4,707.3214285714286,23.995833333333334
2024-04-02,1900 UTC,186.7,25.2,2024-04,2024,4,707.3214285714286,23.995833333333334
2024-04-02,2000 UTC,94.9,23.0,2024-04,2024,4,707.3214285714286,23.995833333333334
2024-04-02,2100 UTC,84.8,23.4,2024-04,2024,4,707.3214285714286,23.995833333333334
2024-04-02,2200 UTC,32.9,23.3,2024-04,2024,4,707.3214285714286,23.995833333333334
2024-04-02,2300 UTC,3.0,23.5,2024-04,2024,4,707.3214285714286,23.995833333333334
2024-05-02,1000 UTC,4.2,22.7,2024-05,2024,5,1358.5249999999999,25.291304347826088
2024-05-02,1100 UTC,88.9,23.0,2024-05,2024,5,1358.5249999999999,25.291304347826088
2024-05-02,1200 UTC,352.5,23.7,2024-05,2024,5,1358.5249999999999,25.291304347826088
2024-05-02,1300 UTC,1181.6,25.1,2024-05,2024,5,1358.5249999999999,25.291304347826088
2024-05-02,1400 UTC,1546.7,26.0,2024-05,2024,5,1358.5249999999999,25.291304347826088
2024-05-02,1500 UTC,2688.4,28.1,2024-05,2024,5,1358.5249999999999,25.291304347826088
2024-05-02,1600 UTC,2904.7,28.9,2024-05,2024,5,1358.5249999999999,25.291304347826088
2024-05-02,1700 UTC,2668.1,29.9,2024-05,2024,5,1358.5249999999999,25.291304347826088
2024-05-02,1800 UTC,2551.0,30.4,2024-05,2024,5,1358.5249999999999,25.291304347826088
2024-05-02,1900 UTC,1913.3,30.2,2024-05,2024,5,1358.5249999999999,25.291304347826088
2024-05-02,2100 UTC,254.9,29.2,2024-05,2024,5,1358.5249999999999,25.291304347826088
2024-05-02,2200 UTC,148.0,28.1,2024-05,2024,5,1358.5249999999999,25.291304347826088
2024-06-02,1000 UTC,18.1,22.7,2024-06,2024,6,1837.4714285714285,27.645833333333332
2024-06-02,1100 UTC,391.3,24.7,2024-06,2024,6,1837.4714285714285,27.645833333333332
2024-06-02,1200 UTC,1465.1,26.3,2024-06,2024,6,1837.4714285714285,27.645833333333332
2024-06-02,1300 UTC,2448.9,28.6,2024-06,2024,6,1837.4714285714285,27.645833333333332
2024-06-02,1400 UTC,2361.4,29.8,2024-06,2024,6,1837.4714285714285,27.645833333333332
2024-06-02,1500 UTC,3315.7,30.3,2024-06,2024,6,1837.4714285714285,27.645833333333332
2024-06-02,1600 UTC,3614.1,32.0,2024-06,2024,6,1837.4714285714285,27.645833333333332
2024-06-02,1700 UTC,3457.0,33.2,2024-06,2024,6,1837.4714285714285,27.645833333333332
2024-06-02,1800 UTC,2719.2,33.1,2024-06,2024,6,1837.4714285714285,27.645833333333332
2024-06-02,1900 UTC,2847.8,34.7,2024-06,2024,6,1837.4714285714285,27.645833333333332
2024-06-02,2000 UTC,2502.5,33.2,2024-06,2024,6,1837.4714285714285,27.645833333333332
2024-06-02,2100 UTC,439.7,31.9,2024-06,2024,6,1837.4714285714285,27.645833333333332
2024-06-02,2200 UTC,143.5,30.3,2024-06,2024,6,1837.4714285714285,27.645833333333332
2024-06-02,2300 UTC,0.3,30.0,2024-06,2024,6,1837.4714285714285,27.645833333333332
2024-07-02,1000 UTC,3.7,23.7,2024-07,2024,7,1572.5571428571427,28.191666666666666
2024-07-02,1100 UTC,227.6,23.9,2024-07,2024,7,1572.5571428571427,28.191666666666666
2024-07-02,1200 UTC,649.4,24.8,2024-07,2024,7,1572.5571428571427,28.191666666666666
2024-07-02,1300 UTC,1859.8,26.9,2024-07,2024,7,1572.5571428571427,28.191666666666666
2024-07-02,1400 UTC,1722.1,28.3,2024-07,2024,7,1572.5571428571427,28.191666666666666
2024-07-02,1500 UTC,2044.5,29.7,2024-07,2024,7,1572.5571428571427,28.191666666666666
2024-07-02,1600 UTC,3243.4,31.5,2024-07,2024,7,1572.5571428571427,28.191666666666666
2024-07-02,1700 UTC,3104.9,34.2,2024-07,2024,7,1572.5571428571427,28.191666666666666
2024-07-02,1800 UTC,3072.5,33.7,2024-07,2024,7,1572.5571428571427,28.191666666666666
2024-07-02,1900 UTC,2445.7,34.1,2024-07,2024,7,1572.5571428571427,28.191666666666666
2024-07-02,2000 UTC,2131.2,33.7,2024-07,2024,7,1572.5571428571427,28.191666666666666
2024-07-02,2100 UTC,1270.5,33.8,2024-07,2024,7,1572.5571428571427,28.191666666666666
2024-07-02,2200 UTC,239.1,30.5,2024-07,2024,7,1572.5571428571427,28.191666666666666
2024-07-02,2300 UTC,1.4,30.4,2024-07,2024,7,1572.5571428571427,28.191666666666666
2024-08-02,1000 UTC,11.9,24.6,2024-08,2024,8,1178.3,27.004166666666666
2024-08-02,1100 UTC,435.8,26.6,2024-08,2024,8,1178.3,27.004166666666666
2024-08-02,1200 UTC,881.9,27.4,2024-08,2024,8,1178.3,27.004166666666666
2024-08-02,1300 UTC,1644.8,29.0,2024-08,2024,8,1178.3,27.004166666666666
2024-08-02,1400 UTC,2230.0,30.7,2024-08,2024,8,1178.3,27.004166666666666
2024-08-02,1500 UTC,2344.0,31.0,2024-08,2024,8,1178.3,27.004166666666666
2024-08-02,1600 UTC,3386.4,33.6,2024-08,2024,8,1178.3,27.004166666666666
2024-08-02,1700 UTC,3411.5,31.9,2024-08,2024,8,1178.3,27.004166666666666
2024-08-02,1800 UTC,668.4,24.6,2024-08,2024,8,1178.3,27.004166666666666
2024-08-02,1900 UTC,126.6,24.4,2024-08,2024,8,1178.3,27.004166666666666
2024-08-02,2000 UTC,69.5,24.6,2024-08,2024,8,1178.3,27.004166666666666
2024-08-02,2100 UTC,63.6,24.6,2024-08,2024,8,1178.3,27.004166666666666
2024-08-02,2200 UTC,43.5,24.0,2024-08,2024,8,1178.3,27.004166666666666
2024-09-02,1000 UTC,17.3,22.9,2024-09,2024,9,1581.1928571428573,26.90833333333333
2024-09-02,1100 UTC,245.0,23.7,2024-09,2024,9,1581.1928571428573,26.90833333333333
2024-09-02,1200 UTC,683.9,25.1,2024-09,2024,9,1581.1928571428573,26.90833333333333
2024-09-02,1300 UTC,1573.5,26.9,2024-09,2024,9,1581.1928571428573,26.90833333333333
2024-09-02,1400 UTC,2199.2,28.6,2024-09,2024,9,1581.1928571428573,26.90833333333333
2024-09-02,1500 UTC,2895.2,30.1,2024-09,2024,9,1581.1928571428573,26.90833333333333
2024-09-02,1600 UTC,3151.2,32.4,2024-09,2024,9,1581.1928571428573,26.90833333333333
2024-09-02,1700 UTC,2824.3,32.8,2024-09,2024,9,1581.1928571428573,26.90833333333333
2024-09-02,1800 UTC,2268.2,33.1,2024-09,2024,9,1581.1928571428573,26.90833333333333
2024-09-02,1900 UTC,2738.4,33.9,2024-09,2024,9,1581.1928571428573,26.90833333333333
2024-09-02,2000 UTC,2081.7,33.8,2024-09,2024,9,1581.1928571428573,26.90833333333333
2024-09-02,2100 UTC,1253.8,33.3,2024-09,2024,9,1581.1928571428573,26.90833333333333
2024-09-02,2200 UTC,200.0,30.6,2024-09,2024,9,1581.1928571428573,26.90833333333333
2024-09-02,2300 UTC,5.0,23.4,2024-09,2024,9,1581.1928571428573,26.90833333333333
2024-10-02,0000 UTC,0.8,23.6,2024-10,2024,10,1071.2375,25.670833333333334
2024-10-02,0400 UTC,0.7,23.8,2024-10,2024,10,1071.2375,25.670833333333334
2024-10-02,1000 UTC,0.6,23.8,2024-10,2024,10,1071.2375,25.670833333333334
2024-10-02,1100 UTC,40.9,23.7,2024-10,2024,10,1071.2375,25.670833333333334
2024-10-02,1200 UTC,99.7,23.8,2024-10,2024,10,1071.2375,25.670833333333334
2024-10-02,1300 UTC,191.8,24.0,2024-10,2024,10,1071.2375,25.670833333333334
2024-10-02,1400 UTC,827.8,25.3,2024-10,2024,10,1071.2375,25.670833333333334
2024-10-02,1500 UTC,2168.3,27.5,2024-10,2024,10,1071.2375,25.670833333333334
2024-10-02,1600 UTC,2968.4,29.3,2024-10,2024,10,1071.2375,25.670833333333334
2024-10-02,1700 UTC,3032.2,30.2,2024-10,2024,10,1071.2375,25.670833333333334
2024-10-02,1800 UTC,2894.8,31.1,2024-10,2024,10,1071.2375,25.670833333333334
2024-10-02,1900 UTC,2448.3,31.0,2024-10,2024,10,1071.2375,25.670833333333334
2024-10-02,2000 UTC,1547.1,31.2,2024-10,2024,10,1071.2375,25.670833333333334
2024-10-02,2100 UTC,798.9,30.2,2024-10,2024,10,1071.2375,25.670833333333334
2024-10-02,2200 UTC,112.7,23.9,2024-10,2024,10,1071.2375,25.670833333333334
2024-10-02,2300 UTC,6.8,24.7,2024-10,2024,10,1071.2375,25.670833333333334
2024-11-02,0000 UTC,4.6,24.7,2024-11,2024,11,1002.875,25.258333333333336
2024-11-02,0800 UTC,0.0,23.0,2024-11,2024,11,1002.875,25.258333333333336
2024-11-02,1000 UTC,4.4,22.7,2024-11,2024,11,1002.875,25.258333333333336
2024-11-02,1100 UTC,193.7,23.0,2024-11,2024,11,1002.875,25.258333333333336
2024-11-02,1200 UTC,553.6,23.5,2024-11,2024,11,1002.875,25.258333333333336
2024-11-02,1300 UTC,963.0,24.7,2024-11,2024,11,1002.875,25.258333333333336
2024-11-02,1400 UTC,1692.4,26.0,2024-11,2024,11,1002.875,25.258333333333336
2024-11-02,1500 UTC,1942.1,27.4,2024-11,2024,11,1002.875,25.258333333333336
2024-11-02,1600 UTC,2455.9,28.9,2024-11,2024,11,1002.875,25.258333333333336
2024-11-02,1700 UTC,2555.4,29.4,2024-11,2024,11,1002.875,25.258333333333336
2024-11-02,1800 UTC,2760.8,30.3,2024-11,2024,11,1002.875,25.258333333333336
2024-11-02,1900 UTC,1066.4,26.0,2024-11,2024,11,1002.875,25.258333333333336
2024-11-02,2000 UTC,1015.9,28.2,2024-11,2024,11,1002.875,25.258333333333336
2024-11-02,2100 UTC,676.9,28.3,2024-11,2024,11,1002.875,25.258333333333336
2024-11-02,2200 UTC,159.0,26.7,2024-11,2024,11,1002.875,25.258333333333336
2024-11-02,2300 UTC,1.9,25.6,2024-11,2024,11,1002.875,25.258333333333336
2024-12-02,1000 UTC,1.1,21.9,2024-12,2024,12,790.4214285714286,24.25
2024-12-02,1100 UTC,82.6,22.3,2024-12,2024,12,790.4214285714286,24.25
2024-12-02,1200 UTC,319.0,23.0,2024-12,2024,12,790.4214285714286,24.25
2024-12-02,1300 UTC,677.3,23.9,2024-12,2024,12,790.4214285714286,24.25
2024-12-02,1400 UTC,854.2,24.5,2024-12,2024,12,790.4214285714286,24.25
2024-12-02,1500 UTC,1025.3,24.9,2024-12,2024,12,790.4214285714286,24.25
2024-12-02,1600 UTC,1433.0,25.8,2024-12,2024,12,790.4214285714286,24.25
2024-12-02,1700 UTC,2020.5,26.8,2024-12,2024,12,790.4214285714286,24.25
2024-12-02,1800 UTC,1823.3,27.7,2024-12,2024,12,790.4214285714286,24.25
2024-12-02,1900 UTC,1252.1,27.8,2024-12,2024,12,790.4214285714286,24.25
2024-12-02,2000 UTC,792.7,27.7,2024-12,2024,12,790.4214285714286,24.25
2024-12-02,2100 UTC,523.5,27.6,2024-12,2024,12,790.4214285714286,24.25
2024-12-02,2200 UTC,260.6,27.1,2024-12,2024,12,790.4214285714286,24.25
2024-12-02,2300 UTC,0.7,25.9,2024-12,2024,12,790.4214285714286,24.25
2024-01-03,1000 UTC,13.4,24.0,2024-01,2024,1,1502.9615384615386,27.620833333333334
2024-01-03,1100 UTC,495.4,25.8,2024-01,2024,1,1502.9615384615386,27.620833333333334
2024-01-03,1200 UTC,1327.1,27.2,2024-01,2024,1,1502.9615384615386,27.620833333333334
2024-01-03,1300 UTC,2181.2,28.8,2024-01,2024,1,1502.9615384615386,27.620833333333334
2024-01-03,1400 UTC,2390.5,30.6,2024-01,2024,1,1502.9615384615386,27.620833333333334
2024-01-03,1500 UTC,2803.5,31.3,2024-01,2024,1,1502.9615384615386,27.620833333333334
2024-01-03,1600 UTC,2339.6,31.5,2024-01,2024,1,1502.9615384615386,27.620833333333334
2024-01-03,1700 UTC,2722.8,32.6,2024-01,2024,1,1502.9615384615386,27.620833333333334
2024-01-03,1800 UTC,2281.2,30.7,2024-01,2024,1,1502.9615384615386,27.620833333333334
2024-01-03,1900 UTC,1543.0,27.1,2024-01,2024,1,1502.9615384615386,27.620833333333334
2024-01-03,2000 UTC,696.8,29.7,2024-01,2024,1,1502.9615384615386,27.620833333333334
2024-01-03,2100 UTC,624.6,29.0,2024-01,2024,1,1502.9615384615386,27.620833333333334
2024-01-03,2200 UTC,119.4,26.3,2024-01,2024,1,1502.9615384615386,27.620833333333334
2024-02-03,1000 UTC,5.6,23.3,2024-02,2024,2,1389.2384615384615,27.84583333333333
2024-02-03,1100 UTC,476.2,25.1,2024-02,2024,2,1389.2384615384615,27.84583333333333
2024-02-03,1200 UTC,1198.3,27.6,2024-02,2024,2,1389.2384615384615,27.84583333333333
2024-02-03,1300 UTC,2151.6,29.9,2024-02,2024,2,1389.2384615384615,27.84583333333333
2024-02-03,1400 UTC,2593.1,30.9,2024-02,2024,2,1389.2384615384615,27.84583333333333
2024-02-03,1500 UTC,2975.4,31.8,2024-02,2024,2,1389.2384615384615,27.84583333333333
2024-02-03,1600 UTC,2384.4,32.3,2024-02,2024,2,1389.2384615384615,27.84583333333333
2024-02-03,1700 UTC,1168.5,33.0,2024-02,2024,2,1389.2384615384615,27.84583333333333
2024-02-03,1800 UTC,1347.8,33.0,2024-02,2024,2,1389.2384615384615,27.84583333333333
2024-02-03,1900 UTC,1757.9,33.3,2024-02,2024,2,1389.2384615384615,27.84583333333333
2024-02-03,2000 UTC,999.3,33.9,2024-02,2024,2,1389.2384615384615,27.84583333333333
2024-02-03,2100 UTC,764.8,32.8,2024-02,2024,2,1389.2384615384615,27.84583333333333
2024-02-03,2200 UTC,237.2,31.2,2024-02,2024,2,1389.2384615384615,27.84583333333333
2024-03-03,0100 UTC,1.6,23.5,2024-03,2024,3,814.2941176470588,24.616666666666664
2024-03-03,0200 UTC,5.4,23.4,2024-03,2024,3,814.2941176470588,24.616666666666664
2024-03-03,0300 UTC,2.4,23.4,2024-03,2024,3,814.2941176470588,24.616666666666664
2024-03-03,0900 UTC,0.4,22.3,2024-03,2024,3,814.2941176470588,24.616666666666664
2024-03-03,1000 UTC,0.3,22.2,2024-03,2024,3,814.2941176470588,24.616666666666664
2024-03-03,1100 UTC,87.9,22.4,2024-03,2024,3,814.2941176470588,24.616666666666664
2024-03-03,1200 UTC,504.1,23.1,2024-03,2024,3,814.2941176470588,24.616666666666664
2024-03-03,1300 UTC,1069.3,24.9,2024-03,2024,3,814.2941176470588,24.616666666666664
2024-03-03,1400 UTC,1407.6,26.5,2024-03,2024,3,814.2941176470588,24.616666666666664
2024-03-03,1500 UTC,2166.0,26.2,2024-03,2024,3,814.2941176470588,24.616666666666664
2024-03-03,1600 UTC,1192.6,25.5,2024-03,2024,3,814.2941176470588,24.616666666666664
2024-03-03,1700 UTC,651.6,25.5,2024-03,2024,3,814.2941176470588,24.616666666666664
2024-03-03,1800 UTC,1674.5,27.3,2024-03,2024,3,814.2941176470588,24.616666666666664
2024-03-03,1900 UTC,1933.4,26.7,2024-03,2024,3,814.2941176470588,24.616666666666664
2024-03-03,2000 UTC,1788.7,27.0,2024-03,2024,3,814.2941176470588,24.616666666666664
2024-03-03,2100 UTC,1095.2,26.7,2024-03,2024,3,814.2941176470588,24.616666666666664
2024-03-03,2200 UTC,262.0,25.7,2024-03,2024,3,814.2941176470588,24.616666666666664
2024-04-03,1000 UTC,0.9,22.8,2024-04,2024,4,1210.4076923076923,25.900000000000002
2024-04-03,1100 UTC,156.9,23.2,2024-04,2024,4,1210.4076923076923,25.900000000000002
2024-04-03,1200 UTC,808.5,24.7,2024-04,2024,4,1210.4076923076923,25.900000000000002
2024-04-03,1300 UTC,1706.3,26.7,2024-04,2024,4,1210.4076923076923,25.900000000000002
2024-04-03,1400 UTC,2333.4,27.7,2024-04,2024,4,1210.4076923076923,25.900000000000002
2024-04-03,1500 UTC,1491.4,28.5,2024-04,2024,4,1210.4076923076923,25.900000000000002
2024-04-03,1600 UTC,1802.0,28.8,2024-04,2024,4,1210.4076923076923,25.900000000000002
2024-04-03,1700 UTC,2413.6,29.7,2024-04,2024,4,1210.4076923076923,25.900000000000002
2024-04-03,1800 UTC,1710.1,29.7,2024-04,2024,4,1210.4076923076923,25.900000000000002
2024-04-03,1900 UTC,1506.0,29.8,2024-04,2024,4,1210.4076923076923,25.900000000000002
2024-04-03,2000 UTC,1023.3,29.4,2024-04,2024,4,1210.4076923076923,25.900000000000002
2024-04-03,2100 UTC,581.4,29.5,2024-04,2024,4,1210.4076923076923,25.900000000000002
2024-04-03,2200 UTC,201.5,27.8,2024-04,2024,4,1210.4076923076923,25.900000000000002
2024-05-03,0500 UTC,2.6,22.3,2024-05,2024,5,925.9533333333333,25.1375
2024-05-03,0600 UTC,1.1,21.7,2024-05,2024,5,925.9533333333333,25.1375
2024-05-03,1000 UTC,3.5,22.1,2024-05,2024,5,925.9533333333333,25.1375
2024-05-03,1100 UTC,266.1,22.8,2024-05,2024,5,925.9533333333333,25.1375
2024-05-03,1200 UTC,820.6,24.6,2024-05,2024,5,925.9533333333333,25.1375
2024-05-03,1300 UTC,1607.5,26.4,2024-05,2024,5,925.9533333333333,25.1375
2024-05-03,1400 UTC,2694.0,28.0,2024-05,2024,5,925.9533333333333,25.1375
2024-05-03,1500 UTC,2675.5,29.1,2024-05,2024,5,925.9533333333333,25.1375
2024-05-03,1600 UTC,2762.0,29.4,2024-05,2024,5,925.9533333333333,25.1375
2024-05-03,1700 UTC,1296.6,29.4,2024-05,2024,5,925.9533333333333,25.1375
2024-05-03,1800 UTC,715.4,26.9,2024-05,2024,5,925.9533333333333,25.1375
2024-05-03,1900 UTC,317.7,25.1,2024-05,2024,5,925.9533333333333,25.1375
2024-05-03,2000 UTC,351.0,26.0,2024-05,2024,5,925.9533333333333,25.1375
2024-05-03,2100 UTC,267.9,27.0,2024-05,2024,5,925.9533333333333,25.1375
2024-05-03,2200 UTC,107.8,26.2,2024-05,2024,5,925.9533333333333,25.1375
2024-06-03,1000 UTC,6.1,22.9,2024-06,2024,6,1121.076923076923,25.995833333333334
2024-06-03,1100 UTC,259.9,23.6,2024-06,2024,6,1121.076923076923,25.995833333333334
2024-06-03,1200 UTC,879.4,25.3,2024-06,2024,6,1121.076923076923,25.995833333333334
2024-06-03,1300 UTC,1569.3,27.4,2024-06,2024,6,1121.076923076923,25.995833333333334
2024-06-03,1400 UTC,2007.6,28.5,2024-06,2024,6,1121.076923076923,25.995833333333334
2024-06-03,1500 UTC,2546.8,29.7,2024-06,2024,6,1121.076923076923,25.995833333333334
2024-06-03,1600 UTC,3079.1,31.4,2024-06,2024,6,1121.076923076923,25.995833333333334
2024-06-03,1700 UTC,1422.7,30.0,2024-06,2024,6,1121.076923076923,25.995833333333334
2024-06-03,1800 UTC,746.8,28.3,2024-06,2024,6,1121.076923076923,25.995833333333334
2024-06-03,1900 UTC,831.7,27.6,2024-06,2024,6,1121.076923076923,25.995833333333334
2024-06-03,2000 UTC,505.6,28.1,2024-06,2024,6,1121.076923076923,25.995833333333334
2024-06-03,2100 UTC,541.2,28.6,2024-06,2024,6,1121.076923076923,25.995833333333334
2024-06-03,2200 UTC,177.8,27.7,2024-06,2024,6,1121.076923076923,25.995833333333334
2024-07-03,1000 UTC,4.8,23.9,2024-07,2024,7,1283.1,26.916666666666668
2024-07-03,1100 UTC,313.4,24.6,2024-07,2024,7,1283.1,26.916666666666668
2024-07-03,1200 UTC,1113.7,26.9,2024-07,2024,7,1283.1,26.916666666666668
2024-07-03,1300 UTC,1926.4,28.6,2024-07,2024,7,1283.1,26.916666666666668
2024-07-03,1400 UTC,1508.7,28.6,2024-07,2024,7,1283.1,26.916666666666668
2024-07-03,1500 UTC,2241.9,30.4,2024-07,2024,7,1283.1,26.916666666666668
2024-07-03,1600 UTC,3057.3,31.9,2024-07,2024,7,1283.1,26.916666666666668
2024-07-03,1700 UTC,2962.0,32.1,2024-07,2024,7,1283.1,26.916666666666668
2024-07-03,1800 UTC,576.8,27.6,2024-07,2024,7,1283.1,26.916666666666668
2024-07-03,1900 UTC,2188.7,28.4,2024-07,2024,7,1283.1,26.916666666666668
2024-07-03,2000 UTC,463.6,27.9,2024-07,2024,7,1283.1,26.916666666666668
2024-07-03,2100 UTC,222.4,28.1,2024-07,2024,7,1283.1,26.916666666666668
2024-07-03,2200 UTC,100.6,27.6,2024-07,2024,7,1283.1,26.916666666666668
2024-08-03,1000 UTC,7.3,24.1,2024-08,2024,8,1606.5615384615385,27.1125
2024-08-03,1100 UTC,402.9,25.9,2024-08,2024,8,1606.5615384615385,27.1125
2024-08-03,1200 UTC,1201.6,26.6,2024-08,2024,8,1606.5615384615385,27.1125
2024-08-03,1300 UTC,1409.0,27.6,2024-08,2024,8,1606.5615384615385,27.1125
2024-08-03,1400 UTC,2291.2,28.6,2024-08,2024,8,1606.5615384615385,27.1125
2024-08-03,1500 UTC,2959.6,30.3,2024-08,2024,8,1606.5615384615385,27.1125
2024-08-03,1600 UTC,3184.6,31.3,2024-08,2024,8,1606.5615384615385,27.1125
2024-08-03,1700 UTC,2906.9,32.2,2024-08,2024,8,1606.5615384615385,27.1125
2024-08-03,1800 UTC,2780.7,32.1,2024-08,2024,8,1606.5615384615385,27.1125
2024-08-03,1900 UTC,2162.1,31.7,2024-08,2024,8,1606.5615384615385,27.1125
2024-08-03,2000 UTC,1300.6,28.8,2024-08,2024,8,1606.5615384615385,27.1125
2024-08-03,2100 UTC,219.7,26.3,2024-08,2024,8,1606.5615384615385,27.1125
2024-08-03,2200 UTC,59.1,26.3,2024-08,2024,8,1606.5615384615385,27.1125
2024-09-03,1000 UTC,5.2,23.3,2024-09,2024,9,1735.0461538461536,27.22083333333333
2024-09-03,1100 UTC,407.1,24.8,2024-09,2024,9,1735.0461538461536,27.22083333333333
2024-09-03,1200 UTC,1313.3,26.2,2024-09,2024,9,1735.0461538461536,27.22083333333333
2024-09-03,1300 UTC,1645.2,28.2,2024-09,2024,9,1735.0461538461536,27.22083333333333
2024-09-03,1400 UTC,2179.1,29.3,2024-09,2024,9,1735.0461538461536,27.22083333333333
2024-09-03,1500 UTC,2994.0,30.2,2024-09,2024,9,1735.0461538461536,27.22083333333333
2024-09-03,1600 UTC,2619.2,30.6,2024-09,2024,9,1735.0461538461536,27.22083333333333
2024-09-03,1700 UTC,2736.5,31.6,2024-09,2024,9,1735.0461538461536,27.22083333333333
2024-09-03,1800 UTC,2682.1,32.2,2024-09,2024,9,1735.0461538461536,27.22083333333333
2024-09-03,1900 UTC,2352.8,31.9,2024-09,2024,9,1735.0461538461536,27.22083333333333
2024-09-03,2000 UTC,1917.6,31.3,2024-09,2024,9,1735.0461538461536,27.22083333333333
2024-09-03,2100 UTC,1473.6,30.5,2024-09,2024,9,1735.0461538461536,27.22083333333333
2024-09-03,2200 UTC,229.9,29.4,2024-09,2024,9,1735.0461538461536,27.22083333333333
2024-10-03,1000 UTC,4.4,24.3,2024-10,2024,10,1106.5923076923077,28.208333333333332
2024-10-03,1100 UTC,388.8,25.7,2024-10,2024,10,1106.5923076923077,28.208333333333332
2024-10-03,1200 UTC,1088.4,27.6,2024-10,2024,10,1106.5923076923077,28.208333333333332
2024-10-03,1300 UTC,1792.3,28.2,2024-10,2024,10,1106.5923076923077,28.208333333333332
2024-10-03,1400 UTC,1325.7,29.8,2024-10,2024,10,1106.5923076923077,28.208333333333332
2024-10-03,1500 UTC,2120.6,30.8,2024-10,2024,10,1106.5923076923077,28.208333333333332
2024-10-03,1600 UTC,2023.5,31.6,2024-10,2024,10,1106.5923076923077,28.208333333333332
2024-10-03,1700 UTC,1156.7,32.6,2024-10,2024,10,1106.5923076923077,28.208333333333332
2024-10-03,1800 UTC,2777.5,33.7,2024-10,2024,10,1106.5923076923077,28.208333333333332
2024-10-03,1900 UTC,695.6,32.0,2024-10,2024,10,1106.5923076923077,28.208333333333332
2024-10-03,2000 UTC,539.4,32.3,2024-10,2024,10,1106.5923076923077,28.208333333333332
2024-10-03,2100 UTC,355.5,31.7,2024-10,2024,10,1106.5923076923077,28.208333333333332
2024-10-03,2200 UTC,117.3,30.7,2024-10,2024,10,1106.5923076923077,28.208333333333332
2024-11-03,1000 UTC,5.1,24.9,2024-11,2024,11,1314.6307692307694,27.425
2024-11-03,1100 UTC,274.9,25.8,2024-11,2024,11,1314.6307692307694,27.425
2024-11-03,1200 UTC,853.9,27.0,2024-11,2024,11,1314.6307692307694,27.425
2024-11-03,1300 UTC,1880.9,28.7,2024-11,2024,11,1314.6307692307694,27.425
2024-11-03,1400 UTC,2430.8,29.8,2024-11,2024,11,1314.6307692307694,27.425
2024-11-03,1500 UTC,2649.5,31.2,2024-11,2024,11,1314.6307692307694,27.425
2024-11-03,1600 UTC,3059.9,31.8,2024-11,2024,11,1314.6307692307694,27.425
2024-11-03,1700 UTC,1355.9,32.0,2024-11,2024,11,1314.6307692307694,27.425
2024-11-03,1800 UTC,2035.6,32.3,2024-11,2024,11,1314.6307692307694,27.425
2024-11-03,1900 UTC,887.7,33.2,2024-11,2024,11,1314.6307692307694,27.425
2024-11-03,2000 UTC,1247.7,26.1,2024-11,2024,11,1314.6307692307694,27.425
2024-11-03,2100 UTC,321.7,26.7,2024-11,2024,11,1314.6307692307694,27.425
2024-11-03,2200 UTC,86.6,26.7,2024-11,2024,11,1314.6307692307694,27.425
2024-12-03,1000 UTC,0.8,24.3,2024-12,2024,12,1310.7615384615385,27.34583333333333
2024-12-03,1100 UTC,129.6,24.6,2024-12,2024,12,1310.7615384615385,27.34583333333333
2024-12-03,1200 UTC,449.3,25.5,2024-12,2024,12,1310.7615384615385,27.34583333333333
2024-12-03,1300 UTC,1291.7,27.3,2024-12,2024,12,1310.7615384615385,27.34583333333333
2024-12-03,1400 UTC,1484.0,29.3,2024-12,2024,12,1310.7615384615385,27.34583333333333
2024-12-03,1500 UTC,2809.7,29.7,2024-12,2024,12,1310.7615384615385,27.34583333333333
2024-12-03,1600 UTC,2419.3,30.9,2024-12,2024,12,1310.7615384615385,27.34583333333333
2024-12-03,1700 UTC,2343.6,32.4,2024-12,2024,12,1310.7615384615385,27.34583333333333
2024-12-03,1800 UTC,2266.4,31.7,2024-12,2024,12,1310.7615384615385,27.34583333333333
2024-12-03,1900 UTC,1111.6,31.4,2024-12,2024,12,1310.7615384615385,27.34583333333333
2024-12-03,2000 UTC,1833.2,32.4,2024-12,2024,12,1310.7615384615385,27.34583333333333
2024-12-03,2100 UTC,790.8,32.0,2024-12,2024,12,1310.7615384615385,27.34583333333333
2024-12-03,2200 UTC,109.9,29.7,2024-12,2024,12,1310.7615384615385,27.34583333333333
2024-01-04,1000 UTC,2.4,25.4,2024-01,2024,1,1147.8384615384616,27.9375
2024-01-04,1100 UTC,202.5,25.9,2024-01,2024,1,1147.8384615384616,27.9375
2024-01-04,1200 UTC,1062.1,28.6,2024-01,2024,1,1147.8384615384616,27.9375
2024-01-04,1300 UTC,1172.2,30.3,2024-01,2024,1,1147.8384615384616,27.9375
2024-01-04,1400 UTC,1569.6,28.2,2024-01,2024,1,1147.8384615384616,27.9375
2024-01-04,1500 UTC,2268.6,28.6,2024-01,2024,1,1147.8384615384616,27.9375
2024-01-04,1600 UTC,1979.8,30.4,2024-01,2024,1,1147.8384615384616,27.9375
2024-01-04,1700 UTC,1635.7,30.0,2024-01,2024,1,1147.8384615384616,27.9375
2024-01-04,1800 UTC,1514.6,29.6,2024-01,2024,1,1147.8384615384616,27.9375
2024-01-04,1900 UTC,1222.5,29.3,2024-01,2024,1,1147.8384615384616,27.9375
2024-01-04,2000 UTC,1518.8,30.7,2024-01,2024,1,1147.8384615384616,27.9375
2024-01-04,2100 UTC,666.6,29.8,2024-01,2024,1,1147.8384615384616,27.9375
2024-01-04,2200 UTC,106.5,28.9,2024-01,2024,1,1147.8384615384616,27.9375
2024-02-04,1100 UTC,36.0,24.5,2024-02,2024,2,900.8916666666668,26.474999999999998
2024-02-04,1200 UTC,176.0,24.8,2024-02,2024,2,900.8916666666668,26.474999999999998
2024-02-04,1300 UTC,309.3,25.2,2024-02,2024,2,900.8916666666668,26.474999999999998
2024-02-04,1400 UTC,930.6,27.0,2024-02,2024,2,900.8916666666668,26.474999999999998
2024-02-04,1500 UTC,1348.4,27.9,2024-02,2024,2,900.8916666666668,26.474999999999998
2024-02-04,1600 UTC,1737.0,28.7,2024-02,2024,2,900.8916666666668,26.474999999999998
2024-02-04,1700 UTC,1769.2,28.9,2024-02,2024,2,900.8916666666668,26.474999999999998
2024-02-04,1800 UTC,2214.1,30.4,2024-02,2024,2,900.8916666666668,26.474999999999998
2024-02-04,1900 UTC,1297.7,29.0,2024-02,2024,2,900.8916666666668,26.474999999999998
2024-02-04,2000 UTC,494.9,26.6,2024-02,2024,2,900.8916666666668,26.474999999999998
2024-02-04,2100 UTC,442.2,27.5,2024-02,2024,2,900.8916666666668,26.474999999999998
2024-02-04,2200 UTC,55.3,26.8,2024-02,2024,2,900.8916666666668,26.474999999999998
2024-03-04,1000 UTC,2.4,22.9,2024-03,2024,3,1204.8076923076924,26.825
2024-03-04,1100 UTC,228.0,23.5,2024-03,2024,3,1204.8076923076924,26.825
2024-03-04,1200 UTC,764.2,24.7,2024-03,2024,3,1204.8076923076924,26.825
2024-03-04,1300 UTC,1134.6,27.2,2024-03,2024,3,1204.8076923076924,26.825
2024-03-04,1400 UTC,2551.3,30.2,2024-03,2024,3,1204.8076923076924,26.825
2024-03-04,1500 UTC,2743.0,30.3,2024-03,2024,3,1204.8076923076924,26.825
2024-03-04,1600 UTC,2428.1,30.6,2024-03,2024,3,1204.8076923076924,26.825
2024-03-04,1700 UTC,1802.1,31.4,2024-03,2024,3,1204.8076923076924,26.825
2024-03-04,1800 UTC,1703.4,31.0,2024-03,2024,3,1204.8076923076924,26.825
2024-03-04,1900 UTC,1230.3,30.6,2024-03,2024,3,1204.8076923076924,26.825
2024-03-04,2000 UTC,460.8,30.2,2024-03,2024,3,1204.8076923076924,26.825
2024-03-04,2100 UTC,529.3,31.2,2024-03,2024,3,1204.8076923076924,26.825
2024-03-04,2200 UTC,85.0,29.0,2024-03,2024,3,1204.8076923076924,26.825
2024-04-04,0100 UTC,1.3,23.5,2024-04,2024,4,1265.6933333333334,27.495833333333334
2024-04-04,0200 UTC,1.2,24.4,2024-04,2024,4,1265.6933333333334,27.495833333333334
2024-04-04,1000 UTC,6.6,23.5,2024-04,2024,4,1265.6933333333334,27.495833333333334
2024-04-04,1100 UTC,493.3,25.8,2024-04,2024,4,1265.6933333333334,27.495833333333334
2024-04-04,1200 UTC,1289.9,28.7,2024-04,2024,4,1265.6933333333334,27.495833333333334
2024-04-04,1300 UTC,1024.1,29.5,2024-04,2024,4,1265.6933333333334,27.495833333333334
2024-04-04,1400 UTC,1983.2,30.9,2024-04,2024,4,1265.6933333333334,27.495833333333334
2024-04-04,1500 UTC,2928.2,31.4,2024-04,2024,4,1265.6933333333334,27.495833333333334
2024-04-04,1600 UTC,1431.6,29.4,2024-04,2024,4,1265.6933333333334,27.495833333333334
2024-04-04,1700 UTC,2025.9,31.1,2024-04,2024,4,1265.6933333333334,27.495833333333334
2024-04-04,1800 UTC,2868.7,32.4,2024-04,2024,4,1265.6933333333334,27.495833333333334
2024-04-04,1900 UTC,2341.5,32.3,2024-04,2024,4,1265.6933333333334,27.495833333333334
2024-04-04,2000 UTC,1716.5,31.8,2024-04,2024,4,1265.6933333333334,27.495833333333334
2024-04-04,2100 UTC,743.8,30.9,2024-04,2024,4,1265.6933333333334,27.495833333333334
2024-04-04,2200 UTC,129.6,29.6,2024-04,2024,4,1265.6933333333334,27.495833333333334
2024-05-04,1000 UTC,6.1,23.7,2024-05,2024,5,1237.0,26.758333333333336
2024-05-04,1100 UTC,185.6,24.0,2024-05,2024,5,1237.0,26.758333333333336
2024-05-04,1200 UTC,424.5,24.9,2024-05,2024,5,1237.0,26.758333333333336
2024-05-04,1300 UTC,908.3,25.6,2024-05,2024,5,1237.0,26.758333333333336
2024-05-04,1400 UTC,1998.2,27.6,2024-05,2024,5,1237.0,26.758333333333336
2024-05-04,1500 UTC,1792.0,28.9,2024-05,2024,5,1237.0,26.758333333333336
2024-05-04,1600 UTC,2324.3,31.0,2024-05,2024,5,1237.0,26.758333333333336
2024-05-04,1700 UTC,1971.9,30.9,2024-05,2024,5,1237.0,26.758333333333336
2024-05-04,1800 UTC,3046.0,31.6,2024-05,2024,5,1237.0,26.758333333333336
2024-05-04,1900 UTC,1456.7,30.1,2024-05,2024,5,1237.0,26.758333333333336
2024-05-04,2000 UTC,1539.3,31.1,2024-05,2024,5,1237.0,26.758333333333336
2024-05-04,2100 UTC,391.9,29.6,2024-05,2024,5,1237.0,26.758333333333336
2024-05-04,2200 UTC,36.2,29.1,2024-05,2024,5,1237.0,26.758333333333336
2024-06-04,1000 UTC,9.0,23.4,2024-06,2024,6,1316.1153846153845,27.183333333333334
2024-06-04,1100 UTC,384.7,24.5,2024-06,2024,6,1316.1153846153845,27.183333333333334
2024-06-04,1200 UTC,1135.1,25.6,2024-06,2024,6,1316.1153846153845,27.183333333333334
2024-06-04,1300 UTC,1013.5,27.6,2024-06,2024,6,1316.1153846153845,27.183333333333334
2024-06-04,1400 UTC,2059.2,27.8,2024-06,2024,6,1316.1153846153845,27.183333333333334
2024-06-04,1500 UTC,2718.9,29.5,2024-06,2024,6,1316.1153846153845,27.183333333333334
2024-06-04,1600 UTC,1601.9,29.4,2024-06,2024,6,1316.1153846153845,27.183333333333334
2024-06-04,1700 UTC,1987.9,30.9,2024-06,2024,6,1316.1153846153845,27.183333333333334
2024-06-04,1800 UTC,2897.2,30.3,2024-06,2024,6,1316.1153846153845,27.183333333333334
2024-06-04,1900 UTC,1727.7,31.2,2024-06,2024,6,1316.1153846153845,27.183333333333334
2024-06-04,2000 UTC,1074.4,31.1,2024-06,2024,6,1316.1153846153845,27.183333333333334
2024-06-04,2100 UTC,462.5,30.1,2024-06,2024,6,1316.1153846153845,27.183333333333334
2024-06-04,2200 UTC,37.5,28.6,2024-06,2024,6,1316.1153846153845,27.183333333333334
2024-07-04,1000 UTC,6.5,23.5,2024-07,2024,7,1164.1307692307694,26.2
2024-07-04,1100 UTC,203.0,24.1,2024-07,2024,7,1164.1307692307694,26.2
2024-07-04,1200 UTC,629.9,25.6,2024-07,2024,7,1164.1307692307694,26.2
2024-07-04,1300 UTC,1351.1,27.2,2024-07,2024,7,1164.1307692307694,26.2
2024-07-04,1400 UTC,1849.4,28.3,2024-07,2024,7,1164.1307692307694,26.2
2024-07-04,1500 UTC,1719.8,28.1,2024-07,2024,7,1164.1307692307694,26.2
2024-07-04,1600 UTC,1866.9,27.7,2024-07,2024,7,1164.1307692307694,26.2
2024-07-04,1700 UTC,2572.6,30.5,2024-07,2024,7,1164.1307692307694,26.2
2024-07-04,1800 UTC,1675.1,29.0,2024-07,2024,7,1164.1307692307694,26.2
2024-07-04,1900 UTC,1085.3,26.8,2024-07,2024,7,1164.1307692307694,26.2
2024-07-04,2000 UTC,1452.9,28.9,2024-07,2024,7,1164.1307692307694,26.2
2024-07-04,2100 UTC,671.2,29.4,2024-07,2024,7,1164.1307692307694,26.2
2024-07-04,2200 UTC,50.0,28.3,2024-07,2024,7,1164.1307692307694,26.2
2024-08-04,1000 UTC,1.8,23.4,2024-08,2024,8,1119.2769230769231,25.962500000000002
2024-08-04,1100 UTC,232.4,24.2,2024-08,2024,8,1119.2769230769231,25.962500000000002
2024-08-04,1200 UTC,686.5,25.3,2024-08,2024,8,1119.2769230769231,25.962500000000002
2024-08-04,1300 UTC,1022.7,27.8,2024-08,2024,8,1119.2769230769231,25.962500000000002
2024-08-04,1400 UTC,1801.4,28.6,2024-08,2024,8,1119.2769230769231,25.962500000000002
2024-08-04,1500 UTC,1636.7,29.2,2024-08,2024,8,1119.2769230769231,25.962500000000002
2024-08-04,1600 UTC,1623.9,29.4,2024-08,2024,8,1119.2769230769231,25.962500000000002
2024-08-04,1700 UTC,2293.7,27.5,2024-08,2024,8,1119.2769230769231,25.962500000000002
2024-08-04,1800 UTC,2271.8,27.8,2024-08,2024,8,1119.2769230769231,25.962500000000002
2024-08-04,1900 UTC,2095.6,29.2,2024-08,2024,8,1119.2769230769231,25.962500000000002
2024-08-04,2000 UTC,457.4,27.4,2024-08,2024,8,1119.2769230769231,25.962500000000002
2024-08-04,2100 UTC,365.3,27.3,2024-08,2024,8,1119.2769230769231,25.962500000000002
2024-08-04,2200 UTC,61.4,26.1,2024-08,2024,8,1119.2769230769231,25.962500000000002
2024-09-04,1000 UTC,3.8,24.0,2024-09,2024,9,1100.9153846153845,26.25
2024-09-04,1100 UTC,187.9,24.8,2024-09,2024,9,1100.9153846153845,26.25
2024-09-04,1200 UTC,605.4,25.7,2024-09,2024,9,1100.9153846153845,26.25
2024-09-04,1300 UTC,877.5,26.8,2024-09,2024,9,1100.9153846153845,26.25
2024-09-04,1400 UTC,1252.8,28.2,2024-09,2024,9,1100.9153846153845,26.25
2024-09-04,1500 UTC,1069.5,25.3,2024-09,2024,9,1100.9153846153845,26.25
2024-09-04,1600 UTC,1051.9,27.5,2024-09,2024,9,1100.9153846153845,26.25
2024-09-04,1700 UTC,2588.9,30.1,2024-09,2024,9,1100.9153846153845,26.25
2024-09-04,1800 UTC,2680.3,30.1,2024-09,2024,9,1100.9153846153845,26.25
2024-09-04,1900 UTC,2175.5,29.5,2024-09,2024,9,1100.9153846153845,26.25
2024-09-04,2000 UTC,1177.3,29.8,2024-09,2024,9,1100.9153846153845,26.25
2024-09-04,2100 UTC,569.5,29.2,2024-09,2024,9,1100.9153846153845,26.25
2024-09-04,2200 UTC,71.6,27.9,2024-09,2024,9,1100.9153846153845,26.25
2024-10-04,1000 UTC,1.0,23.9,2024-10,2024,10,661.5538461538462,25.62608695652174
2024-10-04,1100 UTC,299.9,25.5,2024-10,2024,10,661.5538461538462,25.62608695652174
2024-10-04,1200 UTC,1097.5,27.5,2024-10,2024,10,661.5538461538462,25.62608695652174
2024-10-04,1300 UTC,1007.7,28.1,2024-10,2024,10,661.5538461538462,25.62608695652174
2024-10-04,1400 UTC,1343.7,28.1,2024-10,2024,10,661.5538461538462,25.62608695652174
2024-10-04,1500 UTC,1587.5,29.2,2024-10,2024,10,661.5538461538462,25.62608695652174
2024-10-04,1600 UTC,2043.5,29.2,2024-10,2024,10,661.5538461538462,25.62608695652174
2024-10-04,1700 UTC,432.3,26.3,2024-10,2024,10,661.5538461538462,25.62608695652174
2024-10-04,1800 UTC,266.9,25.5,2024-10,2024,10,661.5538461538462,25.62608695652174
2024-10-04,1900 UTC,254.9,25.4,2024-10,2024,10,661.5538461538462,25.62608695652174
2024-10-04,2000 UTC,151.8,25.2,2024-10,2024,10,661.5538461538462,25.62608695652174
2024-10-04,2100 UTC,99.4,24.5,2024-10,2024,10,661.5538461538462,25.62608695652174
2024-10-04,2200 UTC,14.1,24.2,2024-10,2024,10,661.5538461538462,25.62608695652174
2024-11-04,1000 UTC,3.2,23.0,2024-11,2024,11,1347.2923076923075,26.40833333333333
2024-11-04,1100 UTC,190.6,23.7,2024-11,2024,11,1347.2923076923075,26.40833333333333
2024-11-04,1200 UTC,706.2,26.0,2024-11,2024,11,1347.2923076923075,26.40833333333333
2024-11-04,1300 UTC,758.0,27.9,2024-11,2024,11,1347.2923076923075,26.40833333333333
2024-11-04,1400 UTC,2301.7,29.0,2024-11,2024,11,1347.2923076923075,26.40833333333333
2024-11-04,1500 UTC,1943.1,30.3,2024-11,2024,11,1347.2923076923075,26.40833333333333
2024-11-04,1600 UTC,2353.0,31.4,2024-11,2024,11,1347.2923076923075,26.40833333333333
2024-11-04,1700 UTC,2412.1,31.5,2024-11,2024,11,1347.2923076923075,26.40833333333333
2024-11-04,1800 UTC,2151.5,32.4,2024-11,2024,11,1347.2923076923075,26.40833333333333
2024-11-04,1900 UTC,1919.6,30.2,2024-11,2024,11,1347.2923076923075,26.40833333333333
2024-11-04,2000 UTC,2024.3,30.4,2024-11,2024,11,1347.2923076923075,26.40833333333333
2024-11-04,2100 UTC,724.4,28.8,2024-11,2024,11,1347.2923076923075,26.40833333333333
2024-11-04,2200 UTC,27.1,28.6,2024-11,2024,11,1347.2923076923075,26.40833333333333
2024-12-04,0500 UTC,0.6,22.9,2024-12,2024,12,1077.2066666666665,25.954166666666666
2024-12-04,0700 UTC,0.5,22.7,2024-12,2024,12,1077.2066666666665,25.954166666666666
2024-12-04,1000 UTC,2.6,22.8,2024-12,2024,12,1077.2066666666665,25.954166666666666
2024-12-04,1100 UTC,233.1,23.6,2024-12,2024,12,1077.2066666666665,25.954166666666666
2024-12-04,1200 UTC,623.4,24.3,2024-12,2024,12,1077.2066666666665,25.954166666666666
2024-12-04,1300 UTC,1096.6,25.9,2024-12,2024,12,1077.2066666666665,25.954166666666666
2024-12-04,1400 UTC,1563.8,26.6,2024-12,2024,12,1077.2066666666665,25.954166666666666
2024-12-04,1500 UTC,1938.0,28.5,2024-12,2024,12,1077.2066666666665,25.954166666666666
2024-12-04,1600 UTC,2537.2,28.9,2024-12,2024,12,1077.2066666666665,25.954166666666666
2024-12-04,1700 UTC,831.1,28.1,2024-12,2024,12,1077.2066666666665,25.954166666666666
2024-12-04,1800 UTC,1681.0,28.8,2024-12,2024,12,1077.2066666666665,25.954166666666666
2024-12-04,1900 UTC,2095.5,29.6,2024-12,2024,12,1077.2066666666665,25.954166666666666
2024-12-04,2000 UTC,2096.1,29.9,2024-12,2024,12,1077.2066666666665,25.954166666666666
2024-12-04,2100 UTC,1242.0,29.8,2024-12,2024,12,1077.2066666666665,25.954166666666666
2024-12-04,2200 UTC,216.6,28.5,2024-12,2024,12,1077.2066666666665,25.954166666666666
2024-01-05,1000 UTC,3.7,23.4,2024-01,2024,1,1381.283333333333,27.969565217391303
2024-01-05,1100 UTC,354.2,25.9,2024-01,2024,1,1381.283333333333,27.969565217391303
2024-01-05,1200 UTC,887.2,27.4,2024-01,2024,1,1381.283333333333,27.969565217391303
2024-01-05,1300 UTC,620.5,29.9,2024-01,2024,1,1381.283333333333,27.969565217391303
2024-01-05,1500 UTC,2733.7,31.9,2024-01,2024,1,1381.283333333333,27.969565217391303
2024-01-05,1600 UTC,2581.2,32.9,2024-01,2024,1,1381.283333333333,27.969565217391303
2024-01-05,1700 UTC,2402.1,32.3,2024-01,2024,1,1381.283333333333,27.969565217391303
2024-01-05,1800 UTC,2613.4,33.1,2024-01,2024,1,1381.283333333333,27.969565217391303
2024-01-05,1900 UTC,2319.2,33.0,2024-01,2024,1,1381.283333333333,27.969565217391303
2024-01-05,2000 UTC,1447.0,32.4,2024-01,2024,1,1381.283333333333,27.969565217391303
2024-01-05,2100 UTC,594.2,31.0,2024-01,2024,1,1381.283333333333,27.969565217391303
2024-01-05,2200 UTC,19.0,29.3,2024-01,2024,1,1381.283333333333,27.969565217391303
2024-02-05,1000 UTC,2.2,22.8,2024-02,2024,2,1253.376923076923,27.795833333333334
2024-02-05,1100 UTC,314.6,25.6,2024-02,2024,2,1253.376923076923,27.795833333333334
2024-02-05,1200 UTC,830.6,27.5,2024-02,2024,2,1253.376923076923,27.795833333333334
2024-02-05,1300 UTC,609.8,30.0,2024-02,2024,2,1253.376923076923,27.795833333333334
2024-02-05,1400 UTC,2040.9,31.0,2024-02,2024,2,1253.376923076923,27.795833333333334
2024-02-05,1500 UTC,2527.5,31.9,2024-02,2024,2,1253.376923076923,27.795833333333334
2024-02-05,1600 UTC,2544.8,31.4,2024-02,2024,2,1253.376923076923,27.795833333333334
2024-02-05,1700 UTC,2570.6,32.8,2024-02,2024,2,1253.376923076923,27.795833333333334
2024-02-05,1800 UTC,2111.4,31.6,2024-02,2024,2,1253.376923076923,27.795833333333334
2024-02-05,1900 UTC,1505.6,32.6,2024-02,2024,2,1253.376923076923,27.795833333333334
2024-02-05,2000 UTC,791.9,32.0,2024-02,2024,2,1253.376923076923,27.795833333333334
2024-02-05,2100 UTC,426.6,30.7,2024-02,2024,2,1253.376923076923,27.795833333333334
2024-02-05,2200 UTC,17.4,29.2,2024-02,2024,2,1253.376923076923,27.795833333333334
2024-03-05,1000 UTC,3.2,22.4,2024-03,2024,3,1485.6615384615386,27.791666666666668
2024-03-05,1100 UTC,364.0,26.8,2024-03,2024,3,1485.6615384615386,27.791666666666668
2024-03-05,1200 UTC,828.9,28.0,2024-03,2024,3,1485.6615384615386,27.791666666666668
2024-03-05,1300 UTC,393.1,30.5,2024-03,2024,3,1485.6615384615386,27.791666666666668
2024-03-05,1400 UTC,2071.8,31.4,2024-03,2024,3,1485.6615384615386,27.791666666666668
2024-03-05,1500 UTC,2830.5,32.4,2024-03,2024,3,1485.6615384615386,27.791666666666668
2024-03-05,1600 UTC,2891.8,32.7,2024-03,2024,3,1485.6615384615386,27.791666666666668
2024-03-05,1700 UTC,2884.5,33.1,2024-03,2024,3,1485.6615384615386,27.791666666666668
2024-03-05,1800 UTC,2717.9,33.0,2024-03,2024,3,1485.6615384615386,27.791666666666668
2024-03-05,1900 UTC,2228.8,32.9,2024-03,2024,3,1485.6615384615386,27.791666666666668
2024-03-05,2000 UTC,1500.5,31.9,2024-03,2024,3,1485.6615384615386,27.791666666666668
2024-03-05,2100 UTC,584.3,30.9,2024-03,2024,3,1485.6615384615386,27.791666666666668
2024-03-05,2200 UTC,14.3,28.9,2024-03,2024,3,1485.6615384615386,27.791666666666668
2024-04-05,1000 UTC,1.6,23.3,2024-04,2024,4,1334.3923076923077,28.224999999999998
2024-04-05,1100 UTC,329.6,25.7,2024-04,2024,4,1334.3923076923077,28.224999999999998
2024-04-05,1200 UTC,808.5,28.6,2024-04,2024,4,1334.3923076923077,28.224999999999998
2024-04-05,1300 UTC,509.5,30.7,2024-04,2024,4,1334.3923076923077,28.224999999999998
2024-04-05,1400 UTC,1908.6,31.9,2024-04,2024,4,1334.3923076923077,28.224999999999998
2024-04-05,1500 UTC,2675.4,32.5,2024-04,2024,4,1334.3923076923077,28.224999999999998
2024-04-05,1600 UTC,2860.4,33.2,2024-04,2024,4,1334.3923076923077,28.224999999999998
2024-04-05,1700 UTC,2942.2,33.4,2024-04,2024,4,1334.3923076923077,28.224999999999998
2024-04-05,1800 UTC,2195.1,32.7,2024-04,2024,4,1334.3923076923077,28.224999999999998
2024-04-05,1900 UTC,1471.7,32.3,2024-04,2024,4,1334.3923076923077,28.224999999999998
2024-04-05,2000 UTC,1084.2,32.7,2024-04,2024,4,1334.3923076923077,28.224999999999998
2024-04-05,2100 UTC,542.5,31.4,2024-04,2024,4,1334.3923076923077,28.224999999999998
2024-04-05,2200 UTC,17.8,30.1,2024-04,2024,4,1334.3923076923077,28.224999999999998
2024-05-05,1000 UTC,3.4,24.0,2024-05,2024,5,1545.8333333333333,28.843478260869563
2024-05-05,1200 UTC,813.1,28.2,2024-05,2024,5,1545.8333333333333,28.843478260869563
2024-05-05,1300 UTC,683.9,30.4,2024-05,2024,5,1545.8333333333333,28.843478260869563
2024-05-05,1400 UTC,1851.3,32.3,2024-05,2024,5,1545.8333333333333,28.843478260869563
2024-05-05,1500 UTC,2770.9,33.2,2024-05,2024,5,1545.8333333333333,28.843478260869563
2024-05-05,1600 UTC,2887.3,33.9,2024-05,2024,5,1545.8333333333333,28.843478260869563
2024-05-05,1700 UTC,2925.7,34.1,2024-05,2024,5,1545.8333333333333,28.843478260869563
2024-05-05,1800 UTC,2684.1,33.6,2024-05,2024,5,1545.8333333333333,28.843478260869563
2024-05-05,1900 UTC,1998.0,33.4,2024-05,2024,5,1545.8333333333333,28.843478260869563
2024-05-05,2000 UTC,1351.5,32.7,2024-05,2024,5,1545.8333333333333,28.843478260869563
2024-05-05,2100 UTC,563.2,31.3,2024-05,2024,5,1545.8333333333333,28.843478260869563
2024-05-05,2200 UTC,17.6,29.7,2024-05,2024,5,1545.8333333333333,28.843478260869563
2024-06-05,1000 UTC,0.9,21.8,2024-06,2024,6,1273.576923076923,27.40416666666667
2024-06-05,1100 UTC,348.4,24.0,2024-06,2024,6,1273.576923076923,27.40416666666667
2024-06-05,1200 UTC,866.6,26.2,2024-06,2024,6,1273.576923076923,27.40416666666667
2024-06-05,1300 UTC,647.0,29.5,2024-06,2024,6,1273.576923076923,27.40416666666667
2024-06-05,1400 UTC,1832.8,31.6,2024-06,2024,6,1273.576923076923,27.40416666666667
2024-06-05,1500 UTC,2821.1,32.4,2024-06,2024,6,1273.576923076923,27.40416666666667
2024-06-05,1600 UTC,2735.9,32.8,2024-06,2024,6,1273.576923076923,27.40416666666667
2024-06-05,1700 UTC,2612.1,31.8,2024-06,2024,6,1273.576923076923,27.40416666666667
2024-06-05,1800 UTC,1914.7,32.9,2024-06,2024,6,1273.576923076923,27.40416666666667
2024-06-05,1900 UTC,1121.5,31.9,2024-06,2024,6,1273.576923076923,27.40416666666667
2024-06-05,2000 UTC,1096.1,32.1,2024-06,2024,6,1273.576923076923,27.40416666666667
2024-06-05,2100 UTC,542.9,30.7,2024-06,2024,6,1273.576923076923,27.40416666666667
2024-06-05,2200 UTC,16.5,29.6,2024-06,2024,6,1273.576923076923,27.40416666666667
2024-07-05,1000 UTC,0.3,22.7,2024-07,2024,7,1327.9,28.054166666666664
2024-07-05,1100 UTC,318.5,25.2,2024-07,2024,7,1327.9,28.054166666666664
2024-07-05,1200 UTC,921.6,27.7,2024-07,2024,7,1327.9,28.054166666666664
2024-07-05,1300 UTC,702.7,30.2,2024-07,2024,7,1327.9,28.054166666666664
2024-07-05,1400 UTC,1798.6,31.3,2024-07,2024,7,1327.9,28.054166666666664
2024-07-05,1500 UTC,2750.5,32.6,2024-07,2024,7,1327.9,28.054166666666664
2024-07-05,1600 UTC,2425.0,33.0,2024-07,2024,7,1327.9,28.054166666666664
2024-07-05,1700 UTC,2171.7,33.4,2024-07,2024,7,1327.9,28.054166666666664
2024-07-05,1800 UTC,2307.7,34.0,2024-07,2024,7,1327.9,28.054166666666664
2024-07-05,1900 UTC,2021.1,33.3,2024-07,2024,7,1327.9,28.054166666666664
2024-07-05,2000 UTC,1345.7,32.6,2024-07,2024,7,1327.9,28.054166666666664
2024-07-05,2100 UTC,485.1,31.4,2024-07,2024,7,1327.9,28.054166666666664
2024-07-05,2200 UTC,14.2,30.0,2024-07,2024,7,1327.9,28.054166666666664
2024-08-05,1100 UTC,218.5,25.0,2024-08,2024,8,1399.4916666666668,28.02916666666667
2024-08-05,1200 UTC,762.4,27.5,2024-08,2024,8,1399.4916666666668,28.02916666666667
2024-08-05,1300 UTC,717.9,29.8,2024-08,2024,8,1399.4916666666668,28.02916666666667
2024-08-05,1400 UTC,1755.0,30.9,2024-08,2024,8,1399.4916666666668,28.02916666666667
2024-08-05,1500 UTC,2235.7,32.3,2024-08,2024,8,1399.4916666666668,28.02916666666667
2024-08-05,1600 UTC,2609.9,32.8,2024-08,2024,8,1399.4916666666668,28.02916666666667
2024-08-05,1700 UTC,2972.3,32.5,2024-08,2024,8,1399.4916666666668,28.02916666666667
2024-08-05,1800 UTC,2617.8,32.5,2024-08,2024,8,1399.4916666666668,28.02916666666667
2024-08-05,1900 UTC,1717.6,31.8,2024-08,2024,8,1399.4916666666668,28.02916666666667
2024-08-05,2000 UTC,722.7,32.2,2024-08,2024,8,1399.4916666666668,28.02916666666667
2024-08-05,2100 UTC,448.3,31.0,2024-08,2024,8,1399.4916666666668,28.02916666666667
2024-08-05,2200 UTC,15.8,29.6,2024-08,2024,8,1399.4916666666668,28.02916666666667
2024-09-05,1000 UTC,0.0,22.4,2024-09,2024,9,1411.8615384615384,27.429166666666664
2024-09-05,1100 UTC,297.9,24.1,2024-09,2024,9,1411.8615384615384,27.429166666666664
2024-09-05,1200 UTC,750.6,25.3,2024-09,2024,9,1411.8615384615384,27.429166666666664
2024-09-05,1300 UTC,626.6,27.9,2024-09,2024,9,1411.8615384615384,27.429166666666664
2024-09-05,1400 UTC,1931.6,30.2,2024-09,2024,9,1411.8615384615384,27.429166666666664
2024-09-05,1500 UTC,2794.7,32.4,2024-09,2024,9,1411.8615384615384,27.429166666666664
2024-09-05,1600 UTC,2939.8,32.8,2024-09,2024,9,1411.8615384615384,27.429166666666664
2024-09-05,1700 UTC,2895.9,32.8,2024-09,2024,9,1411.8615384615384,27.429166666666664
2024-09-05,1800 UTC,2561.4,33.4,2024-09,2024,9,1411.8615384615384,27.429166666666664
2024-09-05,1900 UTC,2050.5,33.2,2024-09,2024,9,1411.8615384615384,27.429166666666664
2024-09-05,2000 UTC,1339.4,32.4,2024-09,2024,9,1411.8615384615384,27.429166666666664
2024-09-05,2100 UTC,146.5,31.1,2024-09,2024,9,1411.8615384615384,27.429166666666664
2024-09-05,2200 UTC,19.3,30.0,2024-09,2024,9,1411.8615384615384,27.429166666666664
2024-10-05,1000 UTC,0.2,22.6,2024-10,2024,10,1391.576923076923,27.825
2024-10-05,1100 UTC,297.7,24.3,2024-10,2024,10,1391.576923076923,27.825
2024-10-05,1200 UTC,709.6,26.5,2024-10,2024,10,1391.576923076923,27.825
2024-10-05,1300 UTC,661.4,29.7,2024-10,2024,10,1391.576923076923,27.825
2024-10-05,1400 UTC,1803.5,31.4,2024-10,2024,10,1391.576923076923,27.825
2024-10-05,1500 UTC,2522.3,32.0,2024-10,2024,10,1391.576923076923,27.825
2024-10-05,1600 UTC,2836.5,33.1,2024-10,2024,10,1391.576923076923,27.825
2024-10-05,1700 UTC,2878.9,33.4,2024-10,2024,10,1391.576923076923,27.825
2024-10-05,1800 UTC,2529.4,33.0,2024-10,2024,10,1391.576923076923,27.825
2024-10-05,1900 UTC,2019.0,32.8,2024-10,2024,10,1391.576923076923,27.825
2024-10-05,2000 UTC,1356.2,32.2,2024-10,2024,10,1391.576923076923,27.825
2024-10-05,2100 UTC,461.4,30.8,2024-10,2024,10,1391.576923076923,27.825
2024-10-05,2200 UTC,14.4,29.6,2024-10,2024,10,1391.576923076923,27.825
2024-11-05,1000 UTC,2.8,22.6,2024-11,2024,11,1310.6,27.75
2024-11-05,1100 UTC,309.0,25.2,2024-11,2024,11,1310.6,27.75
2024-11-05,1200 UTC,637.2,27.4,2024-11,2024,11,1310.6,27.75
2024-11-05,1300 UTC,723.7,30.1,2024-11,2024,11,1310.6,27.75
2024-11-05,1400 UTC,1770.5,31.4,2024-11,2024,11,1310.6,27.75
2024-11-05,1500 UTC,2803.8,32.8,2024-11,2024,11,1310.6,27.75
2024-11-05,1600 UTC,2553.9,32.5,2024-11,2024,11,1310.6,27.75
2024-11-05,1700 UTC,2823.5,33.1,2024-11,2024,11,1310.6,27.75
2024-11-05,1800 UTC,2798.7,33.4,2024-11,2024,11,1310.6,27.75
2024-11-05,1900 UTC,1808.7,32.4,2024-11,2024,11,1310.6,27.75
2024-11-05,2000 UTC,463.6,31.9,2024-11,2024,11,1310.6,27.75
2024-11-05,2100 UTC,329.7,31.1,2024-11,2024,11,1310.6,27.75
2024-11-05,2200 UTC,12.7,29.3,2024-11,2024,11,1310.6,27.75
2024-12-05,1000 UTC,0.4,22.1,2024-12,2024,12,1390.576923076923,27.958333333333332
2024-12-05,1100 UTC,297.4,24.6,2024-12,2024,12,1390.576923076923,27.958333333333332
2024-12-05,1200 UTC,800.4,27.3,2024-12,2024,12,1390.576923076923,27.958333333333332
2024-12-05,1300 UTC,792.1,30.2,2024-12,2024,12,1390.576923076923,27.958333333333332
2024-12-05,1400 UTC,1607.5,31.3,2024-12,2024,12,1390.576923076923,27.958333333333332
2024-12-05,1500 UTC,2718.3,32.8,2024-12,2024,12,1390.576923076923,27.958333333333332
2024-12-05,1600 UTC,2801.2,33.1,2024-12,2024,12,1390.576923076923,27.958333333333332
2024-12-05,1700 UTC,2715.3,33.4,2024-12,2024,12,1390.576923076923,27.958333333333332
2024-12-05,1800 UTC,2494.4,33.7,2024-12,2024,12,1390.576923076923,27.958333333333332
2024-12-05,1900 UTC,2043.8,33.3,2024-12,2024,12,1390.576923076923,27.958333333333332
2024-12-05,2000 UTC,1339.1,33.2,2024-12,2024,12,1390.576923076923,27.958333333333332
2024-12-05,2100 UTC,453.5,31.7,2024-12,2024,12,1390.576923076923,27.958333333333332
2024-12-05,2200 UTC,14.1,30.1,2024-12,2024,12,1390.576923076923,27.958333333333332
2024-01-06,1100 UTC,184.6,21.9,2024-01,2024,1,1166.5166666666667,26.162499999999998
2024-01-06,1200 UTC,830.9,24.6,2024-01,2024,1,1166.5166666666667,26.162499999999998
2024-01-06,1300 UTC,588.0,27.8,2024-01,2024,1,1166.5166666666667,26.162499999999998
2024-01-06,1400 UTC,1236.0,31.0,2024-01,2024,1,1166.5166666666667,26.162499999999998
2024-01-06,1500 UTC,2496.7,32.6,2024-01,2024,1,1166.5166666666667,26.162499999999998
2024-01-06,1600 UTC,2272.1,32.0,2024-01,2024,1,1166.5166666666667,26.162499999999998
2024-01-06,1700 UTC,2165.7,32.4,2024-01,2024,1,1166.5166666666667,26.162499999999998
2024-01-06,1800 UTC,1759.4,32.0,2024-01,2024,1,1166.5166666666667,26.162499999999998
2024-01-06,1900 UTC,1324.7,32.4,2024-01,2024,1,1166.5166666666667,26.162499999999998
2024-01-06,2000 UTC,708.4,32.2,2024-01,2024,1,1166.5166666666667,26.162499999999998
2024-01-06,2100 UTC,421.4,30.8,2024-01,2024,1,1166.5166666666667,26.162499999999998
2024-01-06,2200 UTC,10.3,29.0,2024-01,2024,1,1166.5166666666667,26.162499999999998
2024-02-06,1100 UTC,196.0,22.0,2024-02,2024,2,1356.1166666666666,26.45
2024-02-06,1200 UTC,838.7,24.8,2024-02,2024,2,1356.1166666666666,26.45
2024-02-06,1300 UTC,663.0,28.2,2024-02,2024,2,1356.1166666666666,26.45
2024-02-06,1400 UTC,1124.1,30.5,2024-02,2024,2,1356.1166666666666,26.45
2024-02-06,1500 UTC,2479.5,31.6,2024-02,2024,2,1356.1166666666666,26.45
2024-02-06,1600 UTC,2631.4,32.1,2024-02,2024,2,1356.1166666666666,26.45
2024-02-06,1700 UTC,2575.3,32.5,2024-02,2024,2,1356.1166666666666,26.45
2024-02-06,1800 UTC,2258.5,32.8,2024-02,2024,2,1356.1166666666666,26.45
2024-02-06,1900 UTC,1898.4,32.8,2024-02,2024,2,1356.1166666666666,26.45
2024-02-06,2000 UTC,1210.3,31.9,2024-02,2024,2,1356.1166666666666,26.45
2024-02-06,2100 UTC,384.3,30.2,2024-02,2024,2,1356.1166666666666,26.45
2024-02-06,2200 UTC,13.9,28.6,2024-02,2024,2,1356.1166666666666,26.45
2024-03-06,1100 UTC,133.4,21.0,2024-03,2024,3,977.2666666666668,25.441666666666666
2024-03-06,1200 UTC,775.4,23.8,2024-03,2024,3,977.2666666666668,25.441666666666666
2024-03-06,1300 UTC,601.4,26.6,2024-03,2024,3,977.2666666666668,25.441666666666666
2024-03-06,1400 UTC,1187.7,28.8,2024-03,2024,3,977.2666666666668,25.441666666666666
2024-03-06,1500 UTC,1784.0,30.3,2024-03,2024,3,977.2666666666668,25.441666666666666
2024-03-06,1600 UTC,2283.4,31.9,2024-03,2024,3,977.2666666666668,25.441666666666666
2024-03-06,1700 UTC,1483.2,30.6,2024-03,2024,3,977.2666666666668,25.441666666666666
2024-03-06,1800 UTC,1341.3,30.6,2024-03,2024,3,977.2666666666668,25.441666666666666
2024-03-06,1900 UTC,1132.9,30.7,2024-03,2024,3,977.2666666666668,25.441666666666666
2024-03-06,2000 UTC,737.3,30.2,2024-03,2024,3,977.2666666666668,25.441666666666666
2024-03-06,2100 UTC,253.5,28.5,2024-03,2024,3,977.2666666666668,25.441666666666666
2024-03-06,2200 UTC,13.7,27.0,2024-03,2024,3,977.2666666666668,25.441666666666666
2024-04-06,1100 UTC,124.9,20.5,2024-04,2024,4,1188.3833333333334,25.570833333333336
2024-04-06,1200 UTC,770.5,23.3,2024-04,2024,4,1188.3833333333334,25.570833333333336
2024-04-06,1300 UTC,542.6,27.9,2024-04,2024,4,1188.3833333333334,25.570833333333336
2024-04-06,1400 UTC,1183.7,30.5,2024-04,2024,4,1188.3833333333334,25.570833333333336
2024-04-06,1500 UTC,2601.8,31.9,2024-04,2024,4,1188.3833333333334,25.570833333333336
2024-04-06,1600 UTC,2384.7,32.0,2024-04,2024,4,1188.3833333333334,25.570833333333336
2024-04-06,1700 UTC,2642.2,32.7,2024-04,2024,4,1188.3833333333334,25.570833333333336
2024-04-06,1800 UTC,1577.8,32.2,2024-04,2024,4,1188.3833333333334,25.570833333333336
2024-04-06,1900 UTC,1504.4,31.3,2024-04,2024,4,1188.3833333333334,25.570833333333336
2024-04-06,2000 UTC,605.6,30.7,2024-04,2024,4,1188.3833333333334,25.570833333333336
2024-04-06,2100 UTC,318.0,29.2,2024-04,2024,4,1188.3833333333334,25.570833333333336
2024-04-06,2200 UTC,4.4,27.4,2024-04,2024,4,1188.3833333333334,25.570833333333336
2024-05-06,1100 UTC,188.8,21.0,2024-05,2024,5,1235.4083333333333,25.925
2024-05-06,1200 UTC,767.4,23.1,2024-05,2024,5,1235.4083333333333,25.925
2024-05-06,1300 UTC,560.9,28.1,2024-05,2024,5,1235.4083333333333,25.925
2024-05-06,1400 UTC,1117.0,31.0,2024-05,2024,5,1235.4083333333333,25.925
2024-05-06,1500 UTC,2506.6,31.8,2024-05,2024,5,1235.4083333333333,25.925
2024-05-06,1600 UTC,2488.0,32.1,2024-05,2024,5,1235.4083333333333,25.925
2024-05-06,1700 UTC,2299.5,33.7,2024-05,2024,5,1235.4083333333333,25.925
2024-05-06,1800 UTC,1834.6,31.7,2024-05,2024,5,1235.4083333333333,25.925
2024-05-06,1900 UTC,1407.0,33.0,2024-05,2024,5,1235.4083333333333,25.925
2024-05-06,2000 UTC,1183.9,32.6,2024-05,2024,5,1235.4083333333333,25.925
2024-05-06,2100 UTC,461.4,31.1,2024-05,2024,5,1235.4083333333333,25.925
2024-05-06,2200 UTC,9.8,28.7,2024-05,2024,5,1235.4083333333333,25.925
2024-06-06,1100 UTC,157.0,21.9,2024-06,2024,6,1350.0249999999999,26.895833333333332
2024-06-06,1200 UTC,825.2,24.4,2024-06,2024,6,1350.0249999999999,26.895833333333332
2024-06-06,1300 UTC,524.9,28.3,2024-06,2024,6,1350.0249999999999,26.895833333333332
2024-06-06,1400 UTC,1081.5,30.6,2024-06,2024,6,1350.0249999999999,26.895833333333332
2024-06-06,1500 UTC,2506.6,31.9,2024-06,2024,6,1350.0249999999999,26.895833333333332
2024-06-06,1600 UTC,2655.8,33.2,2024-06,2024,6,1350.0249999999999,26.895833333333332
2024-06-06,1700 UTC,2592.4,33.7,2024-06,2024,6,1350.0249999999999,26.895833333333332
2024-06-06,1800 UTC,2357.5,33.3,2024-06,2024,6,1350.0249999999999,26.895833333333332
2024-06-06,1900 UTC,1613.9,33.1,2024-06,2024,6,1350.0249999999999,26.895833333333332
2024-06-06,2000 UTC,1374.3,32.9,2024-06,2024,6,1350.0249999999999,26.895833333333332
2024-06-06,2100 UTC,497.9,31.1,2024-06,2024,6,1350.0249999999999,26.895833333333332
2024-06-06,2200 UTC,13.3,28.8,2024-06,2024,6,1350.0249999999999,26.895833333333332
2024-07-06,1100 UTC,146.3,23.0,2024-07,2024,7,1361.975,26.766666666666666
2024-07-06,1200 UTC,839.2,25.9,2024-07,2024,7,1361.975,26.766666666666666
2024-07-06,1300 UTC,569.6,30.2,2024-07,2024,7,1361.975,26.766666666666666
2024-07-06,1400 UTC,1151.1,31.7,2024-07,2024,7,1361.975,26.766666666666666
2024-07-06,1500 UTC,2515.1,32.7,2024-07,2024,7,1361.975,26.766666666666666
2024-07-06,1600 UTC,2653.2,32.1,2024-07,2024,7,1361.975,26.766666666666666
2024-07-06,1700 UTC,2587.6,32.8,2024-07,2024,7,1361.975,26.766666666666666
2024-07-06,1800 UTC,2343.8,32.6,2024-07,2024,7,1361.975,26.766666666666666
2024-07-06,1900 UTC,1895.4,32.5,2024-07,2024,7,1361.975,26.766666666666666
2024-07-06,2000 UTC,1167.7,32.0,2024-07,2024,7,1361.975,26.766666666666666
2024-07-06,2100 UTC,463.8,30.3,2024-07,2024,7,1361.975,26.766666666666666
2024-07-06,2200 UTC,10.9,28.2,2024-07,2024,7,1361.975,26.766666666666666
2024-08-06,1100 UTC,132.9,22.0,2024-08,2024,8,1313.1333333333334,26.354166666666668
2024-08-06,1200 UTC,830.9,24.5,2024-08,2024,8,1313.1333333333334,26.354166666666668
2024-08-06,1300 UTC,516.4,28.6,2024-08,2024,8,1313.1333333333334,26.354166666666668
2024-08-06,1400 UTC,1070.5,30.9,2024-08,2024,8,1313.1333333333334,26.354166666666668
2024-08-06,1500 UTC,2475.2,32.2,2024-08,2024,8,1313.1333333333334,26.354166666666668
2024-08-06,1600 UTC,2416.1,32.8,2024-08,2024,8,1313.1333333333334,26.354166666666668
2024-08-06,1700 UTC,2662.9,33.6,2024-08,2024,8,1313.1333333333334,26.354166666666668
2024-08-06,1800 UTC,2040.1,32.9,2024-08,2024,8,1313.1333333333334,26.354166666666668
2024-08-06,1900 UTC,1926.9,32.7,2024-08,2024,8,1313.1333333333334,26.354166666666668
2024-08-06,2000 UTC,1205.8,32.5,2024-08,2024,8,1313.1333333333334,26.354166666666668
2024-08-06,2100 UTC,470.7,31.0,2024-08,2024,8,1313.1333333333334,26.354166666666668
2024-08-06,2200 UTC,9.2,29.1,2024-08,2024,8,1313.1333333333334,26.354166666666668
2024-09-06,1100 UTC,116.3,22.1,2024-09,2024,9,1301.0916666666667,26.633333333333336
2024-09-06,1200 UTC,456.0,24.5,2024-09,2024,9,1301.0916666666667,26.633333333333336
2024-09-06,1300 UTC,513.0,29.1,2024-09,2024,9,1301.0916666666667,26.633333333333336
2024-09-06,1400 UTC,1207.2,31.0,2024-09,2024,9,1301.0916666666667,26.633333333333336
2024-09-06,1500 UTC,2165.0,31.5,2024-09,2024,9,1301.0916666666667,26.633333333333336
2024-09-06,1600 UTC,2697.3,32.5,2024-09,2024,9,1301.0916666666667,26.633333333333336
2024-09-06,1700 UTC,2565.3,33.8,2024-09,2024,9,1301.0916666666667,26.633333333333336
2024-09-06,1800 UTC,2324.7,32.9,2024-09,2024,9,1301.0916666666667,26.633333333333336
2024-09-06,1900 UTC,1853.8,33.0,2024-09,2024,9,1301.0916666666667,26.633333333333336
2024-09-06,2000 UTC,1238.8,32.6,2024-09,2024,9,1301.0916666666667,26.633333333333336
2024-09-06,2100 UTC,464.7,31.6,2024-09,2024,9,1301.0916666666667,26.633333333333336
2024-09-06,2200 UTC,11.0,29.2,2024-09,2024,9,1301.0916666666667,26.633333333333336
2024-10-06,1100 UTC,152.5,23.2,2024-10,2024,10,1107.175,27.212500000000002
2024-10-06,1200 UTC,734.8,24.7,2024-10,2024,10,1107.175,27.212500000000002
2024-10-06,1300 UTC,646.5,29.1,2024-10,2024,10,1107.175,27.212500000000002
2024-10-06,1400 UTC,1184.8,30.1,2024-10,2024,10,1107.175,27.212500000000002
2024-10-06,1500 UTC,2248.3,31.1,2024-10,2024,10,1107.175,27.212500000000002
2024-10-06,1600 UTC,1433.2,31.3,2024-10,2024,10,1107.175,27.212500000000002
2024-10-06,1700 UTC,1830.8,33.1,2024-10,2024,10,1107.175,27.212500000000002
2024-10-06,1800 UTC,2068.5,32.7,2024-10,2024,10,1107.175,27.212500000000002
2024-10-06,1900 UTC,1313.6,32.6,2024-10,2024,10,1107.175,27.212500000000002
2024-10-06,2000 UTC,1198.7,32.5,2024-10,2024,10,1107.175,27.212500000000002
2024-10-06,2100 UTC,463.7,31.1,2024-10,2024,10,1107.175,27.212500000000002
2024-10-06,2200 UTC,10.7,29.4,2024-10,2024,10,1107.175,27.212500000000002
2024-11-06,1100 UTC,130.2,20.4,2024-11,2024,11,1325.1166666666666,26.129166666666666
2024-11-06,1200 UTC,828.1,23.9,2024-11,2024,11,1325.1166666666666,26.129166666666666
2024-11-06,1300 UTC,538.1,28.7,2024-11,2024,11,1325.1166666666666,26.129166666666666
2024-11-06,1400 UTC,1033.1,31.2,2024-11,2024,11,1325.1166666666666,26.129166666666666
2024-11-06,1500 UTC,2506.7,32.0,2024-11,2024,11,1325.1166666666666,26.129166666666666
2024-11-06,1600 UTC,2596.5,32.5,2024-11,2024,11,1325.1166666666666,26.129166666666666
2024-11-06,1700 UTC,2518.4,32.5,2024-11,2024,11,1325.1166666666666,26.129166666666666
2024-11-06,1800 UTC,2335.3,32.9,2024-11,2024,11,1325.1166666666666,26.129166666666666
2024-11-06,1900 UTC,1873.0,32.1,2024-11,2024,11,1325.1166666666666,26.129166666666666
2024-11-06,2000 UTC,1172.8,32.1,2024-11,2024,11,1325.1166666666666,26.129166666666666
2024-11-06,2100 UTC,356.9,30.6,2024-11,2024,11,1325.1166666666666,26.129166666666666
2024-11-06,2200 UTC,12.3,28.8,2024-11,2024,11,1325.1166666666666,26.129166666666666
2024-12-06,1100 UTC,138.0,22.5,2024-12,2024,12,1341.3416666666667,26.666666666666668
2024-12-06,1200 UTC,833.4,25.0,2024-12,2024,12,1341.3416666666667,26.666666666666668
2024-12-06,1300 UTC,457.4,28.8,2024-12,2024,12,1341.3416666666667,26.666666666666668
2024-12-06,1400 UTC,1034.3,31.8,2024-12,2024,12,1341.3416666666667,26.666666666666668
2024-12-06,1500 UTC,2498.3,32.0,2024-12,2024,12,1341.3416666666667,26.666666666666668
2024-12-06,1600 UTC,2669.7,32.9,2024-12,2024,12,1341.3416666666667,26.666666666666668
2024-12-06,1700 UTC,2465.7,32.6,2024-12,2024,12,1341.3416666666667,26.666666666666668
2024-12-06,1800 UTC,2328.8,32.9,2024-12,2024,12,1341.3416666666667,26.666666666666668
2024-12-06,1900 UTC,1924.0,32.8,2024-12,2024,12,1341.3416666666667,26.666666666666668
2024-12-06,2000 UTC,1259.0,32.3,2024-12,2024,12,1341.3416666666667,26.666666666666668
2024-12-06,2100 UTC,475.3,31.1,2024-12,2024,12,1341.3416666666667,26.666666666666668
2024-12-06,2200 UTC,12.2,29.0,2024-12,2024,12,1341.3416666666667,26.666666666666668
2024-01-07,1100 UTC,95.6,17.9,2024-01,2024,1,1279.3916666666667,24.645833333333332
2024-01-07,1200 UTC,661.0,20.9,2024-01,2024,1,1279.3916666666667,24.645833333333332
2024-01-07,1300 UTC,523.5,23.7,2024-01,2024,1,1279.3916666666667,24.645833333333332
2024-01-07,1400 UTC,1176.4,27.0,2024-01,2024,1,1279.3916666666667,24.645833333333332
2024-01-07,1500 UTC,1745.9,29.0,2024-01,2024,1,1279.3916666666667,24.645833333333332
2024-01-07,1600 UTC,2676.6,31.1,2024-01,2024,1,1279.3916666666667,24.645833333333332
2024-01-07,1700 UTC,2523.6,32.6,2024-01,2024,1,1279.3916666666667,24.645833333333332
2024-01-07,1800 UTC,2311.2,32.4,2024-01,2024,1,1279.3916666666667,24.645833333333332
2024-01-07,1900 UTC,1902.6,32.4,2024-01,2024,1,1279.3916666666667,24.645833333333332
2024-01-07,2000 UTC,1243.5,32.4,2024-01,2024,1,1279.3916666666667,24.645833333333332
2024-01-07,2100 UTC,483.0,30.7,2024-01,2024,1,1279.3916666666667,24.645833333333332
2024-01-07,2200 UTC,9.8,28.1,2024-01,2024,1,1279.3916666666667,24.645833333333332
2024-02-07,1100 UTC,98.1,20.7,2024-02,2024,2,1130.2083333333333,26.15416666666667
2024-02-07,1200 UTC,721.4,24.5,2024-02,2024,2,1130.2083333333333,26.15416666666667
2024-02-07,1300 UTC,421.3,28.3,2024-02,2024,2,1130.2083333333333,26.15416666666667
2024-02-07,1400 UTC,1115.7,30.6,2024-02,2024,2,1130.2083333333333,26.15416666666667
2024-02-07,1500 UTC,2417.9,32.5,2024-02,2024,2,1130.2083333333333,26.15416666666667
2024-02-07,1600 UTC,2305.4,32.1,2024-02,2024,2,1130.2083333333333,26.15416666666667
2024-02-07,1700 UTC,1218.1,33.0,2024-02,2024,2,1130.2083333333333,26.15416666666667
2024-02-07,1800 UTC,1743.4,33.6,2024-02,2024,2,1130.2083333333333,26.15416666666667
2024-02-07,1900 UTC,1885.4,33.3,2024-02,2024,2,1130.2083333333333,26.15416666666667
2024-02-07,2000 UTC,1111.1,33.2,2024-02,2024,2,1130.2083333333333,26.15416666666667
2024-02-07,2100 UTC,507.3,31.7,2024-02,2024,2,1130.2083333333333,26.15416666666667
2024-02-07,2200 UTC,17.4,29.2,2024-02,2024,2,1130.2083333333333,26.15416666666667
2024-03-07,1100 UTC,100.5,21.9,2024-03,2024,3,1156.0166666666667,26.741666666666664
2024-03-07,1200 UTC,700.4,24.4,2024-03,2024,3,1156.0166666666667,26.741666666666664
2024-03-07,1300 UTC,449.3,28.9,2024-03,2024,3,1156.0166666666667,26.741666666666664
2024-03-07,1400 UTC,1061.0,31.2,2024-03,2024,3,1156.0166666666667,26.741666666666664
2024-03-07,1500 UTC,2416.8,32.6,2024-03,2024,3,1156.0166666666667,26.741666666666664
2024-03-07,1600 UTC,2548.3,32.7,2024-03,2024,3,1156.0166666666667,26.741666666666664
2024-03-07,1700 UTC,1802.6,33.1,2024-03,2024,3,1156.0166666666667,26.741666666666664
2024-03-07,1800 UTC,1850.5,32.8,2024-03,2024,3,1156.0166666666667,26.741666666666664
2024-03-07,1900 UTC,1652.0,33.3,2024-03,2024,3,1156.0166666666667,26.741666666666664
2024-03-07,2000 UTC,918.6,32.8,2024-03,2024,3,1156.0166666666667,26.741666666666664
2024-03-07,2100 UTC,353.1,31.3,2024-03,2024,3,1156.0166666666667,26.741666666666664
2024-03-07,2200 UTC,19.1,29.3,2024-03,2024,3,1156.0166666666667,26.741666666666664
2024-04-07,1100 UTC,130.5,22.6,2024-04,2024,4,1341.7333333333333,27.329166666666666
2024-04-07,1200 UTC,711.9,25.1,2024-04,2024,4,1341.7333333333333,27.329166666666666
2024-04-07,1300 UTC,428.5,28.1,2024-04,2024,4,1341.7333333333333,27.329166666666666
2024-04-07,1400 UTC,935.6,31.0,2024-04,2024,4,1341.7333333333333,27.329166666666666
2024-04-07,1500 UTC,2443.9,33.2,2024-04,2024,4,1341.7333333333333,27.329166666666666
2024-04-07,1600 UTC,2585.0,33.3,2024-04,2024,4,1341.7333333333333,27.329166666666666
2024-04-07,1700 UTC,2581.5,33.3,2024-04,2024,4,1341.7333333333333,27.329166666666666
2024-04-07,1800 UTC,2441.3,33.8,2024-04,2024,4,1341.7333333333333,27.329166666666666
2024-04-07,1900 UTC,1962.7,33.8,2024-04,2024,4,1341.7333333333333,27.329166666666666
2024-04-07,2000 UTC,1356.8,33.4,2024-04,2024,4,1341.7333333333333,27.329166666666666
2024-04-07,2100 UTC,505.6,31.8,2024-04,2024,4,1341.7333333333333,27.329166666666666
2024-04-07,2200 UTC,17.5,29.8,2024-04,2024,4,1341.7333333333333,27.329166666666666
2024-05-07,1100 UTC,115.1,21.5,2024-05,2024,5,1327.6499999999999,26.7625
2024-05-07,1200 UTC,716.4,23.9,2024-05,2024,5,1327.6499999999999,26.7625
2024-05-07,1300 UTC,457.5,28.2,2024-05,2024,5,1327.6499999999999,26.7625
2024-05-07,1400 UTC,913.1,31.0,2024-05,2024,5,1327.6499999999999,26.7625
2024-05-07,1500 UTC,2463.4,32.1,2024-05,2024,5,1327.6499999999999,26.7625
2024-05-07,1600 UTC,2609.7,32.9,2024-05,2024,5,1327.6499999999999,26.7625
2024-05-07,1700 UTC,2569.1,33.5,2024-05,2024,5,1327.6499999999999,26.7625
2024-05-07,1800 UTC,2352.1,34.1,2024-05,2024,5,1327.6499999999999,26.7625
2024-05-07,1900 UTC,1920.5,33.5,2024-05,2024,5,1327.6499999999999,26.7625
2024-05-07,2000 UTC,1277.6,32.7,2024-05,2024,5,1327.6499999999999,26.7625
2024-05-07,2100 UTC,516.6,31.5,2024-05,2024,5,1327.6499999999999,26.7625
2024-05-07,2200 UTC,20.7,29.3,2024-05,2024,5,1327.6499999999999,26.7625
2024-06-07,1100 UTC,126.1,21.0,2024-06,2024,6,1351.2416666666666,26.8875
2024-06-07,1200 UTC,738.1,23.5,2024-06,2024,6,1351.2416666666666,26.8875
2024-06-07,1300 UTC,461.7,28.4,2024-06,2024,6,1351.2416666666666,26.8875
2024-06-07,1400 UTC,1000.8,31.4,2024-06,2024,6,1351.2416666666666,26.8875
2024-06-07,1500 UTC,2485.3,32.9,2024-06,2024,6,1351.2416666666666,26.8875
2024-06-07,1600 UTC,2630.3,33.9,2024-06,2024,6,1351.2416666666666,26.8875
2024-06-07,1700 UTC,2578.7,34.2,2024-06,2024,6,1351.2416666666666,26.8875
2024-06-07,1800 UTC,2371.6,34.3,2024-06,2024,6,1351.2416666666666,26.8875
2024-06-07,1900 UTC,1952.6,34.2,2024-06,2024,6,1351.2416666666666,26.8875
2024-06-07,2000 UTC,1314.0,33.2,2024-06,2024,6,1351.2416666666666,26.8875
2024-06-07,2100 UTC,536.1,31.8,2024-06,2024,6,1351.2416666666666,26.8875
2024-06-07,2200 UTC,19.6,29.4,2024-06,2024,6,1351.2416666666666,26.8875
2024-07-07,1100 UTC,142.4,21.3,2024-07,2024,7,1348.7666666666667,26.554166666666664
2024-07-07,1200 UTC,730.6,24.5,2024-07,2024,7,1348.7666666666667,26.554166666666664
2024-07-07,1300 UTC,440.4,28.6,2024-07,2024,7,1348.7666666666667,26.554166666666664
2024-07-07,1400 UTC,962.5,30.6,2024-07,2024,7,1348.7666666666667,26.554166666666664
2024-07-07,1500 UTC,2488.6,32.1,2024-07,2024,7,1348.7666666666667,26.554166666666664
2024-07-07,1600 UTC,2612.0,32.9,2024-07,2024,7,1348.7666666666667,26.554166666666664
2024-07-07,1700 UTC,2575.8,33.3,2024-07,2024,7,1348.7666666666667,26.554166666666664
2024-07-07,1800 UTC,2385.5,33.7,2024-07,2024,7,1348.7666666666667,26.554166666666664
2024-07-07,1900 UTC,1967.6,33.4,2024-07,2024,7,1348.7666666666667,26.554166666666664
2024-07-07,2000 UTC,1320.6,33.0,2024-07,2024,7,1348.7666666666667,26.554166666666664
2024-07-07,2100 UTC,540.2,31.7,2024-07,2024,7,1348.7666666666667,26.554166666666664
2024-07-07,2200 UTC,19.0,29.5,2024-07,2024,7,1348.7666666666667,26.554166666666664
2024-08-07,1100 UTC,142.0,20.4,2024-08,2024,8,1331.9333333333334,26.116666666666664
2024-08-07,1200 UTC,685.4,23.2,2024-08,2024,8,1331.9333333333334,26.116666666666664
2024-08-07,1300 UTC,424.4,26.3,2024-08,2024,8,1331.9333333333334,26.116666666666664
2024-08-07,1400 UTC,1046.0,28.9,2024-08,2024,8,1331.9333333333334,26.116666666666664
2024-08-07,1500 UTC,2445.4,30.5,2024-08,2024,8,1331.9333333333334,26.116666666666664
2024-08-07,1600 UTC,2600.3,32.9,2024-08,2024,8,1331.9333333333334,26.116666666666664
2024-08-07,1700 UTC,2567.9,32.6,2024-08,2024,8,1331.9333333333334,26.116666666666664
2024-08-07,1800 UTC,2351.5,33.2,2024-08,2024,8,1331.9333333333334,26.116666666666664
2024-08-07,1900 UTC,1931.8,34.1,2024-08,2024,8,1331.9333333333334,26.116666666666664
2024-08-07,2000 UTC,1262.0,33.3,2024-08,2024,8,1331.9333333333334,26.116666666666664
2024-08-07,2100 UTC,504.8,31.3,2024-08,2024,8,1331.9333333333334,26.116666666666664
2024-08-07,2200 UTC,21.7,29.3,2024-08,2024,8,1331.9333333333334,26.116666666666664
2024-09-07,1100 UTC,162.7,17.5,2024-09,2024,9,1340.8916666666667,24.275000000000002
2024-09-07,1200 UTC,650.7,19.2,2024-09,2024,9,1340.8916666666667,24.275000000000002
2024-09-07,1300 UTC,420.1,21.4,2024-09,2024,9,1340.8916666666667,24.275000000000002
2024-09-07,1400 UTC,1143.4,25.4,2024-09,2024,9,1340.8916666666667,24.275000000000002
2024-09-07,1500 UTC,2449.9,28.2,2024-09,2024,9,1340.8916666666667,24.275000000000002
2024-09-07,1600 UTC,2611.7,30.0,2024-09,2024,9,1340.8916666666667,24.275000000000002
2024-09-07,1700 UTC,2569.0,31.9,2024-09,2024,9,1340.8916666666667,24.275000000000002
2024-09-07,1800 UTC,2343.2,32.7,2024-09,2024,9,1340.8916666666667,24.275000000000002
2024-09-07,1900 UTC,1927.0,32.4,2024-09,2024,9,1340.8916666666667,24.275000000000002
2024-09-07,2000 UTC,1280.5,33.0,2024-09,2024,9,1340.8916666666667,24.275000000000002
2024-09-07,2100 UTC,511.9,31.0,2024-09,2024,9,1340.8916666666667,24.275000000000002
2024-09-07,2200 UTC,20.6,28.9,2024-09,2024,9,1340.8916666666667,24.275000000000002
2024-10-07,1100 UTC,163.7,16.7,2024-10,2024,10,1330.85,24.008333333333336
2024-10-07,1200 UTC,670.6,18.9,2024-10,2024,10,1330.85,24.008333333333336
2024-10-07,1300 UTC,439.4,21.9,2024-10,2024,10,1330.85,24.008333333333336
2024-10-07,1400 UTC,996.2,25.0,2024-10,2024,10,1330.85,24.008333333333336
2024-10-07,1500 UTC,2453.2,27.8,2024-10,2024,10,1330.85,24.008333333333336
2024-10-07,1600 UTC,2597.4,29.7,2024-10,2024,10,1330.85,24.008333333333336
2024-10-07,1700 UTC,2540.1,31.6,2024-10,2024,10,1330.85,24.008333333333336
2024-10-07,1800 UTC,2327.6,31.9,2024-10,2024,10,1330.85,24.008333333333336
2024-10-07,1900 UTC,1911.5,32.4,2024-10,2024,10,1330.85,24.008333333333336
2024-10-07,2000 UTC,1309.3,32.1,2024-10,2024,10,1330.85,24.008333333333336
2024-10-07,2100 UTC,538.1,31.2,2024-10,2024,10,1330.85,24.008333333333336
2024-10-07,2200 UTC,23.1,28.8,2024-10,2024,10,1330.85,24.008333333333336
2024-11-07,1100 UTC,164.7,21.0,2024-11,2024,11,1218.0916666666667,26.854166666666668
2024-11-07,1200 UTC,647.7,23.2,2024-11,2024,11,1218.0916666666667,26.854166666666668
2024-11-07,1300 UTC,424.7,28.2,2024-11,2024,11,1218.0916666666667,26.854166666666668
2024-11-07,1400 UTC,995.2,31.0,2024-11,2024,11,1218.0916666666667,26.854166666666668
2024-11-07,1500 UTC,2500.8,32.8,2024-11,2024,11,1218.0916666666667,26.854166666666668
2024-11-07,1600 UTC,2519.3,33.9,2024-11,2024,11,1218.0916666666667,26.854166666666668
2024-11-07,1700 UTC,2424.5,34.5,2024-11,2024,11,1218.0916666666667,26.854166666666668
2024-11-07,1800 UTC,1855.7,33.6,2024-11,2024,11,1218.0916666666667,26.854166666666668
2024-11-07,1900 UTC,1686.4,34.3,2024-11,2024,11,1218.0916666666667,26.854166666666668
2024-11-07,2000 UTC,1029.3,32.9,2024-11,2024,11,1218.0916666666667,26.854166666666668
2024-11-07,2100 UTC,347.7,31.7,2024-11,2024,11,1218.0916666666667,26.854166666666668
2024-11-07,2200 UTC,21.1,29.9,2024-11,2024,11,1218.0916666666667,26.854166666666668
2024-12-07,1100 UTC,203.5,21.6,2024-12,2024,12,1244.0583333333334,25.833333333333332
2024-12-07,1200 UTC,635.3,23.2,2024-12,2024,12,1244.0583333333334,25.833333333333332
2024-12-07,1300 UTC,365.9,25.6,2024-12,2024,12,1244.0583333333334,25.833333333333332
2024-12-07,1400 UTC,1138.3,27.9,2024-12,2024,12,1244.0583333333334,25.833333333333332
2024-12-07,1500 UTC,2478.5,29.5,2024-12,2024,12,1244.0583333333334,25.833333333333332
2024-12-07,1600 UTC,2607.3,31.3,2024-12,2024,12,1244.0583333333334,25.833333333333332
2024-12-07,1700 UTC,2529.4,31.8,2024-12,2024,12,1244.0583333333334,25.833333333333332
2024-12-07,1800 UTC,2080.4,31.4,2024-12,2024,12,1244.0583333333334,25.833333333333332
2024-12-07,1900 UTC,1638.4,31.9,2024-12,2024,12,1244.0583333333334,25.833333333333332
2024-12-07,2000 UTC,974.3,30.3,2024-12,2024,12,1244.0583333333334,25.833333333333332
2024-12-07,2100 UTC,246.0,28.7,2024-12,2024,12,1244.0583333333334,25.833333333333332
2024-12-07,2200 UTC,31.4,26.3,2024-12,2024,12,1244.0583333333334,25.833333333333332
2024-01-08,1100 UTC,185.6,23.9,2024-01,2024,1,1181.2416666666668,27.916666666666668
2024-01-08,1200 UTC,529.3,26.2,2024-01,2024,1,1181.2416666666668,27.916666666666668
2024-01-08,1300 UTC,529.1,30.9,2024-01,2024,1,1181.2416666666668,27.916666666666668
2024-01-08,1400 UTC,1049.4,33.3,2024-01,2024,1,1181.2416666666668,27.916666666666668
2024-01-08,1500 UTC,2487.4,34.1,2024-01,2024,1,1181.2416666666668,27.916666666666668
2024-01-08,1600 UTC,2151.8,33.6,2024-01,2024,1,1181.2416666666668,27.916666666666668
2024-01-08,1700 UTC,2255.8,35.0,2024-01,2024,1,1181.2416666666668,27.916666666666668
2024-01-08,1800 UTC,1441.6,35.2,2024-01,2024,1,1181.2416666666668,27.916666666666668
2024-01-08,1900 UTC,1434.9,34.5,2024-01,2024,1,1181.2416666666668,27.916666666666668
2024-01-08,2000 UTC,1428.4,34.5,2024-01,2024,1,1181.2416666666668,27.916666666666668
2024-01-08,2100 UTC,640.1,33.0,2024-01,2024,1,1181.2416666666668,27.916666666666668
2024-01-08,2200 UTC,41.5,30.5,2024-01,2024,1,1181.2416666666668,27.916666666666668
2024-02-08,1100 UTC,205.1,24.2,2024-02,2024,2,1395.375,28.72083333333333
2024-02-08,1200 UTC,473.8,27.0,2024-02,2024,2,1395.375,28.72083333333333
2024-02-08,1300 UTC,555.3,29.8,2024-02,2024,2,1395.375,28.72083333333333
2024-02-08,1400 UTC,1027.7,32.0,2024-02,2024,2,1395.375,28.72083333333333
2024-02-08,1500 UTC,2640.4,33.7,2024-02,2024,2,1395.375,28.72083333333333
2024-02-08,1600 UTC,2815.0,34.9,2024-02,2024,2,1395.375,28.72083333333333
2024-02-08,1700 UTC,2516.5,35.0,2024-02,2024,2,1395.375,28.72083333333333
2024-02-08,1800 UTC,2551.7,34.5,2024-02,2024,2,1395.375,28.72083333333333
2024-02-08,1900 UTC,1887.8,35.5,2024-02,2024,2,1395.375,28.72083333333333
2024-02-08,2000 UTC,1454.5,34.4,2024-02,2024,2,1395.375,28.72083333333333
2024-02-08,2100 UTC,581.7,32.6,2024-02,2024,2,1395.375,28.72083333333333
2024-02-08,2200 UTC,35.0,30.6,2024-02,2024,2,1395.375,28.72083333333333
2024-03-08,1100 UTC,191.4,22.2,2024-03,2024,3,1431.8583333333333,27.733333333333334
2024-03-08,1200 UTC,574.1,26.1,2024-03,2024,3,1431.8583333333333,27.733333333333334
2024-03-08,1300 UTC,530.8,29.8,2024-03,2024,3,1431.8583333333333,27.733333333333334
2024-03-08,1400 UTC,1022.5,31.9,2024-03,2024,3,1431.8583333333333,27.733333333333334
2024-03-08,1500 UTC,2657.0,33.0,2024-03,2024,3,1431.8583333333333,27.733333333333334
2024-03-08,1600 UTC,2814.5,34.0,2024-03,2024,3,1431.8583333333333,27.733333333333334
2024-03-08,1700 UTC,2741.5,34.3,2024-03,2024,3,1431.8583333333333,27.733333333333334
2024-03-08,1800 UTC,2528.4,34.3,2024-03,2024,3,1431.8583333333333,27.733333333333334
2024-03-08,1900 UTC,2082.3,34.6,2024-03,2024,3,1431.8583333333333,27.733333333333334
2024-03-08,2000 UTC,1413.9,33.5,2024-03,2024,3,1431.8583333333333,27.733333333333334
2024-03-08,2100 UTC,593.8,32.6,2024-03,2024,3,1431.8583333333333,27.733333333333334
2024-03-08,2200 UTC,32.1,30.3,2024-03,2024,3,1431.8583333333333,27.733333333333334
2024-04-08,1100 UTC,205.1,21.1,2024-04,2024,4,1463.2166666666665,27.020833333333332
2024-04-08,1200 UTC,664.3,25.4,2024-04,2024,4,1463.2166666666665,27.020833333333332
2024-04-08,1300 UTC,625.0,29.0,2024-04,2024,4,1463.2166666666665,27.020833333333332
2024-04-08,1400 UTC,955.8,31.4,2024-04,2024,4,1463.2166666666665,27.020833333333332
2024-04-08,1500 UTC,2664.5,32.4,2024-04,2024,4,1463.2166666666665,27.020833333333332
2024-04-08,1600 UTC,2835.5,33.5,2024-04,2024,4,1463.2166666666665,27.020833333333332
2024-04-08,1700 UTC,2780.6,34.0,2024-04,2024,4,1463.2166666666665,27.020833333333332
2024-04-08,1800 UTC,2566.3,34.2,2024-04,2024,4,1463.2166666666665,27.020833333333332
2024-04-08,1900 UTC,2131.3,34.1,2024-04,2024,4,1463.2166666666665,27.020833333333332
2024-04-08,2000 UTC,1461.9,33.1,2024-04,2024,4,1463.2166666666665,27.020833333333332
2024-04-08,2100 UTC,638.5,32.0,2024-04,2024,4,1463.2166666666665,27.020833333333332
2024-04-08,2200 UTC,29.8,29.5,2024-04,2024,4,1463.2166666666665,27.020833333333332
2024-05-08,1100 UTC,195.8,20.0,2024-05,2024,5,1512.2583333333332,26.204166666666666
2024-05-08,1200 UTC,695.4,23.6,2024-05,2024,5,1512.2583333333332,26.204166666666666
2024-05-08,1300 UTC,653.8,28.6,2024-05,2024,5,1512.2583333333332,26.204166666666666
2024-05-08,1400 UTC,885.3,30.9,2024-05,2024,5,1512.2583333333332,26.204166666666666
2024-05-08,1500 UTC,2749.4,32.0,2024-05,2024,5,1512.2583333333332,26.204166666666666
2024-05-08,1600 UTC,2942.7,32.0,2024-05,2024,5,1512.2583333333332,26.204166666666666
2024-05-08,1700 UTC,2885.0,32.6,2024-05,2024,5,1512.2583333333332,26.204166666666666
2024-05-08,1800 UTC,2676.6,33.0,2024-05,2024,5,1512.2583333333332,26.204166666666666
2024-05-08,1900 UTC,2210.4,32.8,2024-05,2024,5,1512.2583333333332,26.204166666666666
2024-05-08,2000 UTC,1525.4,32.2,2024-05,2024,5,1512.2583333333332,26.204166666666666
2024-05-08,2100 UTC,696.6,31.1,2024-05,2024,5,1512.2583333333332,26.204166666666666
2024-05-08,2200 UTC,30.7,29.0,2024-05,2024,5,1512.2583333333332,26.204166666666666
2024-06-08,1100 UTC,204.7,20.0,2024-06,2024,6,1422.0916666666665,25.945833333333336
2024-06-08,1200 UTC,713.5,23.6,2024-06,2024,6,1422.0916666666665,25.945833333333336
2024-06-08,1300 UTC,636.4,27.8,2024-06,2024,6,1422.0916666666665,25.945833333333336
2024-06-08,1400 UTC,684.0,30.1,2024-06,2024,6,1422.0916666666665,25.945833333333336
2024-06-08,1500 UTC,2706.5,32.3,2024-06,2024,6,1422.0916666666665,25.945833333333336
2024-06-08,1600 UTC,2556.5,32.1,2024-06,2024,6,1422.0916666666665,25.945833333333336
2024-06-08,1700 UTC,2846.1,32.6,2024-06,2024,6,1422.0916666666665,25.945833333333336
2024-06-08,1800 UTC,2382.3,33.5,2024-06,2024,6,1422.0916666666665,25.945833333333336
2024-06-08,1900 UTC,2251.8,33.3,2024-06,2024,6,1422.0916666666665,25.945833333333336
2024-06-08,2000 UTC,1383.1,32.9,2024-06,2024,6,1422.0916666666665,25.945833333333336
2024-06-08,2100 UTC,667.9,31.5,2024-06,2024,6,1422.0916666666665,25.945833333333336
2024-06-08,2200 UTC,32.3,29.8,2024-06,2024,6,1422.0916666666665,25.945833333333336
2024-07-08,1100 UTC,203.1,22.4,2024-07,2024,7,1466.5083333333332,26.795833333333334
2024-07-08,1200 UTC,695.2,24.4,2024-07,2024,7,1466.5083333333332,26.795833333333334
2024-07-08,1300 UTC,569.7,28.0,2024-07,2024,7,1466.5083333333332,26.795833333333334
2024-07-08,1400 UTC,1057.9,30.9,2024-07,2024,7,1466.5083333333332,26.795833333333334
2024-07-08,1500 UTC,2665.7,32.4,2024-07,2024,7,1466.5083333333332,26.795833333333334
2024-07-08,1600 UTC,2862.6,33.0,2024-07,2024,7,1466.5083333333332,26.795833333333334
2024-07-08,1700 UTC,2816.0,33.6,2024-07,2024,7,1466.5083333333332,26.795833333333334
2024-07-08,1800 UTC,2547.7,33.9,2024-07,2024,7,1466.5083333333332,26.795833333333334
2024-07-08,1900 UTC,2091.9,34.5,2024-07,2024,7,1466.5083333333332,26.795833333333334
2024-07-08,2000 UTC,1421.5,33.7,2024-07,2024,7,1466.5083333333332,26.795833333333334
2024-07-08,2100 UTC,632.3,32.5,2024-07,2024,7,1466.5083333333332,26.795833333333334
2024-07-08,2200 UTC,34.5,30.6,2024-07,2024,7,1466.5083333333332,26.795833333333334
2024-08-08,1100 UTC,184.8,23.3,2024-08,2024,8,1448.2583333333332,27.829166666666666
2024-08-08,1200 UTC,692.7,25.5,2024-08,2024,8,1448.2583333333332,27.829166666666666
2024-08-08,1300 UTC,477.4,28.8,2024-08,2024,8,1448.2583333333332,27.829166666666666
2024-08-08,1400 UTC,1011.3,32.4,2024-08,2024,8,1448.2583333333332,27.829166666666666
2024-08-08,1500 UTC,2696.8,34.2,2024-08,2024,8,1448.2583333333332,27.829166666666666
2024-08-08,1600 UTC,2862.2,34.3,2024-08,2024,8,1448.2583333333332,27.829166666666666
2024-08-08,1700 UTC,2718.2,34.4,2024-08,2024,8,1448.2583333333332,27.829166666666666
2024-08-08,1800 UTC,2557.3,34.4,2024-08,2024,8,1448.2583333333332,27.829166666666666
2024-08-08,1900 UTC,2096.5,35.9,2024-08,2024,8,1448.2583333333332,27.829166666666666
2024-08-08,2000 UTC,1410.9,34.4,2024-08,2024,8,1448.2583333333332,27.829166666666666
2024-08-08,2100 UTC,636.6,33.3,2024-08,2024,8,1448.2583333333332,27.829166666666666
2024-08-08,2200 UTC,34.4,30.8,2024-08,2024,8,1448.2583333333332,27.829166666666666
2024-09-08,1100 UTC,181.6,19.9,2024-09,2024,9,1456.8833333333332,25.291666666666668
2024-09-08,1200 UTC,684.3,21.0,2024-09,2024,9,1456.8833333333332,25.291666666666668
2024-09-08,1300 UTC,609.5,23.6,2024-09,2024,9,1456.8833333333332,25.291666666666668
2024-09-08,1400 UTC,1335.9,26.9,2024-09,2024,9,1456.8833333333332,25.291666666666668
2024-09-08,1500 UTC,2622.6,28.3,2024-09,2024,9,1456.8833333333332,25.291666666666668
2024-09-08,1600 UTC,2792.0,30.5,2024-09,2024,9,1456.8833333333332,25.291666666666668
2024-09-08,1700 UTC,2715.7,31.3,2024-09,2024,9,1456.8833333333332,25.291666666666668
2024-09-08,1800 UTC,2481.4,32.1,2024-09,2024,9,1456.8833333333332,25.291666666666668
2024-09-08,1900 UTC,2041.3,32.1,2024-09,2024,9,1456.8833333333332,25.291666666666668
2024-09-08,2000 UTC,1362.5,31.0,2024-09,2024,9,1456.8833333333332,25.291666666666668
2024-09-08,2100 UTC,611.0,25.9,2024-09,2024,9,1456.8833333333332,25.291666666666668
2024-09-08,2200 UTC,44.8,23.8,2024-09,2024,9,1456.8833333333332,25.291666666666668
2024-10-08,1100 UTC,138.5,12.8,2024-10,2024,10,1487.7166666666665,19.520833333333332
2024-10-08,1200 UTC,548.0,14.9,2024-10,2024,10,1487.7166666666665,19.520833333333332
2024-10-08,1300 UTC,861.8,17.3,2024-10,2024,10,1487.7166666666665,19.520833333333332
2024-10-08,1400 UTC,1614.0,21.0,2024-10,2024,10,1487.7166666666665,19.520833333333332
2024-10-08,1500 UTC,2509.1,23.0,2024-10,2024,10,1487.7166666666665,19.520833333333332
2024-10-08,1600 UTC,2815.5,24.8,2024-10,2024,10,1487.7166666666665,19.520833333333332
2024-10-08,1700 UTC,2713.8,27.2,2024-10,2024,10,1487.7166666666665,19.520833333333332
2024-10-08,1800 UTC,2514.3,28.1,2024-10,2024,10,1487.7166666666665,19.520833333333332
2024-10-08,1900 UTC,2070.8,29.8,2024-10,2024,10,1487.7166666666665,19.520833333333332
2024-10-08,2000 UTC,1400.7,29.1,2024-10,2024,10,1487.7166666666665,19.520833333333332
2024-10-08,2100 UTC,629.9,28.4,2024-10,2024,10,1487.7166666666665,19.520833333333332
2024-10-08,2200 UTC,36.2,26.6,2024-10,2024,10,1487.7166666666665,19.520833333333332
2024-11-08,1100 UTC,237.0,16.8,2024-11,2024,11,1493.5,24.1375
2024-11-08,1200 UTC,709.1,20.4,2024-11,2024,11,1493.5,24.1375
2024-11-08,1300 UTC,655.2,25.0,2024-11,2024,11,1493.5,24.1375
2024-11-08,1400 UTC,1163.6,26.7,2024-11,2024,11,1493.5,24.1375
2024-11-08,1500 UTC,2711.7,28.9,2024-11,2024,11,1493.5,24.1375
2024-11-08,1600 UTC,2867.0,31.0,2024-11,2024,11,1493.5,24.1375
2024-11-08,1700 UTC,2766.3,32.1,2024-11,2024,11,1493.5,24.1375
2024-11-08,1800 UTC,2561.5,34.0,2024-11,2024,11,1493.5,24.1375
2024-11-08,1900 UTC,2122.9,34.5,2024-11,2024,11,1493.5,24.1375
2024-11-08,2000 UTC,1452.5,33.9,2024-11,2024,11,1493.5,24.1375
2024-11-08,2100 UTC,645.4,32.8,2024-11,2024,11,1493.5,24.1375
2024-11-08,2200 UTC,29.8,30.2,2024-11,2024,11,1493.5,24.1375
2024-12-08,1100 UTC,228.0,19.8,2024-12,2024,12,1475.0333333333335,26.34166666666667
2024-12-08,1200 UTC,682.4,22.8,2024-12,2024,12,1475.0333333333335,26.34166666666667
2024-12-08,1300 UTC,666.5,25.4,2024-12,2024,12,1475.0333333333335,26.34166666666667
2024-12-08,1400 UTC,1550.1,28.7,2024-12,2024,12,1475.0333333333335,26.34166666666667
2024-12-08,1500 UTC,2597.7,30.6,2024-12,2024,12,1475.0333333333335,26.34166666666667
2024-12-08,1600 UTC,2743.6,32.7,2024-12,2024,12,1475.0333333333335,26.34166666666667
2024-12-08,1700 UTC,2679.8,33.5,2024-12,2024,12,1475.0333333333335,26.34166666666667
2024-12-08,1800 UTC,2496.5,33.6,2024-12,2024,12,1475.0333333333335,26.34166666666667
2024-12-08,1900 UTC,2030.6,34.2,2024-12,2024,12,1475.0333333333335,26.34166666666667
2024-12-08,2000 UTC,1369.8,33.2,2024-12,2024,12,1475.0333333333335,26.34166666666667
2024-12-08,2100 UTC,617.4,31.9,2024-12,2024,12,1475.0333333333335,26.34166666666667
2024-12-08,2200 UTC,38.0,29.1,2024-12,2024,12,1475.0333333333335,26.34166666666667
2024-01-09,1000 UTC,5.7,22.6,2024-01,2024,1,1560.9615384615386,29.829166666666666
2024-01-09,1100 UTC,378.1,24.1,2024-01,2024,1,1560.9615384615386,29.829166666666666
2024-01-09,1200 UTC,953.0,27.8,2024-01,2024,1,1560.9615384615386,29.829166666666666
2024-01-09,1300 UTC,510.8,32.8,2024-01,2024,1,1560.9615384615386,29.829166666666666
2024-01-09,1400 UTC,2269.7,34.2,2024-01,2024,1,1560.9615384615386,29.829166666666666
2024-01-09,1500 UTC,2893.1,36.0,2024-01,2024,1,1560.9615384615386,29.829166666666666
2024-01-09,1600 UTC,2999.7,36.7,2024-01,2024,1,1560.9615384615386,29.829166666666666
2024-01-09,1700 UTC,2900.1,37.2,2024-01,2024,1,1560.9615384615386,29.829166666666666
2024-01-09,1800 UTC,2724.5,37.3,2024-01,2024,1,1560.9615384615386,29.829166666666666
2024-01-09,1900 UTC,2295.8,36.9,2024-01,2024,1,1560.9615384615386,29.829166666666666
2024-01-09,2000 UTC,1590.5,36.7,2024-01,2024,1,1560.9615384615386,29.829166666666666
2024-01-09,2100 UTC,736.0,35.4,2024-01,2024,1,1560.9615384615386,29.829166666666666
2024-01-09,2200 UTC,35.5,32.7,2024-01,2024,1,1560.9615384615386,29.829166666666666
2024-02-09,1000 UTC,3.5,22.3,2024-02,2024,2,1511.1666666666667,29.156521739130437
2024-02-09,1100 UTC,346.1,23.3,2024-02,2024,2,1511.1666666666667,29.156521739130437
2024-02-09,1200 UTC,987.6,26.4,2024-02,2024,2,1511.1666666666667,29.156521739130437
2024-02-09,1300 UTC,803.0,30.1,2024-02,2024,2,1511.1666666666667,29.156521739130437
2024-02-09,1400 UTC,2350.5,33.0,2024-02,2024,2,1511.1666666666667,29.156521739130437
2024-02-09,1500 UTC,2861.4,34.4,2024-02,2024,2,1511.1666666666667,29.156521739130437
2024-02-09,1600 UTC,2950.3,36.7,2024-02,2024,2,1511.1666666666667,29.156521739130437
2024-02-09,1700 UTC,2873.8,36.1,2024-02,2024,2,1511.1666666666667,29.156521739130437
2024-02-09,1800 UTC,2685.7,37.6,2024-02,2024,2,1511.1666666666667,29.156521739130437
2024-02-09,2000 UTC,1531.3,36.5,2024-02,2024,2,1511.1666666666667,29.156521739130437
2024-02-09,2100 UTC,702.9,35.6,2024-02,2024,2,1511.1666666666667,29.156521739130437
2024-02-09,2200 UTC,37.9,32.7,2024-02,2024,2,1511.1666666666667,29.156521739130437
2024-03-09,1000 UTC,4.0,22.6,2024-03,2024,3,1341.6846153846154,29.816666666666666
2024-03-09,1100 UTC,266.2,24.7,2024-03,2024,3,1341.6846153846154,29.816666666666666
2024-03-09,1200 UTC,841.8,27.6,2024-03,2024,3,1341.6846153846154,29.816666666666666
2024-03-09,1300 UTC,857.1,32.3,2024-03,2024,3,1341.6846153846154,29.816666666666666
2024-03-09,1400 UTC,2083.8,34.6,2024-03,2024,3,1341.6846153846154,29.816666666666666
2024-03-09,1500 UTC,2568.2,35.9,2024-03,2024,3,1341.6846153846154,29.816666666666666
2024-03-09,1600 UTC,2712.3,37.1,2024-03,2024,3,1341.6846153846154,29.816666666666666
2024-03-09,1700 UTC,2546.6,37.1,2024-03,2024,3,1341.6846153846154,29.816666666666666
2024-03-09,1800 UTC,2223.6,36.8,2024-03,2024,3,1341.6846153846154,29.816666666666666
2024-03-09,1900 UTC,1724.3,36.0,2024-03,2024,3,1341.6846153846154,29.816666666666666
2024-03-09,2000 UTC,1130.7,35.8,2024-03,2024,3,1341.6846153846154,29.816666666666666
2024-03-09,2100 UTC,450.9,34.6,2024-03,2024,3,1341.6846153846154,29.816666666666666
2024-03-09,2200 UTC,32.4,32.2,2024-03,2024,3,1341.6846153846154,29.816666666666666
2024-04-09,1000 UTC,3.1,22.4,2024-04,2024,4,1486.5,30.025000000000002
2024-04-09,1100 UTC,237.4,24.5,2024-04,2024,4,1486.5,30.025000000000002
2024-04-09,1200 UTC,743.5,27.8,2024-04,2024,4,1486.5,30.025000000000002
2024-04-09,1300 UTC,818.7,30.1,2024-04,2024,4,1486.5,30.025000000000002
2024-04-09,1400 UTC,2149.7,35.0,2024-04,2024,4,1486.5,30.025000000000002
2024-04-09,1500 UTC,2595.0,36.7,2024-04,2024,4,1486.5,30.025000000000002
2024-04-09,1600 UTC,2893.2,37.4,2024-04,2024,4,1486.5,30.025000000000002
2024-04-09,1700 UTC,2840.5,36.9,2024-04,2024,4,1486.5,30.025000000000002
2024-04-09,1800 UTC,2650.1,37.3,2024-04,2024,4,1486.5,30.025000000000002
2024-04-09,1900 UTC,2203.1,37.2,2024-04,2024,4,1486.5,30.025000000000002
2024-04-09,2000 UTC,1474.5,36.5,2024-04,2024,4,1486.5,30.025000000000002
2024-04-09,2100 UTC,677.9,35.4,2024-04,2024,4,1486.5,30.025000000000002
2024-04-09,2200 UTC,37.8,32.8,2024-04,2024,4,1486.5,30.025000000000002
2024-05-09,1000 UTC,6.5,20.4,2024-05,2024,5,1300.323076923077,29.900000000000002
2024-05-09,1100 UTC,363.5,24.8,2024-05,2024,5,1300.323076923077,29.900000000000002
2024-05-09,1200 UTC,944.9,31.3,2024-05,2024,5,1300.323076923077,29.900000000000002
2024-05-09,1300 UTC,758.6,34.1,2024-05,2024,5,1300.323076923077,29.900000000000002
2024-05-09,1400 UTC,2498.1,36.3,2024-05,2024,5,1300.323076923077,29.900000000000002
2024-05-09,1500 UTC,2872.0,38.1,2024-05,2024,5,1300.323076923077,29.900000000000002
2024-05-09,1600 UTC,2878.1,37.5,2024-05,2024,5,1300.323076923077,29.900000000000002
2024-05-09,1700 UTC,1956.7,36.7,2024-05,2024,5,1300.323076923077,29.900000000000002
2024-05-09,1800 UTC,1698.3,37.0,2024-05,2024,5,1300.323076923077,29.900000000000002
2024-05-09,1900 UTC,1452.1,37.2,2024-05,2024,5,1300.323076923077,29.900000000000002
2024-05-09,2000 UTC,1068.0,36.5,2024-05,2024,5,1300.323076923077,29.900000000000002
2024-05-09,2100 UTC,383.4,34.7,2024-05,2024,5,1300.323076923077,29.900000000000002
2024-05-09,2200 UTC,24.0,31.6,2024-05,2024,5,1300.323076923077,29.900000000000002
2024-06-09,1000 UTC,8.8,20.1,2024-06,2024,6,1448.430769230769,28.875
2024-06-09,1100 UTC,289.7,21.0,2024-06,2024,6,1448.430769230769,28.875
2024-06-09,1200 UTC,867.8,23.5,2024-06,2024,6,1448.430769230769,28.875
2024-06-09,1300 UTC,924.9,27.6,2024-06,2024,6,1448.430769230769,28.875
2024-06-09,1400 UTC,2180.9,31.4,2024-06,2024,6,1448.430769230769,28.875
2024-06-09,1500 UTC,2724.7,35.2,2024-06,2024,6,1448.430769230769,28.875
2024-06-09,1600 UTC,2768.3,36.6,2024-06,2024,6,1448.430769230769,28.875
2024-06-09,1700 UTC,2554.0,37.3,2024-06,2024,6,1448.430769230769,28.875
2024-06-09,1800 UTC,2530.2,37.6,2024-06,2024,6,1448.430769230769,28.875
2024-06-09,1900 UTC,2061.4,37.6,2024-06,2024,6,1448.430769230769,28.875
2024-06-09,2000 UTC,1359.6,36.7,2024-06,2024,6,1448.430769230769,28.875
2024-06-09,2100 UTC,511.4,35.3,2024-06,2024,6,1448.430769230769,28.875
2024-06-09,2200 UTC,47.9,32.8,2024-06,2024,6,1448.430769230769,28.875
2024-07-09,1000 UTC,4.1,20.7,2024-07,2024,7,1494.6846153846152,29.508333333333336
2024-07-09,1100 UTC,254.9,22.7,2024-07,2024,7,1494.6846153846152,29.508333333333336
2024-07-09,1200 UTC,805.1,25.2,2024-07,2024,7,1494.6846153846152,29.508333333333336
2024-07-09,1300 UTC,884.4,30.7,2024-07,2024,7,1494.6846153846152,29.508333333333336
2024-07-09,1400 UTC,2227.6,34.8,2024-07,2024,7,1494.6846153846152,29.508333333333336
2024-07-09,1500 UTC,2745.1,36.7,2024-07,2024,7,1494.6846153846152,29.508333333333336
2024-07-09,1600 UTC,2899.5,37.9,2024-07,2024,7,1494.6846153846152,29.508333333333336
2024-07-09,1700 UTC,2830.4,38.6,2024-07,2024,7,1494.6846153846152,29.508333333333336
2024-07-09,1800 UTC,2609.1,38.0,2024-07,2024,7,1494.6846153846152,29.508333333333336
2024-07-09,1900 UTC,2129.7,37.3,2024-07,2024,7,1494.6846153846152,29.508333333333336
2024-07-09,2000 UTC,1382.6,37.2,2024-07,2024,7,1494.6846153846152,29.508333333333336
2024-07-09,2100 UTC,619.7,35.5,2024-07,2024,7,1494.6846153846152,29.508333333333336
2024-07-09,2200 UTC,38.7,32.8,2024-07,2024,7,1494.6846153846152,29.508333333333336
2024-08-09,1000 UTC,8.1,21.5,2024-08,2024,8,1325.2384615384615,29.454166666666666
2024-08-09,1100 UTC,300.3,24.2,2024-08,2024,8,1325.2384615384615,29.454166666666666
2024-08-09,1200 UTC,832.1,27.4,2024-08,2024,8,1325.2384615384615,29.454166666666666
2024-08-09,1300 UTC,908.6,29.4,2024-08,2024,8,1325.2384615384615,29.454166666666666
2024-08-09,1400 UTC,2056.9,33.5,2024-08,2024,8,1325.2384615384615,29.454166666666666
2024-08-09,1500 UTC,2375.6,36.4,2024-08,2024,8,1325.2384615384615,29.454166666666666
2024-08-09,1600 UTC,2604.3,37.5,2024-08,2024,8,1325.2384615384615,29.454166666666666
2024-08-09,1700 UTC,2442.7,37.8,2024-08,2024,8,1325.2384615384615,29.454166666666666
2024-08-09,1800 UTC,2292.2,37.6,2024-08,2024,8,1325.2384615384615,29.454166666666666
2024-08-09,1900 UTC,1834.9,37.7,2024-08,2024,8,1325.2384615384615,29.454166666666666
2024-08-09,2000 UTC,1112.9,36.9,2024-08,2024,8,1325.2384615384615,29.454166666666666
2024-08-09,2100 UTC,425.7,35.1,2024-08,2024,8,1325.2384615384615,29.454166666666666
2024-08-09,2200 UTC,33.8,31.9,2024-08,2024,8,1325.2384615384615,29.454166666666666
2024-09-09,1000 UTC,8.0,21.6,2024-09,2024,9,1540.4076923076923,29.837500000000002
2024-09-09,1100 UTC,347.4,22.1,2024-09,2024,9,1540.4076923076923,29.837500000000002
2024-09-09,1200 UTC,914.5,27.2,2024-09,2024,9,1540.4076923076923,29.837500000000002
2024-09-09,1300 UTC,952.7,31.6,2024-09,2024,9,1540.4076923076923,29.837500000000002
2024-09-09,1400 UTC,2338.6,34.4,2024-09,2024,9,1540.4076923076923,29.837500000000002
2024-09-09,1500 UTC,2791.6,36.3,2024-09,2024,9,1540.4076923076923,29.837500000000002
2024-09-09,1600 UTC,2956.4,37.8,2024-09,2024,9,1540.4076923076923,29.837500000000002
2024-09-09,1700 UTC,2820.6,37.7,2024-09,2024,9,1540.4076923076923,29.837500000000002
2024-09-09,1800 UTC,2609.3,37.1,2024-09,2024,9,1540.4076923076923,29.837500000000002
2024-09-09,1900 UTC,2151.4,37.6,2024-09,2024,9,1540.4076923076923,29.837500000000002
2024-09-09,2000 UTC,1440.1,37.0,2024-09,2024,9,1540.4076923076923,29.837500000000002
2024-09-09,2100 UTC,655.0,35.7,2024-09,2024,9,1540.4076923076923,29.837500000000002
2024-09-09,2200 UTC,39.7,33.2,2024-09,2024,9,1540.4076923076923,29.837500000000002
2024-10-09,1000 UTC,9.0,22.3,2024-10,2024,10,1405.2923076923075,29.704166666666666
2024-10-09,1100 UTC,302.1,22.5,2024-10,2024,10,1405.2923076923075,29.704166666666666
2024-10-09,1200 UTC,815.2,26.9,2024-10,2024,10,1405.2923076923075,29.704166666666666
2024-10-09,1300 UTC,979.3,32.2,2024-10,2024,10,1405.2923076923075,29.704166666666666
2024-10-09,1400 UTC,2236.3,34.4,2024-10,2024,10,1405.2923076923075,29.704166666666666
2024-10-09,1500 UTC,2679.8,36.1,2024-10,2024,10,1405.2923076923075,29.704166666666666
2024-10-09,1600 UTC,2762.5,37.4,2024-10,2024,10,1405.2923076923075,29.704166666666666
2024-10-09,1700 UTC,2619.5,37.1,2024-10,2024,10,1405.2923076923075,29.704166666666666
2024-10-09,1800 UTC,2390.8,36.8,2024-10,2024,10,1405.2923076923075,29.704166666666666
2024-10-09,1900 UTC,1833.9,36.5,2024-10,2024,10,1405.2923076923075,29.704166666666666
2024-10-09,2000 UTC,1140.5,35.8,2024-10,2024,10,1405.2923076923075,29.704166666666666
2024-10-09,2100 UTC,467.0,34.3,2024-10,2024,10,1405.2923076923075,29.704166666666666
2024-10-09,2200 UTC,32.9,32.3,2024-10,2024,10,1405.2923076923075,29.704166666666666
2024-11-09,1000 UTC,9.0,22.6,2024-11,2024,11,1253.7153846153847,29.525000000000002
2024-11-09,1100 UTC,322.6,24.0,2024-11,2024,11,1253.7153846153847,29.525000000000002
2024-11-09,1200 UTC,806.0,27.0,2024-11,2024,11,1253.7153846153847,29.525000000000002
2024-11-09,1300 UTC,1054.0,32.2,2024-11,2024,11,1253.7153846153847,29.525000000000002
2024-11-09,1400 UTC,2104.3,34.1,2024-11,2024,11,1253.7153846153847,29.525000000000002
2024-11-09,1500 UTC,2438.2,35.3,2024-11,2024,11,1253.7153846153847,29.525000000000002
2024-11-09,1600 UTC,2558.0,36.5,2024-11,2024,11,1253.7153846153847,29.525000000000002
2024-11-09,1700 UTC,2442.7,36.3,2024-11,2024,11,1253.7153846153847,29.525000000000002
2024-11-09,1800 UTC,2243.2,37.6,2024-11,2024,11,1253.7153846153847,29.525000000000002
2024-11-09,1900 UTC,1229.0,36.0,2024-11,2024,11,1253.7153846153847,29.525000000000002
2024-11-09,2000 UTC,720.5,36.1,2024-11,2024,11,1253.7153846153847,29.525000000000002
2024-11-09,2100 UTC,349.5,34.1,2024-11,2024,11,1253.7153846153847,29.525000000000002
2024-11-09,2200 UTC,21.3,31.8,2024-11,2024,11,1253.7153846153847,29.525000000000002
2024-12-09,1000 UTC,7.1,22.8,2024-12,2024,12,1222.8153846153846,29.895833333333332
2024-12-09,1100 UTC,267.8,26.4,2024-12,2024,12,1222.8153846153846,29.895833333333332
2024-12-09,1200 UTC,753.9,27.6,2024-12,2024,12,1222.8153846153846,29.895833333333332
2024-12-09,1300 UTC,1055.4,32.0,2024-12,2024,12,1222.8153846153846,29.895833333333332
2024-12-09,1400 UTC,2082.9,33.6,2024-12,2024,12,1222.8153846153846,29.895833333333332
2024-12-09,1500 UTC,2393.0,35.0,2024-12,2024,12,1222.8153846153846,29.895833333333332
2024-12-09,1600 UTC,2545.8,35.7,2024-12,2024,12,1222.8153846153846,29.895833333333332
2024-12-09,1700 UTC,2394.6,36.6,2024-12,2024,12,1222.8153846153846,29.895833333333332
2024-12-09,1800 UTC,2151.3,37.1,2024-12,2024,12,1222.8153846153846,29.895833333333332
2024-12-09,1900 UTC,949.4,36.5,2024-12,2024,12,1222.8153846153846,29.895833333333332
2024-12-09,2000 UTC,785.5,36.5,2024-12,2024,12,1222.8153846153846,29.895833333333332
2024-12-09,2100 UTC,476.0,35.1,2024-12,2024,12,1222.8153846153846,29.895833333333332
2024-12-09,2200 UTC,33.9,33.2,2024-12,2024,12,1222.8153846153846,29.895833333333332
2024-01-10,1000 UTC,49.5,22.3,2024-01,2024,1,1703.2846153846153,28.45
2024-01-10,1100 UTC,479.5,23.8,2024-01,2024,1,1703.2846153846153,28.45
2024-01-10,1200 UTC,1155.3,26.1,2024-01,2024,1,1703.2846153846153,28.45
2024-01-10,1300 UTC,1951.3,28.5,2024-01,2024,1,1703.2846153846153,28.45
2024-01-10,1400 UTC,2586.5,30.5,2024-01,2024,1,1703.2846153846153,28.45
2024-01-10,1500 UTC,3011.7,33.0,2024-01,2024,1,1703.2846153846153,28.45
2024-01-10,1600 UTC,3152.9,34.0,2024-01,2024,1,1703.2846153846153,28.45
2024-01-10,1700 UTC,3020.2,35.5,2024-01,2024,1,1703.2846153846153,28.45
2024-01-10,1800 UTC,2684.0,35.8,2024-01,2024,1,1703.2846153846153,28.45
2024-01-10,1900 UTC,2113.8,35.8,2024-01,2024,1,1703.2846153846153,28.45
2024-01-10,2000 UTC,1353.0,35.8,2024-01,2024,1,1703.2846153846153,28.45
2024-01-10,2100 UTC,535.6,34.5,2024-01,2024,1,1703.2846153846153,28.45
2024-01-10,2200 UTC,49.4,33.3,2024-01,2024,1,1703.2846153846153,28.45
2024-02-10,1000 UTC,51.5,25.1,2024-02,2024,2,1494.923076923077,31.247826086956525
2024-02-10,1100 UTC,569.4,27.5,2024-02,2024,2,1494.923076923077,31.247826086956525
2024-02-10,1200 UTC,1334.4,29.5,2024-02,2024,2,1494.923076923077,31.247826086956525
2024-02-10,1300 UTC,2106.1,31.5,2024-02,2024,2,1494.923076923077,31.247826086956525
2024-02-10,1400 UTC,2665.3,33.7,2024-02,2024,2,1494.923076923077,31.247826086956525
2024-02-10,1500 UTC,3047.1,36.1,2024-02,2024,2,1494.923076923077,31.247826086956525
2024-02-10,1600 UTC,2257.1,35.3,2024-02,2024,2,1494.923076923077,31.247826086956525
2024-02-10,1700 UTC,2554.5,35.9,2024-02,2024,2,1494.923076923077,31.247826086956525
2024-02-10,1800 UTC,1380.2,36.6,2024-02,2024,2,1494.923076923077,31.247826086956525
2024-02-10,1900 UTC,1538.2,36.9,2024-02,2024,2,1494.923076923077,31.247826086956525
2024-02-10,2000 UTC,1383.8,37.1,2024-02,2024,2,1494.923076923077,31.247826086956525
2024-02-10,2100 UTC,481.1,35.5,2024-02,2024,2,1494.923076923077,31.247826086956525
2024-02-10,2200 UTC,65.3,34.4,2024-02,2024,2,1494.923076923077,31.247826086956525
2024-03-10,1000 UTC,8.4,27.1,2024-03,2024,3,1492.8000000000002,31.5125
2024-03-10,1100 UTC,202.7,27.6,2024-03,2024,3,1492.8000000000002,31.5125
2024-03-10,1200 UTC,639.2,28.9,2024-03,2024,3,1492.8000000000002,31.5125
2024-03-10,1300 UTC,1153.9,31.1,2024-03,2024,3,1492.8000000000002,31.5125
2024-03-10,1400 UTC,2657.6,34.4,2024-03,2024,3,1492.8000000000002,31.5125
2024-03-10,1500 UTC,2892.5,35.9,2024-03,2024,3,1492.8000000000002,31.5125
2024-03-10,1600 UTC,3218.3,36.6,2024-03,2024,3,1492.8000000000002,31.5125
2024-03-10,1700 UTC,2657.0,37.3,2024-03,2024,3,1492.8000000000002,31.5125
2024-03-10,1800 UTC,2132.9,37.4,2024-03,2024,3,1492.8000000000002,31.5125
2024-03-10,1900 UTC,2048.2,38.1,2024-03,2024,3,1492.8000000000002,31.5125
2024-03-10,2000 UTC,1401.7,37.6,2024-03,2024,3,1492.8000000000002,31.5125
2024-03-10,2100 UTC,362.2,35.9,2024-03,2024,3,1492.8000000000002,31.5125
2024-03-10,2200 UTC,31.8,33.5,2024-03,2024,3,1492.8000000000002,31.5125
2024-04-10,1000 UTC,38.7,24.6,2024-04,2024,4,1280.6692307692308,30.691666666666666
2024-04-10,1100 UTC,364.1,26.2,2024-04,2024,4,1280.6692307692308,30.691666666666666
2024-04-10,1200 UTC,1012.7,28.5,2024-04,2024,4,1280.6692307692308,30.691666666666666
2024-04-10,1300 UTC,1611.1,31.4,2024-04,2024,4,1280.6692307692308,30.691666666666666
2024-04-10,1400 UTC,2363.2,33.8,2024-04,2024,4,1280.6692307692308,30.691666666666666
2024-04-10,1500 UTC,2845.5,35.9,2024-04,2024,4,1280.6692307692308,30.691666666666666
2024-04-10,1600 UTC,2517.6,37.3,2024-04,2024,4,1280.6692307692308,30.691666666666666
2024-04-10,1700 UTC,1712.1,38.1,2024-04,2024,4,1280.6692307692308,30.691666666666666
2024-04-10,1800 UTC,1451.8,37.3,2024-04,2024,4,1280.6692307692308,30.691666666666666
2024-04-10,1900 UTC,1298.8,37.3,2024-04,2024,4,1280.6692307692308,30.691666666666666
2024-04-10,2000 UTC,991.2,37.4,2024-04,2024,4,1280.6692307692308,30.691666666666666
2024-04-10,2100 UTC,408.2,36.0,2024-04,2024,4,1280.6692307692308,30.691666666666666
2024-04-10,2200 UTC,33.7,32.7,2024-04,2024,4,1280.6692307692308,30.691666666666666
2024-05-10,1000 UTC,33.6,25.9,2024-05,2024,5,1592.7230769230769,31.5625
2024-05-10,1100 UTC,325.6,26.7,2024-05,2024,5,1592.7230769230769,31.5625
2024-05-10,1200 UTC,915.6,28.3,2024-05,2024,5,1592.7230769230769,31.5625
2024-05-10,1300 UTC,1710.2,31.3,2024-05,2024,5,1592.7230769230769,31.5625
2024-05-10,1400 UTC,2397.6,34.0,2024-05,2024,5,1592.7230769230769,31.5625
2024-05-10,1500 UTC,2542.8,35.8,2024-05,2024,5,1592.7230769230769,31.5625
2024-05-10,1600 UTC,3054.6,37.3,2024-05,2024,5,1592.7230769230769,31.5625
2024-05-10,1700 UTC,3002.1,37.2,2024-05,2024,5,1592.7230769230769,31.5625
2024-05-10,1800 UTC,2542.7,38.1,2024-05,2024,5,1592.7230769230769,31.5625
2024-05-10,1900 UTC,2117.1,37.9,2024-05,2024,5,1592.7230769230769,31.5625
2024-05-10,2000 UTC,1479.6,38.2,2024-05,2024,5,1592.7230769230769,31.5625
2024-05-10,2100 UTC,501.7,37.0,2024-05,2024,5,1592.7230769230769,31.5625
2024-05-10,2200 UTC,82.2,35.2,2024-05,2024,5,1592.7230769230769,31.5625
2024-06-10,1000 UTC,49.3,25.5,2024-06,2024,6,1576.3461538461538,31.429166666666664
2024-06-10,1100 UTC,515.4,28.6,2024-06,2024,6,1576.3461538461538,31.429166666666664
2024-06-10,1200 UTC,1199.3,30.2,2024-06,2024,6,1576.3461538461538,31.429166666666664
2024-06-10,1300 UTC,1818.5,32.1,2024-06,2024,6,1576.3461538461538,31.429166666666664
2024-06-10,1400 UTC,2326.0,35.0,2024-06,2024,6,1576.3461538461538,31.429166666666664
2024-06-10,1500 UTC,2975.6,36.0,2024-06,2024,6,1576.3461538461538,31.429166666666664
2024-06-10,1600 UTC,2778.7,37.8,2024-06,2024,6,1576.3461538461538,31.429166666666664
2024-06-10,1700 UTC,2983.3,38.6,2024-06,2024,6,1576.3461538461538,31.429166666666664
2024-06-10,1800 UTC,2674.8,39.4,2024-06,2024,6,1576.3461538461538,31.429166666666664
2024-06-10,1900 UTC,2085.2,38.5,2024-06,2024,6,1576.3461538461538,31.429166666666664
2024-06-10,2000 UTC,624.1,37.5,2024-06,2024,6,1576.3461538461538,31.429166666666664
2024-06-10,2100 UTC,444.5,35.8,2024-06,2024,6,1576.3461538461538,31.429166666666664
2024-06-10,2200 UTC,17.8,34.9,2024-06,2024,6,1576.3461538461538,31.429166666666664
2024-07-10,1000 UTC,40.2,23.3,2024-07,2024,7,1655.9076923076923,27.358333333333334
2024-07-10,1100 UTC,444.0,24.6,2024-07,2024,7,1655.9076923076923,27.358333333333334
2024-07-10,1200 UTC,946.0,25.3,2024-07,2024,7,1655.9076923076923,27.358333333333334
2024-07-10,1300 UTC,2044.0,27.1,2024-07,2024,7,1655.9076923076923,27.358333333333334
2024-07-10,1400 UTC,2657.2,28.0,2024-07,2024,7,1655.9076923076923,27.358333333333334
2024-07-10,1500 UTC,2986.9,30.4,2024-07,2024,7,1655.9076923076923,27.358333333333334
2024-07-10,1600 UTC,3097.8,32.5,2024-07,2024,7,1655.9076923076923,27.358333333333334
2024-07-10,1700 UTC,3136.3,32.2,2024-07,2024,7,1655.9076923076923,27.358333333333334
2024-07-10,1800 UTC,2554.4,34.4,2024-07,2024,7,1655.9076923076923,27.358333333333334
2024-07-10,1900 UTC,1849.9,34.4,2024-07,2024,7,1655.9076923076923,27.358333333333334
2024-07-10,2000 UTC,1220.0,34.0,2024-07,2024,7,1655.9076923076923,27.358333333333334
2024-07-10,2100 UTC,508.1,32.1,2024-07,2024,7,1655.9076923076923,27.358333333333334
2024-07-10,2200 UTC,42.0,30.9,2024-07,2024,7,1655.9076923076923,27.358333333333334
2024-08-10,1000 UTC,49.5,25.1,2024-08,2024,8,1733.9615384615386,30.286956521739132
2024-08-10,1100 UTC,371.6,26.0,2024-08,2024,8,1733.9615384615386,30.286956521739132
2024-08-10,1200 UTC,811.9,28.6,2024-08,2024,8,1733.9615384615386,30.286956521739132
2024-08-10,1300 UTC,1572.8,30.9,2024-08,2024,8,1733.9615384615386,30.286956521739132
2024-08-10,1400 UTC,2768.1,32.9,2024-08,2024,8,1733.9615384615386,30.286956521739132
2024-08-10,1500 UTC,3244.3,34.5,2024-08,2024,8,1733.9615384615386,30.286956521739132
2024-08-10,1600 UTC,3275.2,35.9,2024-08,2024,8,1733.9615384615386,30.286956521739132
2024-08-10,1700 UTC,3152.7,35.7,2024-08,2024,8,1733.9615384615386,30.286956521739132
2024-08-10,1800 UTC,2674.9,36.8,2024-08,2024,8,1733.9615384615386,30.286956521739132
2024-08-10,1900 UTC,2372.8,37.1,2024-08,2024,8,1733.9615384615386,30.286956521739132
2024-08-10,2000 UTC,1546.4,36.6,2024-08,2024,8,1733.9615384615386,30.286956521739132
2024-08-10,2100 UTC,647.0,35.1,2024-08,2024,8,1733.9615384615386,30.286956521739132
2024-08-10,2200 UTC,54.3,34.0,2024-08,2024,8,1733.9615384615386,30.286956521739132
2024-09-10,1000 UTC,71.3,26.2,2024-09,2024,9,1632.5923076923077,31.05
2024-09-10,1100 UTC,620.2,28.4,2024-09,2024,9,1632.5923076923077,31.05
2024-09-10,1200 UTC,1477.2,30.7,2024-09,2024,9,1632.5923076923077,31.05
2024-09-10,1300 UTC,2220.7,33.4,2024-09,2024,9,1632.5923076923077,31.05
2024-09-10,1400 UTC,2834.3,35.0,2024-09,2024,9,1632.5923076923077,31.05
2024-09-10,1500 UTC,2450.1,34.7,2024-09,2024,9,1632.5923076923077,31.05
2024-09-10,1600 UTC,2502.6,36.4,2024-09,2024,9,1632.5923076923077,31.05
2024-09-10,1700 UTC,2489.0,36.6,2024-09,2024,9,1632.5923076923077,31.05
2024-09-10,1800 UTC,2220.4,37.4,2024-09,2024,9,1632.5923076923077,31.05
2024-09-10,1900 UTC,2099.0,37.3,2024-09,2024,9,1632.5923076923077,31.05
2024-09-10,2000 UTC,1411.1,37.2,2024-09,2024,9,1632.5923076923077,31.05
2024-09-10,2100 UTC,706.9,32.5,2024-09,2024,9,1632.5923076923077,31.05
2024-09-10,2200 UTC,120.9,31.9,2024-09,2024,9,1632.5923076923077,31.05
2024-10-10,1000 UTC,40.7,27.3,2024-10,2024,10,1060.4692307692308,30.016666666666666
2024-10-10,1100 UTC,525.3,29.2,2024-10,2024,10,1060.4692307692308,30.016666666666666
2024-10-10,1200 UTC,1297.0,31.0,2024-10,2024,10,1060.4692307692308,30.016666666666666
2024-10-10,1300 UTC,2125.4,33.8,2024-10,2024,10,1060.4692307692308,30.016666666666666
2024-10-10,1400 UTC,2536.2,35.8,2024-10,2024,10,1060.4692307692308,30.016666666666666
2024-10-10,1500 UTC,1970.1,34.9,2024-10,2024,10,1060.4692307692308,30.016666666666666
2024-10-10,1600 UTC,1016.5,27.5,2024-10,2024,10,1060.4692307692308,30.016666666666666
2024-10-10,1700 UTC,1250.6,32.2,2024-10,2024,10,1060.4692307692308,30.016666666666666
2024-10-10,1800 UTC,1564.7,29.9,2024-10,2024,10,1060.4692307692308,30.016666666666666
2024-10-10,1900 UTC,943.2,29.2,2024-10,2024,10,1060.4692307692308,30.016666666666666
2024-10-10,2000 UTC,299.1,30.8,2024-10,2024,10,1060.4692307692308,30.016666666666666
2024-10-10,2100 UTC,204.9,29.9,2024-10,2024,10,1060.4692307692308,30.016666666666666
2024-10-10,2200 UTC,12.4,29.0,2024-10,2024,10,1060.4692307692308,30.016666666666666
2024-11-10,1000 UTC,83.4,24.4,2024-11,2024,11,1780.6076923076923,30.25833333333333
2024-11-10,1100 UTC,743.5,26.5,2024-11,2024,11,1780.6076923076923,30.25833333333333
2024-11-10,1200 UTC,1458.2,30.1,2024-11,2024,11,1780.6076923076923,30.25833333333333
2024-11-10,1300 UTC,2154.5,32.0,2024-11,2024,11,1780.6076923076923,30.25833333333333
2024-11-10,1400 UTC,2694.9,33.3,2024-11,2024,11,1780.6076923076923,30.25833333333333
2024-11-10,1500 UTC,2808.7,35.3,2024-11,2024,11,1780.6076923076923,30.25833333333333
2024-11-10,1600 UTC,3329.6,36.2,2024-11,2024,11,1780.6076923076923,30.25833333333333
2024-11-10,1700 UTC,2734.4,37.1,2024-11,2024,11,1780.6076923076923,30.25833333333333
2024-11-10,1800 UTC,2901.8,37.3,2024-11,2024,11,1780.6076923076923,30.25833333333333
2024-11-10,1900 UTC,2008.1,37.3,2024-11,2024,11,1780.6076923076923,30.25833333333333
2024-11-10,2000 UTC,1509.3,37.2,2024-11,2024,11,1780.6076923076923,30.25833333333333
2024-11-10,2100 UTC,650.5,35.9,2024-11,2024,11,1780.6076923076923,30.25833333333333
2024-11-10,2200 UTC,71.0,34.3,2024-11,2024,11,1780.6076923076923,30.25833333333333
2024-12-10,1000 UTC,61.1,25.4,2024-12,2024,12,1234.5692307692307,29.170833333333334
2024-12-10,1100 UTC,521.6,27.9,2024-12,2024,12,1234.5692307692307,29.170833333333334
2024-12-10,1200 UTC,1310.8,30.0,2024-12,2024,12,1234.5692307692307,29.170833333333334
2024-12-10,1300 UTC,1731.0,31.8,2024-12,2024,12,1234.5692307692307,29.170833333333334
2024-12-10,1400 UTC,2416.6,33.7,2024-12,2024,12,1234.5692307692307,29.170833333333334
2024-12-10,1500 UTC,2865.0,35.5,2024-12,2024,12,1234.5692307692307,29.170833333333334
2024-12-10,1600 UTC,2796.2,36.6,2024-12,2024,12,1234.5692307692307,29.170833333333334
2024-12-10,1700 UTC,2774.0,36.3,2024-12,2024,12,1234.5692307692307,29.170833333333334
2024-12-10,1800 UTC,1067.5,30.3,2024-12,2024,12,1234.5692307692307,29.170833333333334
2024-12-10,1900 UTC,305.2,28.5,2024-12,2024,12,1234.5692307692307,29.170833333333334
2024-12-10,2000 UTC,92.4,27.9,2024-12,2024,12,1234.5692307692307,29.170833333333334
2024-12-10,2100 UTC,98.5,27.1,2024-12,2024,12,1234.5692307692307,29.170833333333334
2024-12-10,2200 UTC,9.5,26.9,2024-12,2024,12,1234.5692307692307,29.170833333333334
2024-01-11,1000 UTC,33.1,22.7,2024-01,2024,1,533.876923076923,23.724999999999998
2024-01-11,1100 UTC,254.3,22.8,2024-01,2024,1,533.876923076923,23.724999999999998
2024-01-11,1200 UTC,328.3,23.4,2024-01,2024,1,533.876923076923,23.724999999999998
2024-01-11,1300 UTC,594.5,24.2,2024-01,2024,1,533.876923076923,23.724999999999998
2024-01-11,1400 UTC,646.9,24.1,2024-01,2024,1,533.876923076923,23.724999999999998
2024-01-11,1500 UTC,657.8,23.1,2024-01,2024,1,533.876923076923,23.724999999999998
2024-01-11,1600 UTC,638.8,23.3,2024-01,2024,1,533.876923076923,23.724999999999998
2024-01-11,1700 UTC,547.0,23.5,2024-01,2024,1,533.876923076923,23.724999999999998
2024-01-11,1800 UTC,951.1,24.4,2024-01,2024,1,533.876923076923,23.724999999999998
2024-01-11,1900 UTC,1264.9,25.2,2024-01,2024,1,533.876923076923,23.724999999999998
2024-01-11,2000 UTC,670.4,24.8,2024-01,2024,1,533.876923076923,23.724999999999998
2024-01-11,2100 UTC,316.0,24.8,2024-01,2024,1,533.876923076923,23.724999999999998
2024-01-11,2200 UTC,37.3,24.4,2024-01,2024,1,533.876923076923,23.724999999999998
2024-02-11,1000 UTC,79.5,23.2,2024-02,2024,2,669.7615384615384,24.2
2024-02-11,1100 UTC,210.2,23.5,2024-02,2024,2,669.7615384615384,24.2
2024-02-11,1200 UTC,354.2,24.4,2024-02,2024,2,669.7615384615384,24.2
2024-02-11,1300 UTC,705.5,25.4,2024-02,2024,2,669.7615384615384,24.2
2024-02-11,1400 UTC,1039.2,26.6,2024-02,2024,2,669.7615384615384,24.2
2024-02-11,1500 UTC,1323.7,27.4,2024-02,2024,2,669.7615384615384,24.2
2024-02-11,1600 UTC,2578.4,28.4,2024-02,2024,2,669.7615384615384,24.2
2024-02-11,1700 UTC,1232.2,28.2,2024-02,2024,2,669.7615384615384,24.2
2024-02-11,1800 UTC,307.8,22.8,2024-02,2024,2,669.7615384615384,24.2
2024-02-11,1900 UTC,197.9,23.0,2024-02,2024,2,669.7615384615384,24.2
2024-02-11,2000 UTC,426.9,23.4,2024-02,2024,2,669.7615384615384,24.2
2024-02-11,2100 UTC,197.4,23.3,2024-02,2024,2,669.7615384615384,24.2
2024-02-11,2200 UTC,54.0,23.2,2024-02,2024,2,669.7615384615384,24.2
2024-03-11,1000 UTC,79.6,22.1,2024-03,2024,3,1724.3307692307692,26.445833333333336
2024-03-11,1100 UTC,742.2,24.2,2024-03,2024,3,1724.3307692307692,26.445833333333336
2024-03-11,1200 UTC,1529.9,27.1,2024-03,2024,3,1724.3307692307692,26.445833333333336
2024-03-11,1300 UTC,2179.0,28.7,2024-03,2024,3,1724.3307692307692,26.445833333333336
2024-03-11,1400 UTC,2571.6,30.2,2024-03,2024,3,1724.3307692307692,26.445833333333336
2024-03-11,1500 UTC,2961.6,31.4,2024-03,2024,3,1724.3307692307692,26.445833333333336
2024-03-11,1600 UTC,2195.7,32.4,2024-03,2024,3,1724.3307692307692,26.445833333333336
2024-03-11,1700 UTC,2542.5,32.8,2024-03,2024,3,1724.3307692307692,26.445833333333336
2024-03-11,1800 UTC,3165.8,33.7,2024-03,2024,3,1724.3307692307692,26.445833333333336
2024-03-11,1900 UTC,2080.7,32.2,2024-03,2024,3,1724.3307692307692,26.445833333333336
2024-03-11,2000 UTC,1615.1,32.9,2024-03,2024,3,1724.3307692307692,26.445833333333336
2024-03-11,2100 UTC,685.1,29.6,2024-03,2024,3,1724.3307692307692,26.445833333333336
2024-03-11,2200 UTC,67.5,28.1,2024-03,2024,3,1724.3307692307692,26.445833333333336
2024-04-11,1000 UTC,74.6,23.6,2024-04,2024,4,1651.1230769230772,27.4875
2024-04-11,1100 UTC,568.1,24.8,2024-04,2024,4,1651.1230769230772,27.4875
2024-04-11,1200 UTC,1530.2,26.9,2024-04,2024,4,1651.1230769230772,27.4875
2024-04-11,1300 UTC,2243.3,28.6,2024-04,2024,4,1651.1230769230772,27.4875
2024-04-11,1400 UTC,2863.4,29.9,2024-04,2024,4,1651.1230769230772,27.4875
2024-04-11,1500 UTC,2867.6,31.3,2024-04,2024,4,1651.1230769230772,27.4875
2024-04-11,1600 UTC,2890.3,32.9,2024-04,2024,4,1651.1230769230772,27.4875
2024-04-11,1700 UTC,1938.7,32.5,2024-04,2024,4,1651.1230769230772,27.4875
2024-04-11,1800 UTC,2596.3,33.9,2024-04,2024,4,1651.1230769230772,27.4875
2024-04-11,1900 UTC,2093.7,33.0,2024-04,2024,4,1651.1230769230772,27.4875
2024-04-11,2000 UTC,957.5,32.7,2024-04,2024,4,1651.1230769230772,27.4875
2024-04-11,2100 UTC,724.0,31.2,2024-04,2024,4,1651.1230769230772,27.4875
2024-04-11,2200 UTC,116.9,25.6,2024-04,2024,4,1651.1230769230772,27.4875
2024-05-11,1000 UTC,16.0,22.2,2024-05,2024,5,1040.4384615384615,25.025000000000002
2024-05-11,1100 UTC,111.7,22.7,2024-05,2024,5,1040.4384615384615,25.025000000000002
2024-05-11,1200 UTC,265.2,23.2,2024-05,2024,5,1040.4384615384615,25.025000000000002
2024-05-11,1300 UTC,775.4,23.9,2024-05,2024,5,1040.4384615384615,25.025000000000002
2024-05-11,1400 UTC,1044.9,24.7,2024-05,2024,5,1040.4384615384615,25.025000000000002
2024-05-11,1500 UTC,2149.2,26.9,2024-05,2024,5,1040.4384615384615,25.025000000000002
2024-05-11,1600 UTC,2564.7,27.5,2024-05,2024,5,1040.4384615384615,25.025000000000002
2024-05-11,1700 UTC,2328.0,27.5,2024-05,2024,5,1040.4384615384615,25.025000000000002
2024-05-11,1800 UTC,1782.5,27.6,2024-05,2024,5,1040.4384615384615,25.025000000000002
2024-05-11,1900 UTC,1327.8,28.3,2024-05,2024,5,1040.4384615384615,25.025000000000002
2024-05-11,2000 UTC,769.4,28.2,2024-05,2024,5,1040.4384615384615,25.025000000000002
2024-05-11,2100 UTC,355.7,27.6,2024-05,2024,5,1040.4384615384615,25.025000000000002
2024-05-11,2200 UTC,35.2,26.8,2024-05,2024,5,1040.4384615384615,25.025000000000002
2024-06-11,1000 UTC,94.0,24.1,2024-06,2024,6,815.1923076923077,24.84583333333333
2024-06-11,1100 UTC,645.5,25.7,2024-06,2024,6,815.1923076923077,24.84583333333333
2024-06-11,1200 UTC,962.4,25.5,2024-06,2024,6,815.1923076923077,24.84583333333333
2024-06-11,1300 UTC,1301.2,27.1,2024-06,2024,6,815.1923076923077,24.84583333333333
2024-06-11,1400 UTC,1132.5,27.3,2024-06,2024,6,815.1923076923077,24.84583333333333
2024-06-11,1500 UTC,858.5,23.6,2024-06,2024,6,815.1923076923077,24.84583333333333
2024-06-11,1600 UTC,540.2,24.7,2024-06,2024,6,815.1923076923077,24.84583333333333
2024-06-11,1700 UTC,1737.4,26.3,2024-06,2024,6,815.1923076923077,24.84583333333333
2024-06-11,1800 UTC,1345.8,24.6,2024-06,2024,6,815.1923076923077,24.84583333333333
2024-06-11,1900 UTC,970.8,24.2,2024-06,2024,6,815.1923076923077,24.84583333333333
2024-06-11,2000 UTC,479.5,23.9,2024-06,2024,6,815.1923076923077,24.84583333333333
2024-06-11,2100 UTC,444.0,24.2,2024-06,2024,6,815.1923076923077,24.84583333333333
2024-06-11,2200 UTC,85.7,23.8,2024-06,2024,6,815.1923076923077,24.84583333333333
2024-07-11,1000 UTC,26.1,22.2,2024-07,2024,7,1078.1461538461538,24.620833333333334
2024-07-11,1100 UTC,115.8,22.2,2024-07,2024,7,1078.1461538461538,24.620833333333334
2024-07-11,1200 UTC,289.1,22.6,2024-07,2024,7,1078.1461538461538,24.620833333333334
2024-07-11,1300 UTC,425.6,23.1,2024-07,2024,7,1078.1461538461538,24.620833333333334
2024-07-11,1400 UTC,745.7,23.9,2024-07,2024,7,1078.1461538461538,24.620833333333334
2024-07-11,1500 UTC,1377.6,25.5,2024-07,2024,7,1078.1461538461538,24.620833333333334
2024-07-11,1600 UTC,2114.5,27.0,2024-07,2024,7,1078.1461538461538,24.620833333333334
2024-07-11,1700 UTC,2586.4,28.7,2024-07,2024,7,1078.1461538461538,24.620833333333334
2024-07-11,1800 UTC,2460.6,30.5,2024-07,2024,7,1078.1461538461538,24.620833333333334
2024-07-11,1900 UTC,1986.3,30.9,2024-07,2024,7,1078.1461538461538,24.620833333333334
2024-07-11,2000 UTC,1499.6,30.5,2024-07,2024,7,1078.1461538461538,24.620833333333334
2024-07-11,2100 UTC,382.7,25.9,2024-07,2024,7,1078.1461538461538,24.620833333333334
2024-07-11,2200 UTC,5.9,23.7,2024-07,2024,7,1078.1461538461538,24.620833333333334
2024-08-11,0100 UTC,0.4,24.0,2024-08,2024,8,1168.72,25.866666666666664
2024-08-11,0200 UTC,1.4,23.8,2024-08,2024,8,1168.72,25.866666666666664
2024-08-11,1000 UTC,34.4,22.9,2024-08,2024,8,1168.72,25.866666666666664
2024-08-11,1100 UTC,194.5,23.2,2024-08,2024,8,1168.72,25.866666666666664
2024-08-11,1200 UTC,539.1,24.0,2024-08,2024,8,1168.72,25.866666666666664
2024-08-11,1300 UTC,856.0,25.0,2024-08,2024,8,1168.72,25.866666666666664
2024-08-11,1400 UTC,1224.4,25.9,2024-08,2024,8,1168.72,25.866666666666664
2024-08-11,1500 UTC,1651.2,26.9,2024-08,2024,8,1168.72,25.866666666666664
2024-08-11,1600 UTC,3098.4,29.3,2024-08,2024,8,1168.72,25.866666666666664
2024-08-11,1700 UTC,3418.6,31.0,2024-08,2024,8,1168.72,25.866666666666664
2024-08-11,1800 UTC,2712.7,32.0,2024-08,2024,8,1168.72,25.866666666666664
2024-08-11,1900 UTC,1965.1,31.4,2024-08,2024,8,1168.72,25.866666666666664
2024-08-11,2000 UTC,1589.6,31.4,2024-08,2024,8,1168.72,25.866666666666664
2024-08-11,2100 UTC,204.1,30.0,2024-08,2024,8,1168.72,25.866666666666664
2024-08-11,2200 UTC,40.9,28.2,2024-08,2024,8,1168.72,25.866666666666664
2024-09-11,1000 UTC,41.7,22.1,2024-09,2024,9,1426.1,25.3625
2024-09-11,1100 UTC,314.8,22.7,2024-09,2024,9,1426.1,25.3625
2024-09-11,1200 UTC,1093.9,24.8,2024-09,2024,9,1426.1,25.3625
2024-09-11,1300 UTC,1875.5,26.5,2024-09,2024,9,1426.1,25.3625
2024-09-11,1400 UTC,2584.7,28.1,2024-09,2024,9,1426.1,25.3625
2024-09-11,1500 UTC,2175.4,28.8,2024-09,2024,9,1426.1,25.3625
2024-09-11,1600 UTC,3330.4,30.3,2024-09,2024,9,1426.1,25.3625
2024-09-11,1700 UTC,2484.6,30.6,2024-09,2024,9,1426.1,25.3625
2024-09-11,1800 UTC,2486.4,30.4,2024-09,2024,9,1426.1,25.3625
2024-09-11,1900 UTC,845.8,29.4,2024-09,2024,9,1426.1,25.3625
2024-09-11,2000 UTC,295.2,27.0,2024-09,2024,9,1426.1,25.3625
2024-09-11,2100 UTC,797.2,28.0,2024-09,2024,9,1426.1,25.3625
2024-09-11,2200 UTC,213.7,26.3,2024-09,2024,9,1426.1,25.3625
2024-10-11,1000 UTC,85.3,23.6,2024-10,2024,10,1002.9846153846155,24.8875
2024-10-11,1100 UTC,449.0,25.0,2024-10,2024,10,1002.9846153846155,24.8875
2024-10-11,1200 UTC,904.0,26.7,2024-10,2024,10,1002.9846153846155,24.8875
2024-10-11,1300 UTC,1182.9,27.6,2024-10,2024,10,1002.9846153846155,24.8875
2024-10-11,1400 UTC,2167.1,29.4,2024-10,2024,10,1002.9846153846155,24.8875
2024-10-11,1500 UTC,2312.0,30.8,2024-10,2024,10,1002.9846153846155,24.8875
2024-10-11,1600 UTC,2760.3,27.9,2024-10,2024,10,1002.9846153846155,24.8875
2024-10-11,1700 UTC,399.8,25.1,2024-10,2024,10,1002.9846153846155,24.8875
2024-10-11,1800 UTC,606.0,26.0,2024-10,2024,10,1002.9846153846155,24.8875
2024-10-11,1900 UTC,1483.9,28.9,2024-10,2024,10,1002.9846153846155,24.8875
2024-10-11,2000 UTC,514.9,23.2,2024-10,2024,10,1002.9846153846155,24.8875
2024-10-11,2100 UTC,158.1,23.0,2024-10,2024,10,1002.9846153846155,24.8875
2024-10-11,2200 UTC,15.5,23.4,2024-10,2024,10,1002.9846153846155,24.8875
2024-11-11,1000 UTC,43.7,22.6,2024-11,2024,11,1439.4692307692308,25.379166666666666
2024-11-11,1100 UTC,286.6,23.3,2024-11,2024,11,1439.4692307692308,25.379166666666666
2024-11-11,1200 UTC,734.2,24.4,2024-11,2024,11,1439.4692307692308,25.379166666666666
2024-11-11,1300 UTC,1536.1,25.7,2024-11,2024,11,1439.4692307692308,25.379166666666666
2024-11-11,1400 UTC,1931.5,27.6,2024-11,2024,11,1439.4692307692308,25.379166666666666
2024-11-11,1500 UTC,2921.4,29.3,2024-11,2024,11,1439.4692307692308,25.379166666666666
2024-11-11,1600 UTC,2993.2,30.5,2024-11,2024,11,1439.4692307692308,25.379166666666666
2024-11-11,1700 UTC,2212.9,29.0,2024-11,2024,11,1439.4692307692308,25.379166666666666
2024-11-11,1800 UTC,2017.4,29.3,2024-11,2024,11,1439.4692307692308,25.379166666666666
2024-11-11,1900 UTC,2220.4,29.6,2024-11,2024,11,1439.4692307692308,25.379166666666666
2024-11-11,2000 UTC,882.4,28.6,2024-11,2024,11,1439.4692307692308,25.379166666666666
2024-11-11,2100 UTC,768.3,28.2,2024-11,2024,11,1439.4692307692308,25.379166666666666
2024-11-11,2200 UTC,165.0,25.8,2024-11,2024,11,1439.4692307692308,25.379166666666666
2024-12-11,1000 UTC,61.6,23.7,2024-12,2024,12,1234.8615384615384,25.425
2024-12-11,1100 UTC,359.6,24.2,2024-12,2024,12,1234.8615384615384,25.425
2024-12-11,1200 UTC,1266.5,26.8,2024-12,2024,12,1234.8615384615384,25.425
2024-12-11,1300 UTC,1971.9,27.4,2024-12,2024,12,1234.8615384615384,25.425
2024-12-11,1400 UTC,1317.8,29.4,2024-12,2024,12,1234.8615384615384,25.425
2024-12-11,1500 UTC,2238.6,30.4,2024-12,2024,12,1234.8615384615384,25.425
2024-12-11,1600 UTC,3229.1,31.8,2024-12,2024,12,1234.8615384615384,25.425
2024-12-11,1700 UTC,2334.8,28.8,2024-12,2024,12,1234.8615384615384,25.425
2024-12-11,1800 UTC,745.6,24.7,2024-12,2024,12,1234.8615384615384,25.425
2024-12-11,1900 UTC,861.3,26.5,2024-12,2024,12,1234.8615384615384,25.425
2024-12-11,2000 UTC,1237.2,26.6,2024-12,2024,12,1234.8615384615384,25.425
2024-12-11,2100 UTC,369.7,26.3,2024-12,2024,12,1234.8615384615384,25.425
2024-12-11,2200 UTC,59.5,26.1,2024-12,2024,12,1234.8615384615384,25.425
2024-01-12,0800 UTC,0.1,23.4,2024-01,2024,1,1329.7071428571428,25.504166666666666
2024-01-12,1000 UTC,93.7,23.6,2024-01,2024,1,1329.7071428571428,25.504166666666666
2024-01-12,1100 UTC,753.7,25.0,2024-01,2024,1,1329.7071428571428,25.504166666666666
2024-01-12,1200 UTC,1350.7,25.3,2024-01,2024,1,1329.7071428571428,25.504166666666666
2024-01-12,1300 UTC,1824.6,26.7,2024-01,2024,1,1329.7071428571428,25.504166666666666
2024-01-12,1400 UTC,1301.3,27.8,2024-01,2024,1,1329.7071428571428,25.504166666666666
2024-01-12,1500 UTC,1388.2,28.3,2024-01,2024,1,1329.7071428571428,25.504166666666666
2024-01-12,1600 UTC,2133.6,29.5,2024-01,2024,1,1329.7071428571428,25.504166666666666
2024-01-12,1700 UTC,3154.7,30.6,2024-01,2024,1,1329.7071428571428,25.504166666666666
2024-01-12,1800 UTC,2860.6,30.6,2024-01,2024,1,1329.7071428571428,25.504166666666666
2024-01-12,1900 UTC,1437.1,30.3,2024-01,2024,1,1329.7071428571428,25.504166666666666
2024-01-12,2000 UTC,1233.3,23.4,2024-01,2024,1,1329.7071428571428,25.504166666666666
2024-01-12,2100 UTC,704.2,24.9,2024-01,2024,1,1329.7071428571428,25.504166666666666
2024-01-12,2200 UTC,380.1,24.9,2024-01,2024,1,1329.7071428571428,25.504166666666666
2024-02-12,1000 UTC,81.7,23.4,2024-02,2024,2,1283.4076923076923,25.691666666666666
2024-02-12,1100 UTC,437.7,24.3,2024-02,2024,2,1283.4076923076923,25.691666666666666
2024-02-12,1200 UTC,1033.2,25.7,2024-02,2024,2,1283.4076923076923,25.691666666666666
2024-02-12,1300 UTC,1572.2,26.9,2024-02,2024,2,1283.4076923076923,25.691666666666666
2024-02-12,1400 UTC,1790.4,27.9,2024-02,2024,2,1283.4076923076923,25.691666666666666
2024-02-12,1500 UTC,1722.9,29.1,2024-02,2024,2,1283.4076923076923,25.691666666666666
2024-02-12,1600 UTC,1895.2,30.1,2024-02,2024,2,1283.4076923076923,25.691666666666666
2024-02-12,1700 UTC,2870.5,30.4,2024-02,2024,2,1283.4076923076923,25.691666666666666
2024-02-12,1800 UTC,2282.3,31.3,2024-02,2024,2,1283.4076923076923,25.691666666666666
2024-02-12,1900 UTC,1890.3,30.9,2024-02,2024,2,1283.4076923076923,25.691666666666666
2024-02-12,2000 UTC,929.2,26.1,2024-02,2024,2,1283.4076923076923,25.691666666666666
2024-02-12,2100 UTC,138.3,24.2,2024-02,2024,2,1283.4076923076923,25.691666666666666
2024-02-12,2200 UTC,40.4,23.6,2024-02,2024,2,1283.4076923076923,25.691666666666666
2024-03-12,0000 UTC,1.5,24.1,2024-03,2024,3,812.33125,24.59583333333333
2024-03-12,0100 UTC,1.0,24.0,2024-03,2024,3,812.33125,24.59583333333333
2024-03-12,0500 UTC,0.5,23.9,2024-03,2024,3,812.33125,24.59583333333333
2024-03-12,1000 UTC,16.8,22.4,2024-03,2024,3,812.33125,24.59583333333333
2024-03-12,1100 UTC,44.1,22.2,2024-03,2024,3,812.33125,24.59583333333333
2024-03-12,1200 UTC,211.8,22.3,2024-03,2024,3,812.33125,24.59583333333333
2024-03-12,1300 UTC,346.0,22.5,2024-03,2024,3,812.33125,24.59583333333333
2024-03-12,1400 UTC,395.9,22.5,2024-03,2024,3,812.33125,24.59583333333333
2024-03-12,1500 UTC,814.4,23.1,2024-03,2024,3,812.33125,24.59583333333333
2024-03-12,1600 UTC,1244.1,24.0,2024-03,2024,3,812.33125,24.59583333333333
2024-03-12,1700 UTC,2179.4,26.2,2024-03,2024,3,812.33125,24.59583333333333
2024-03-12,1800 UTC,2791.2,28.2,2024-03,2024,3,812.33125,24.59583333333333
2024-03-12,1900 UTC,2421.9,29.4,2024-03,2024,3,812.33125,24.59583333333333
2024-03-12,2000 UTC,1664.3,29.3,2024-03,2024,3,812.33125,24.59583333333333
2024-03-12,2100 UTC,775.9,28.9,2024-03,2024,3,812.33125,24.59583333333333
2024-03-12,2200 UTC,88.5,27.5,2024-03,2024,3,812.33125,24.59583333333333
2024-04-12,1000 UTC,37.8,22.2,2024-04,2024,4,1393.723076923077,25.745833333333334
2024-04-12,1100 UTC,389.8,22.8,2024-04,2024,4,1393.723076923077,25.745833333333334
2024-04-12,1200 UTC,955.8,24.4,2024-04,2024,4,1393.723076923077,25.745833333333334
2024-04-12,1300 UTC,1528.3,25.7,2024-04,2024,4,1393.723076923077,25.745833333333334
2024-04-12,1400 UTC,1616.3,26.4,2024-04,2024,4,1393.723076923077,25.745833333333334
2024-04-12,1500 UTC,2193.3,27.4,2024-04,2024,4,1393.723076923077,25.745833333333334
2024-04-12,1600 UTC,2720.3,28.9,2024-04,2024,4,1393.723076923077,25.745833333333334
2024-04-12,1700 UTC,1930.4,29.1,2024-04,2024,4,1393.723076923077,25.745833333333334
2024-04-12,1800 UTC,1784.7,30.3,2024-04,2024,4,1393.723076923077,25.745833333333334
2024-04-12,1900 UTC,2059.6,29.6,2024-04,2024,4,1393.723076923077,25.745833333333334
2024-04-12,2000 UTC,1925.7,30.0,2024-04,2024,4,1393.723076923077,25.745833333333334
2024-04-12,2100 UTC,901.9,29.0,2024-04,2024,4,1393.723076923077,25.745833333333334
2024-04-12,2200 UTC,74.5,28.2,2024-04,2024,4,1393.723076923077,25.745833333333334
2024-05-12,1000 UTC,13.6,22.1,2024-05,2024,5,696.9230769230769,24.6375
2024-05-12,1100 UTC,70.6,22.5,2024-05,2024,5,696.9230769230769,24.6375
2024-05-12,1200 UTC,159.0,22.8,2024-05,2024,5,696.9230769230769,24.6375
2024-05-12,1300 UTC,551.0,23.5,2024-05,2024,5,696.9230769230769,24.6375
2024-05-12,1400 UTC,825.8,24.1,2024-05,2024,5,696.9230769230769,24.6375
2024-05-12,1500 UTC,1208.1,25.3,2024-05,2024,5,696.9230769230769,24.6375
2024-05-12,1600 UTC,1314.0,25.9,2024-05,2024,5,696.9230769230769,24.6375
2024-05-12,1700 UTC,1386.4,26.0,2024-05,2024,5,696.9230769230769,24.6375
2024-05-12,1800 UTC,991.0,25.9,2024-05,2024,5,696.9230769230769,24.6375
2024-05-12,1900 UTC,907.0,26.4,2024-05,2024,5,696.9230769230769,24.6375
2024-05-12,2000 UTC,1087.8,26.8,2024-05,2024,5,696.9230769230769,24.6375
2024-05-12,2100 UTC,416.3,26.4,2024-05,2024,5,696.9230769230769,24.6375
2024-05-12,2200 UTC,129.4,25.0,2024-05,2024,5,696.9230769230769,24.6375
2024-06-12,1000 UTC,102.8,23.5,2024-06,2024,6,1715.1230769230767,26.09166666666667
2024-06-12,1100 UTC,730.0,25.5,2024-06,2024,6,1715.1230769230767,26.09166666666667
2024-06-12,1200 UTC,1742.7,26.9,2024-06,2024,6,1715.1230769230767,26.09166666666667
2024-06-12,1300 UTC,2217.8,28.1,2024-06,2024,6,1715.1230769230767,26.09166666666667
2024-06-12,1400 UTC,2266.5,28.6,2024-06,2024,6,1715.1230769230767,26.09166666666667
2024-06-12,1500 UTC,2426.3,28.9,2024-06,2024,6,1715.1230769230767,26.09166666666667
2024-06-12,1600 UTC,2391.2,28.9,2024-06,2024,6,1715.1230769230767,26.09166666666667
2024-06-12,1700 UTC,3379.6,31.0,2024-06,2024,6,1715.1230769230767,26.09166666666667
2024-06-12,1800 UTC,2353.6,30.4,2024-06,2024,6,1715.1230769230767,26.09166666666667
2024-06-12,1900 UTC,2497.4,30.7,2024-06,2024,6,1715.1230769230767,26.09166666666667
2024-06-12,2000 UTC,1571.1,30.3,2024-06,2024,6,1715.1230769230767,26.09166666666667
2024-06-12,2100 UTC,528.7,29.4,2024-06,2024,6,1715.1230769230767,26.09166666666667
2024-06-12,2200 UTC,88.9,27.0,2024-06,2024,6,1715.1230769230767,26.09166666666667
2024-07-12,1000 UTC,178.8,24.0,2024-07,2024,7,1862.930769230769,26.391666666666666
2024-07-12,1100 UTC,1057.8,25.4,2024-07,2024,7,1862.930769230769,26.391666666666666
2024-07-12,1200 UTC,1654.2,26.5,2024-07,2024,7,1862.930769230769,26.391666666666666
2024-07-12,1300 UTC,2417.8,27.2,2024-07,2024,7,1862.930769230769,26.391666666666666
2024-07-12,1400 UTC,2889.9,28.6,2024-07,2024,7,1862.930769230769,26.391666666666666
2024-07-12,1500 UTC,2980.0,29.0,2024-07,2024,7,1862.930769230769,26.391666666666666
2024-07-12,1600 UTC,2851.0,30.5,2024-07,2024,7,1862.930769230769,26.391666666666666
2024-07-12,1700 UTC,3217.4,31.0,2024-07,2024,7,1862.930769230769,26.391666666666666
2024-07-12,1800 UTC,2599.7,31.1,2024-07,2024,7,1862.930769230769,26.391666666666666
2024-07-12,1900 UTC,2298.7,31.0,2024-07,2024,7,1862.930769230769,26.391666666666666
2024-07-12,2000 UTC,1335.1,30.6,2024-07,2024,7,1862.930769230769,26.391666666666666
2024-07-12,2100 UTC,660.2,30.1,2024-07,2024,7,1862.930769230769,26.391666666666666
2024-07-12,2200 UTC,77.5,29.2,2024-07,2024,7,1862.930769230769,26.391666666666666
2024-08-12,1000 UTC,169.4,25.4,2024-08,2024,8,1696.125,27.327272727272728
2024-08-12,1100 UTC,863.2,25.3,2024-08,2024,8,1696.125,27.327272727272728
2024-08-12,1200 UTC,1680.3,28.5,2024-08,2024,8,1696.125,27.327272727272728
2024-08-12,1300 UTC,2334.4,29.9,2024-08,2024,8,1696.125,27.327272727272728
2024-08-12,1400 UTC,2853.8,30.6,2024-08,2024,8,1696.125,27.327272727272728
2024-08-12,1500 UTC,3003.2,32.0,2024-08,2024,8,1696.125,27.327272727272728
2024-08-12,1600 UTC,2673.2,31.0,2024-08,2024,8,1696.125,27.327272727272728
2024-08-12,1700 UTC,2518.5,32.1,2024-08,2024,8,1696.125,27.327272727272728
2024-08-12,1800 UTC,1986.1,31.8,2024-08,2024,8,1696.125,27.327272727272728
2024-08-12,1900 UTC,1938.8,32.4,2024-08,2024,8,1696.125,27.327272727272728
2024-08-12,2100 UTC,204.0,27.0,2024-08,2024,8,1696.125,27.327272727272728
2024-08-12,2200 UTC,128.6,26.0,2024-08,2024,8,1696.125,27.327272727272728
2024-09-12,1000 UTC,156.3,23.6,2024-09,2024,9,1737.7076923076925,27.0
2024-09-12,1100 UTC,894.0,25.6,2024-09,2024,9,1737.7076923076925,27.0
2024-09-12,1200 UTC,1645.4,26.7,2024-09,2024,9,1737.7076923076925,27.0
2024-09-12,1300 UTC,2294.0,28.3,2024-09,2024,9,1737.7076923076925,27.0
2024-09-12,1400 UTC,2919.3,29.8,2024-09,2024,9,1737.7076923076925,27.0
2024-09-12,1500 UTC,3229.9,30.9,2024-09,2024,9,1737.7076923076925,27.0
2024-09-12,1600 UTC,3543.0,31.3,2024-09,2024,9,1737.7076923076925,27.0
2024-09-12,1700 UTC,2958.8,31.3,2024-09,2024,9,1737.7076923076925,27.0
2024-09-12,1800 UTC,2250.7,32.0,2024-09,2024,9,1737.7076923076925,27.0
2024-09-12,1900 UTC,906.3,31.1,2024-09,2024,9,1737.7076923076925,27.0
2024-09-12,2000 UTC,1037.6,31.9,2024-09,2024,9,1737.7076923076925,27.0
2024-09-12,2100 UTC,626.7,31.1,2024-09,2024,9,1737.7076923076925,27.0
2024-09-12,2200 UTC,128.2,30.3,2024-09,2024,9,1737.7076923076925,27.0
2024-10-12,1000 UTC,139.9,24.2,2024-10,2024,10,1318.5846153846153,26.795833333333334
2024-10-12,1100 UTC,725.3,25.8,2024-10,2024,10,1318.5846153846153,26.795833333333334
2024-10-12,1200 UTC,1474.1,27.9,2024-10,2024,10,1318.5846153846153,26.795833333333334
2024-10-12,1300 UTC,2355.0,29.4,2024-10,2024,10,1318.5846153846153,26.795833333333334
2024-10-12,1400 UTC,2839.4,30.3,2024-10,2024,10,1318.5846153846153,26.795833333333334
2024-10-12,1500 UTC,1667.8,30.2,2024-10,2024,10,1318.5846153846153,26.795833333333334
2024-10-12,1600 UTC,1990.1,25.6,2024-10,2024,10,1318.5846153846153,26.795833333333334
2024-10-12,1700 UTC,762.9,24.3,2024-10,2024,10,1318.5846153846153,26.795833333333334
2024-10-12,1800 UTC,1058.8,26.8,2024-10,2024,10,1318.5846153846153,26.795833333333334
2024-10-12,1900 UTC,1629.4,29.4,2024-10,2024,10,1318.5846153846153,26.795833333333334
2024-10-12,2000 UTC,1722.0,32.1,2024-10,2024,10,1318.5846153846153,26.795833333333334
2024-10-12,2100 UTC,692.8,30.0,2024-10,2024,10,1318.5846153846153,26.795833333333334
2024-10-12,2200 UTC,84.1,28.3,2024-10,2024,10,1318.5846153846153,26.795833333333334
2024-11-12,1000 UTC,95.9,24.3,2024-11,2024,11,1462.223076923077,26.162499999999998
2024-11-12,1100 UTC,518.8,25.3,2024-11,2024,11,1462.223076923077,26.162499999999998
2024-11-12,1200 UTC,1178.0,27.2,2024-11,2024,11,1462.223076923077,26.162499999999998
2024-11-12,1300 UTC,2010.0,28.5,2024-11,2024,11,1462.223076923077,26.162499999999998
2024-11-12,1400 UTC,2070.4,28.6,2024-11,2024,11,1462.223076923077,26.162499999999998
2024-11-12,1500 UTC,691.3,28.4,2024-11,2024,11,1462.223076923077,26.162499999999998
2024-11-12,1600 UTC,2664.9,29.4,2024-11,2024,11,1462.223076923077,26.162499999999998
2024-11-12,1700 UTC,2547.0,29.7,2024-11,2024,11,1462.223076923077,26.162499999999998
2024-11-12,1800 UTC,2384.1,30.4,2024-11,2024,11,1462.223076923077,26.162499999999998
2024-11-12,1900 UTC,2355.0,30.5,2024-11,2024,11,1462.223076923077,26.162499999999998
2024-11-12,2000 UTC,2193.6,26.0,2024-11,2024,11,1462.223076923077,26.162499999999998
2024-11-12,2100 UTC,199.5,25.0,2024-11,2024,11,1462.223076923077,26.162499999999998
2024-11-12,2200 UTC,100.4,26.1,2024-11,2024,11,1462.223076923077,26.162499999999998
2024-12-12,1000 UTC,118.9,23.4,2024-12,2024,12,1876.5230769230768,27.02173913043478
2024-12-12,1100 UTC,884.4,25.4,2024-12,2024,12,1876.5230769230768,27.02173913043478
2024-12-12,1200 UTC,1627.1,27.1,2024-12,2024,12,1876.5230769230768,27.02173913043478
2024-12-12,1300 UTC,2302.5,28.4,2024-12,2024,12,1876.5230769230768,27.02173913043478
2024-12-12,1400 UTC,2156.4,29.0,2024-12,2024,12,1876.5230769230768,27.02173913043478
2024-12-12,1500 UTC,3043.8,30.2,2024-12,2024,12,1876.5230769230768,27.02173913043478
2024-12-12,1600 UTC,3292.6,31.0,2024-12,2024,12,1876.5230769230768,27.02173913043478
2024-12-12,1700 UTC,3095.5,31.3,2024-12,2024,12,1876.5230769230768,27.02173913043478
2024-12-12,1800 UTC,2686.2,31.4,2024-12,2024,12,1876.5230769230768,27.02173913043478
2024-12-12,1900 UTC,2452.8,31.8,2024-12,2024,12,1876.5230769230768,27.02173913043478
2024-12-12,2000 UTC,1734.4,32.4,2024-12,2024,12,1876.5230769230768,27.02173913043478
2024-12-12,2100 UTC,853.8,30.4,2024-12,2024,12,1876.5230769230768,27.02173913043478
2024-12-12,2200 UTC,146.4,29.6,2024-12,2024,12,1876.5230769230768,27.02173913043478
2025-01-01,1000 UTC,53.4,23.7,2025-01,2025,1,1004.1538461538462,25.808695652173913
2025-01-01,1100 UTC,615.3,24.3,2025-01,2025,1,1004.1538461538462,25.808695652173913
2025-01-01,1200 UTC,1050.0,24.9,2025-01,2025,1,1004.1538461538462,25.808695652173913
2025-01-01,1300 UTC,1005.8,26.4,2025-01,2025,1,1004.1538461538462,25.808695652173913
2025-01-01,1400 UTC,2547.0,28.9,2025-01,2025,1,1004.1538461538462,25.808695652173913
2025-01-01,1500 UTC,3235.8,29.4,2025-01,2025,1,1004.1538461538462,25.808695652173913
2025-01-01,1600 UTC,2399.2,31.0,2025-01,2025,1,1004.1538461538462,25.808695652173913
2025-01-01,1700 UTC,1469.8,29.7,2025-01,2025,1,1004.1538461538462,25.808695652173913
2025-01-01,1900 UTC,156.5,23.3,2025-01,2025,1,1004.1538461538462,25.808695652173913
2025-01-01,2000 UTC,169.6,24.2,2025-01,2025,1,1004.1538461538462,25.808695652173913
2025-01-01,2100 UTC,213.3,24.5,2025-01,2025,1,1004.1538461538462,25.808695652173913
2025-01-01,2200 UTC,137.1,24.5,2025-01,2025,1,1004.1538461538462,25.808695652173913
2025-01-01,2300 UTC,1.2,24.1,2025-01,2025,1,1004.1538461538462,25.808695652173913
2025-02-01,1000 UTC,24.1,23.3,2025-02,2025,2,708.0384615384615,23.8
2025-02-01,1100 UTC,256.8,24.0,2025-02,2025,2,708.0384615384615,23.8
2025-02-01,1200 UTC,305.0,23.8,2025-02,2025,2,708.0384615384615,23.8
2025-02-01,1300 UTC,577.9,24.0,2025-02,2025,2,708.0384615384615,23.8
2025-02-01,1400 UTC,612.7,21.6,2025-02,2025,2,708.0384615384615,23.8
2025-02-01,1500 UTC,721.4,22.1,2025-02,2025,2,708.0384615384615,23.8
2025-02-01,1600 UTC,742.2,22.4,2025-02,2025,2,708.0384615384615,23.8
2025-02-01,1700 UTC,1012.0,22.7,2025-02,2025,2,708.0384615384615,23.8
2025-02-01,1800 UTC,1251.0,24.1,2025-02,2025,2,708.0384615384615,23.8
2025-02-01,1900 UTC,2023.5,26.1,2025-02,2025,2,708.0384615384615,23.8
2025-02-01,2000 UTC,1019.6,26.4,2025-02,2025,2,708.0384615384615,23.8
2025-02-01,2100 UTC,505.3,25.8,2025-02,2025,2,708.0384615384615,23.8
2025-02-01,2200 UTC,153.0,25.1,2025-02,2025,2,708.0384615384615,23.8
2025-03-01,1000 UTC,31.4,22.3,2025-03,2025,3,1238.7857142857142,25.616666666666664
2025-03-01,1100 UTC,296.3,23.1,2025-03,2025,3,1238.7857142857142,25.616666666666664
2025-03-01,1200 UTC,670.8,24.3,2025-03,2025,3,1238.7857142857142,25.616666666666664
2025-03-01,1300 UTC,1030.3,25.6,2025-03,2025,3,1238.7857142857142,25.616666666666664
2025-03-01,1400 UTC,1767.1,27.3,2025-03,2025,3,1238.7857142857142,25.616666666666664
2025-03-01,1500 UTC,2326.1,28.6,2025-03,2025,3,1238.7857142857142,25.616666666666664
2025-03-01,1600 UTC,2607.0,29.4,2025-03,2025,3,1238.7857142857142,25.616666666666664
2025-03-01,1700 UTC,2541.4,30.9,2025-03,2025,3,1238.7857142857142,25.616666666666664
2025-03-01,1800 UTC,2686.1,31.4,2025-03,2025,3,1238.7857142857142,25.616666666666664
2025-03-01,1900 UTC,1870.4,31.0,2025-03,2025,3,1238.7857142857142,25.616666666666664
2025-03-01,2000 UTC,1181.4,29.4,2025-03,2025,3,1238.7857142857142,25.616666666666664
2025-03-01,2100 UTC,192.9,28.1,2025-03,2025,3,1238.7857142857142,25.616666666666664
2025-03-01,2200 UTC,141.4,27.8,2025-03,2025,3,1238.7857142857142,25.616666666666664
2025-03-01,2300 UTC,0.4,26.4,2025-03,2025,3,1238.7857142857142,25.616666666666664
2025-04-01,1000 UTC,74.9,23.8,2025-04,2025,4,1178.5,25.983333333333334
2025-04-01,1100 UTC,408.6,24.5,2025-04,2025,4,1178.5,25.983333333333334
2025-04-01,1200 UTC,813.0,25.9,2025-04,2025,4,1178.5,25.983333333333334
2025-04-01,1300 UTC,1629.9,27.9,2025-04,2025,4,1178.5,25.983333333333334
2025-04-01,1400 UTC,2463.2,27.9,2025-04,2025,4,1178.5,25.983333333333334
2025-04-01,1500 UTC,2243.9,29.4,2025-04,2025,4,1178.5,25.983333333333334
2025-04-01,1600 UTC,2131.5,30.0,2025-04,2025,4,1178.5,25.983333333333334
2025-04-01,1700 UTC,2032.0,29.8,2025-04,2025,4,1178.5,25.983333333333334
2025-04-01,1800 UTC,2630.0,32.0,2025-04,2025,4,1178.5,25.983333333333334
2025-04-01,1900 UTC,1215.7,28.2,2025-04,2025,4,1178.5,25.983333333333334
2025-04-01,2000 UTC,412.2,25.1,2025-04,2025,4,1178.5,25.983333333333334
2025-04-01,2100 UTC,308.1,25.0,2025-04,2025,4,1178.5,25.983333333333334
2025-04-01,2200 UTC,133.3,24.9,2025-04,2025,4,1178.5,25.983333333333334
2025-04-01,2300 UTC,2.7,25.0,2025-04,2025,4,1178.5,25.983333333333334
2025-05-01,0500 UTC,0.1,23.0,2025-05,2025,5,1364.6466666666668,24.816666666666666
2025-05-01,1000 UTC,52.4,22.0,2025-05,2025,5,1364.6466666666668,24.816666666666666
2025-05-01,1100 UTC,417.8,22.7,2025-05,2025,5,1364.6466666666668,24.816666666666666
2025-05-01,1200 UTC,1109.4,25.1,2025-05,2025,5,1364.6466666666668,24.816666666666666
2025-05-01,1300 UTC,2005.5,26.5,2025-05,2025,5,1364.6466666666668,24.816666666666666
2025-05-01,1400 UTC,2835.4,27.6,2025-05,2025,5,1364.6466666666668,24.816666666666666
2025-05-01,1500 UTC,3542.3,29.0,2025-05,2025,5,1364.6466666666668,24.816666666666666
2025-05-01,1600 UTC,3297.9,29.6,2025-05,2025,5,1364.6466666666668,24.816666666666666
2025-05-01,1700 UTC,3093.0,29.7,2025-05,2025,5,1364.6466666666668,24.816666666666666
2025-05-01,1800 UTC,2529.9,31.0,2025-05,2025,5,1364.6466666666668,24.816666666666666
2025-05-01,1900 UTC,785.4,24.8,2025-05,2025,5,1364.6466666666668,24.816666666666666
2025-05-01,2000 UTC,469.4,25.0,2025-05,2025,5,1364.6466666666668,24.816666666666666
2025-05-01,2100 UTC,196.8,24.3,2025-05,2025,5,1364.6466666666668,24.816666666666666
2025-05-01,2200 UTC,134.0,24.5,2025-05,2025,5,1364.6466666666668,24.816666666666666
2025-05-01,2300 UTC,0.4,24.6,2025-05,2025,5,1364.6466666666668,24.816666666666666
2025-06-01,1000 UTC,28.3,23.0,2025-06,2025,6,1343.9071428571428,25.620833333333334
2025-06-01,1100 UTC,219.1,23.4,2025-06,2025,6,1343.9071428571428,25.620833333333334
2025-06-01,1200 UTC,594.8,24.0,2025-06,2025,6,1343.9071428571428,25.620833333333334
2025-06-01,1300 UTC,867.9,25.1,2025-06,2025,6,1343.9071428571428,25.620833333333334
2025-06-01,1400 UTC,1135.7,25.9,2025-06,2025,6,1343.9071428571428,25.620833333333334
2025-06-01,1500 UTC,2292.8,27.7,2025-06,2025,6,1343.9071428571428,25.620833333333334
2025-06-01,1600 UTC,2853.9,28.7,2025-06,2025,6,1343.9071428571428,25.620833333333334
2025-06-01,1700 UTC,2727.1,29.9,2025-06,2025,6,1343.9071428571428,25.620833333333334
2025-06-01,1800 UTC,2929.6,30.9,2025-06,2025,6,1343.9071428571428,25.620833333333334
2025-06-01,1900 UTC,1960.5,30.5,2025-06,2025,6,1343.9071428571428,25.620833333333334
2025-06-01,2000 UTC,1524.7,28.2,2025-06,2025,6,1343.9071428571428,25.620833333333334
2025-06-01,2100 UTC,1312.1,26.3,2025-06,2025,6,1343.9071428571428,25.620833333333334
2025-06-01,2200 UTC,365.3,26.1,2025-06,2025,6,1343.9071428571428,25.620833333333334
2025-06-01,2300 UTC,2.9,25.6,2025-06,2025,6,1343.9071428571428,25.620833333333334
2025-07-01,1000 UTC,39.2,23.3,2025-07,2025,7,1107.8,25.329166666666666
2025-07-01,1100 UTC,428.5,24.8,2025-07,2025,7,1107.8,25.329166666666666
2025-07-01,1200 UTC,1127.1,27.0,2025-07,2025,7,1107.8,25.329166666666666
2025-07-01,1300 UTC,1926.4,28.1,2025-07,2025,7,1107.8,25.329166666666666
2025-07-01,1400 UTC,1950.7,28.6,2025-07,2025,7,1107.8,25.329166666666666
2025-07-01,1500 UTC,2171.6,30.9,2025-07,2025,7,1107.8,25.329166666666666
2025-07-01,1600 UTC,1406.6,23.2,2025-07,2025,7,1107.8,25.329166666666666
2025-07-01,1700 UTC,811.1,25.6,2025-07,2025,7,1107.8,25.329166666666666
2025-07-01,1800 UTC,2892.3,26.2,2025-07,2025,7,1107.8,25.329166666666666
2025-07-01,1900 UTC,1410.2,26.9,2025-07,2025,7,1107.8,25.329166666666666
2025-07-01,2000 UTC,962.6,27.0,2025-07,2025,7,1107.8,25.329166666666666
2025-07-01,2100 UTC,265.0,25.4,2025-07,2025,7,1107.8,25.329166666666666
2025-07-01,2200 UTC,117.5,24.8,2025-07,2025,7,1107.8,25.329166666666666
2025-07-01,2300 UTC,0.4,23.9,2025-07,2025,7,1107.8,25.329166666666666
2025-08-01,1000 UTC,57.5,23.1,2025-08,2025,8,1354.3076923076924,24.858333333333334
2025-08-01,1100 UTC,632.0,24.4,2025-08,2025,8,1354.3076923076924,24.858333333333334
2025-08-01,1200 UTC,999.7,25.9,2025-08,2025,8,1354.3076923076924,24.858333333333334
2025-08-01,1300 UTC,1523.5,26.4,2025-08,2025,8,1354.3076923076924,24.858333333333334
2025-08-01,1400 UTC,1996.2,28.0,2025-08,2025,8,1354.3076923076924,24.858333333333334
2025-08-01,1500 UTC,1812.1,27.2,2025-08,2025,8,1354.3076923076924,24.858333333333334
2025-08-01,1600 UTC,1708.7,25.2,2025-08,2025,8,1354.3076923076924,24.858333333333334
2025-08-01,1700 UTC,2955.7,28.1,2025-08,2025,8,1354.3076923076924,24.858333333333334
2025-08-01,1800 UTC,2819.8,28.7,2025-08,2025,8,1354.3076923076924,24.858333333333334
2025-08-01,1900 UTC,836.4,24.8,2025-08,2025,8,1354.3076923076924,24.858333333333334
2025-08-01,2000 UTC,1548.5,27.1,2025-08,2025,8,1354.3076923076924,24.858333333333334
2025-08-01,2100 UTC,574.7,26.4,2025-08,2025,8,1354.3076923076924,24.858333333333334
2025-08-01,2200 UTC,141.2,26.3,2025-08,2025,8,1354.3076923076924,24.858333333333334
2025-09-01,0800 UTC,0.0,22.4,2025-09,2025,9,833.9285714285714,24.34166666666667
2025-09-01,1000 UTC,14.1,22.2,2025-09,2025,9,833.9285714285714,24.34166666666667
2025-09-01,1100 UTC,132.9,22.6,2025-09,2025,9,833.9285714285714,24.34166666666667
2025-09-01,1200 UTC,323.1,23.0,2025-09,2025,9,833.9285714285714,24.34166666666667
2025-09-01,1300 UTC,547.5,23.8,2025-09,2025,9,833.9285714285714,24.34166666666667
2025-09-01,1400 UTC,843.1,25.0,2025-09,2025,9,833.9285714285714,24.34166666666667
2025-09-01,1500 UTC,1677.3,26.6,2025-09,2025,9,833.9285714285714,24.34166666666667
2025-09-01,1600 UTC,1631.2,27.5,2025-09,2025,9,833.9285714285714,24.34166666666667
2025-09-01,1700 UTC,2005.2,27.7,2025-09,2025,9,833.9285714285714,24.34166666666667
2025-09-01,1800 UTC,1191.9,25.1,2025-09,2025,9,833.9285714285714,24.34166666666667
2025-09-01,1900 UTC,1434.7,26.4,2025-09,2025,9,833.9285714285714,24.34166666666667
2025-09-01,2000 UTC,918.4,25.8,2025-09,2025,9,833.9285714285714,24.34166666666667
2025-09-01,2100 UTC,771.1,26.9,2025-09,2025,9,833.9285714285714,24.34166666666667
2025-09-01,2200 UTC,184.5,26.5,2025-09,2025,9,833.9285714285714,24.34166666666667
2025-10-01,1000 UTC,12.0,22.1,2025-10,2025,10,535.8928571428571,23.2625
2025-10-01,1100 UTC,157.8,22.6,2025-10,2025,10,535.8928571428571,23.2625
2025-10-01,1200 UTC,431.2,22.9,2025-10,2025,10,535.8928571428571,23.2625
2025-10-01,1300 UTC,430.1,22.3,2025-10,2025,10,535.8928571428571,23.2625
2025-10-01,1400 UTC,543.9,22.5,2025-10,2025,10,535.8928571428571,23.2625
2025-10-01,1500 UTC,780.1,23.4,2025-10,2025,10,535.8928571428571,23.2625
2025-10-01,1600 UTC,838.3,23.9,2025-10,2025,10,535.8928571428571,23.2625
2025-10-01,1700 UTC,1307.6,24.8,2025-10,2025,10,535.8928571428571,23.2625
2025-10-01,1800 UTC,1059.6,24.1,2025-10,2025,10,535.8928571428571,23.2625
2025-10-01,1900 UTC,639.2,23.5,2025-10,2025,10,535.8928571428571,23.2625
2025-10-01,2000 UTC,481.1,24.3,2025-10,2025,10,535.8928571428571,23.2625
2025-10-01,2100 UTC,578.5,24.6,2025-10,2025,10,535.8928571428571,23.2625
2025-10-01,2200 UTC,238.8,24.4,2025-10,2025,10,535.8928571428571,23.2625
2025-10-01,2300 UTC,4.3,24.0,2025-10,2025,10,535.8928571428571,23.2625
2025-11-01,1100 UTC,224.3,23.2,2025-11,2025,11,671.0166666666667,24.05217391304348
2025-11-01,1200 UTC,404.1,24.0,2025-11,2025,11,671.0166666666667,24.05217391304348
2025-11-01,1300 UTC,711.2,24.9,2025-11,2025,11,671.0166666666667,24.05217391304348
2025-11-01,1400 UTC,1081.0,26.2,2025-11,2025,11,671.0166666666667,24.05217391304348
2025-11-01,1500 UTC,1585.9,27.1,2025-11,2025,11,671.0166666666667,24.05217391304348
2025-11-01,1600 UTC,1577.6,27.4,2025-11,2025,11,671.0166666666667,24.05217391304348
2025-11-01,1700 UTC,755.8,25.7,2025-11,2025,11,671.0166666666667,24.05217391304348
2025-11-01,1800 UTC,262.4,24.3,2025-11,2025,11,671.0166666666667,24.05217391304348
2025-11-01,1900 UTC,537.7,25.0,2025-11,2025,11,671.0166666666667,24.05217391304348
2025-11-01,2000 UTC,493.4,23.6,2025-11,2025,11,671.0166666666667,24.05217391304348
2025-11-01,2100 UTC,350.5,23.3,2025-11,2025,11,671.0166666666667,24.05217391304348
2025-11-01,2200 UTC,68.3,23.0,2025-11,2025,11,671.0166666666667,24.05217391304348
2025-12-01,1000 UTC,56.6,21.9,2025-12,2025,12,1021.1615384615385,24.03333333333333
2025-12-01,1100 UTC,577.8,23.5,2025-12,2025,12,1021.1615384615385,24.03333333333333
2025-12-01,1200 UTC,746.1,24.3,2025-12,2025,12,1021.1615384615385,24.03333333333333
2025-12-01,1300 UTC,1605.7,26.3,2025-12,2025,12,1021.1615384615385,24.03333333333333
2025-12-01,1400 UTC,2415.3,27.4,2025-12,2025,12,1021.1615384615385,24.03333333333333
2025-12-01,1500 UTC,2842.9,29.7,2025-12,2025,12,1021.1615384615385,24.03333333333333
2025-12-01,1600 UTC,1489.3,25.8,2025-12,2025,12,1021.1615384615385,24.03333333333333
2025-12-01,1700 UTC,348.3,24.5,2025-12,2025,12,1021.1615384615385,24.03333333333333
2025-12-01,1800 UTC,1344.3,26.7,2025-12,2025,12,1021.1615384615385,24.03333333333333
2025-12-01,1900 UTC,798.5,26.3,2025-12,2025,12,1021.1615384615385,24.03333333333333
2025-12-01,2000 UTC,557.4,24.8,2025-12,2025,12,1021.1615384615385,24.03333333333333
2025-12-01,2100 UTC,393.8,24.3,2025-12,2025,12,1021.1615384615385,24.03333333333333
2025-12-01,2200 UTC,99.1,23.7,2025-12,2025,12,1021.1615384615385,24.03333333333333
2025-01-02,1000 UTC,3.4,23.1,2025-01,2025,1,758.4538461538461,24.579166666666666
2025-01-02,1100 UTC,47.6,23.1,2025-01,2025,1,758.4538461538461,24.579166666666666
2025-01-02,1200 UTC,134.8,23.5,2025-01,2025,1,758.4538461538461,24.579166666666666
2025-01-02,1300 UTC,357.6,23.1,2025-01,2025,1,758.4538461538461,24.579166666666666
2025-01-02,1400 UTC,560.6,23.5,2025-01,2025,1,758.4538461538461,24.579166666666666
2025-01-02,1500 UTC,977.5,24.6,2025-01,2025,1,758.4538461538461,24.579166666666666
2025-01-02,1600 UTC,2285.6,27.5,2025-01,2025,1,758.4538461538461,24.579166666666666
2025-01-02,1700 UTC,1181.4,24.0,2025-01,2025,1,758.4538461538461,24.579166666666666
2025-01-02,1800 UTC,1576.0,26.1,2025-01,2025,1,758.4538461538461,24.579166666666666
2025-01-02,1900 UTC,989.9,25.9,2025-01,2025,1,758.4538461538461,24.579166666666666
2025-01-02,2000 UTC,1066.5,26.3,2025-01,2025,1,758.4538461538461,24.579166666666666
2025-01-02,2100 UTC,550.5,26.3,2025-01,2025,1,758.4538461538461,24.579166666666666
2025-01-02,2200 UTC,128.5,24.5,2025-01,2025,1,758.4538461538461,24.579166666666666
2025-02-02,0400 UTC,0.5,21.3,2025-02,2025,2,804.635294117647,23.7625
2025-02-02,0500 UTC,0.1,21.4,2025-02,2025,2,804.635294117647,23.7625
2025-02-02,0700 UTC,0.3,21.8,2025-02,2025,2,804.635294117647,23.7625
2025-02-02,1000 UTC,4.6,21.8,2025-02,2025,2,804.635294117647,23.7625
2025-02-02,1100 UTC,111.6,22.1,2025-02,2025,2,804.635294117647,23.7625
2025-02-02,1200 UTC,300.0,22.5,2025-02,2025,2,804.635294117647,23.7625
2025-02-02,1300 UTC,539.6,23.2,2025-02,2025,2,804.635294117647,23.7625
2025-02-02,1400 UTC,1187.3,25.1,2025-02,2025,2,804.635294117647,23.7625
2025-02-02,1500 UTC,806.0,24.2,2025-02,2025,2,804.635294117647,23.7625
2025-02-02,1600 UTC,955.8,24.5,2025-02,2025,2,804.635294117647,23.7625
2025-02-02,1700 UTC,2528.7,27.0,2025-02,2025,2,804.635294117647,23.7625
2025-02-02,1800 UTC,2233.4,27.1,2025-02,2025,2,804.635294117647,23.7625
2025-02-02,1900 UTC,2727.2,29.8,2025-02,2025,2,804.635294117647,23.7625
2025-02-02,2000 UTC,1729.6,27.5,2025-02,2025,2,804.635294117647,23.7625
2025-02-02,2100 UTC,509.8,27.3,2025-02,2025,2,804.635294117647,23.7625
2025-02-02,2200 UTC,42.8,23.6,2025-02,2025,2,804.635294117647,23.7625
2025-02-02,2300 UTC,1.5,22.8,2025-02,2025,2,804.635294117647,23.7625
2025-03-02,0200 UTC,0.5,22.7,2025-03,2025,3,1123.3625,24.616666666666664
2025-03-02,0300 UTC,0.4,22.6,2025-03,2025,3,1123.3625,24.616666666666664
2025-03-02,1000 UTC,5.3,22.5,2025-03,2025,3,1123.3625,24.616666666666664
2025-03-02,1100 UTC,131.0,22.9,2025-03,2025,3,1123.3625,24.616666666666664
2025-03-02,1200 UTC,354.9,23.5,2025-03,2025,3,1123.3625,24.616666666666664
2025-03-02,1300 UTC,448.3,23.1,2025-03,2025,3,1123.3625,24.616666666666664
2025-03-02,1400 UTC,1018.5,23.0,2025-03,2025,3,1123.3625,24.616666666666664
2025-03-02,1500 UTC,2163.6,26.1,2025-03,2025,3,1123.3625,24.616666666666664
2025-03-02,1600 UTC,2749.3,27.1,2025-03,2025,3,1123.3625,24.616666666666664
2025-03-02,1700 UTC,3039.9,28.3,2025-03,2025,3,1123.3625,24.616666666666664
2025-03-02,1800 UTC,2949.8,29.0,2025-03,2025,3,1123.3625,24.616666666666664
2025-03-02,1900 UTC,2327.4,29.3,2025-03,2025,3,1123.3625,24.616666666666664
2025-03-02,2000 UTC,1433.4,29.7,2025-03,2025,3,1123.3625,24.616666666666664
2025-03-02,2100 UTC,1173.1,28.9,2025-03,2025,3,1123.3625,24.616666666666664
2025-03-02,2200 UTC,176.6,26.0,2025-03,2025,3,1123.3625,24.616666666666664
2025-03-02,2300 UTC,1.8,25.4,2025-03,2025,3,1123.3625,24.616666666666664
2025-04-02,1000 UTC,23.4,22.7,2025-04,2025,4,1466.642857142857,25.795833333333334
2025-04-02,1100 UTC,251.7,23.3,2025-04,2025,4,1466.642857142857,25.795833333333334
2025-04-02,1200 UTC,522.0,24.2,2025-04,2025,4,1466.642857142857,25.795833333333334
2025-04-02,1300 UTC,1063.1,25.5,2025-04,2025,4,1466.642857142857,25.795833333333334
2025-04-02,1400 UTC,1434.4,26.2,2025-04,2025,4,1466.642857142857,25.795833333333334
2025-04-02,1500 UTC,1997.5,28.1,2025-04,2025,4,1466.642857142857,25.795833333333334
2025-04-02,1600 UTC,2324.3,28.9,2025-04,2025,4,1466.642857142857,25.795833333333334
2025-04-02,1700 UTC,3664.5,30.9,2025-04,2025,4,1466.642857142857,25.795833333333334
2025-04-02,1800 UTC,2592.3,30.9,2025-04,2025,4,1466.642857142857,25.795833333333334
2025-04-02,1900 UTC,2171.7,29.1,2025-04,2025,4,1466.642857142857,25.795833333333334
2025-04-02,2000 UTC,2473.3,29.8,2025-04,2025,4,1466.642857142857,25.795833333333334
2025-04-02,2100 UTC,1468.2,29.2,2025-04,2025,4,1466.642857142857,25.795833333333334
2025-04-02,2200 UTC,542.1,28.3,2025-04,2025,4,1466.642857142857,25.795833333333334
2025-04-02,2300 UTC,4.5,26.1,2025-04,2025,4,1466.642857142857,25.795833333333334
2025-05-02,1000 UTC,3.3,21.4,2025-05,2025,5,1677.7428571428572,25.758333333333336
2025-05-02,1100 UTC,99.3,21.8,2025-05,2025,5,1677.7428571428572,25.758333333333336
2025-05-02,1200 UTC,406.8,22.3,2025-05,2025,5,1677.7428571428572,25.758333333333336
2025-05-02,1300 UTC,1403.9,24.7,2025-05,2025,5,1677.7428571428572,25.758333333333336
2025-05-02,1400 UTC,2263.9,26.8,2025-05,2025,5,1677.7428571428572,25.758333333333336
2025-05-02,1500 UTC,3087.9,29.2,2025-05,2025,5,1677.7428571428572,25.758333333333336
2025-05-02,1600 UTC,4046.0,30.4,2025-05,2025,5,1677.7428571428572,25.758333333333336
2025-05-02,1700 UTC,3612.6,30.6,2025-05,2025,5,1677.7428571428572,25.758333333333336
2025-05-02,1800 UTC,2725.5,30.9,2025-05,2025,5,1677.7428571428572,25.758333333333336
2025-05-02,1900 UTC,2754.4,30.7,2025-05,2025,5,1677.7428571428572,25.758333333333336
2025-05-02,2000 UTC,1615.0,30.5,2025-05,2025,5,1677.7428571428572,25.758333333333336
2025-05-02,2100 UTC,1096.2,30.0,2025-05,2025,5,1677.7428571428572,25.758333333333336
2025-05-02,2200 UTC,373.5,29.0,2025-05,2025,5,1677.7428571428572,25.758333333333336
2025-05-02,2300 UTC,0.1,27.3,2025-05,2025,5,1677.7428571428572,25.758333333333336
2025-06-02,1000 UTC,2.2,23.6,2025-06,2025,6,998.5461538461539,25.3875
2025-06-02,1100 UTC,124.1,24.1,2025-06,2025,6,998.5461538461539,25.3875
2025-06-02,1200 UTC,548.3,25.0,2025-06,2025,6,998.5461538461539,25.3875
2025-06-02,1300 UTC,1109.4,26.5,2025-06,2025,6,998.5461538461539,25.3875
2025-06-02,1400 UTC,2119.0,28.8,2025-06,2025,6,998.5461538461539,25.3875
2025-06-02,1500 UTC,2856.2,30.0,2025-06,2025,6,998.5461538461539,25.3875
2025-06-02,1600 UTC,2829.2,30.4,2025-06,2025,6,998.5461538461539,25.3875
2025-06-02,1700 UTC,1026.0,26.3,2025-06,2025,6,998.5461538461539,25.3875
2025-06-02,1800 UTC,723.9,27.6,2025-06,2025,6,998.5461538461539,25.3875
2025-06-02,1900 UTC,843.1,27.0,2025-06,2025,6,998.5461538461539,25.3875
2025-06-02,2000 UTC,570.0,25.2,2025-06,2025,6,998.5461538461539,25.3875
2025-06-02,2100 UTC,166.8,22.7,2025-06,2025,6,998.5461538461539,25.3875
2025-06-02,2200 UTC,62.9,22.4,2025-06,2025,6,998.5461538461539,25.3875
2025-07-02,1000 UTC,16.1,22.2,2025-07,2025,7,1559.776923076923,26.7375
2025-07-02,1100 UTC,239.3,23.2,2025-07,2025,7,1559.776923076923,26.7375
2025-07-02,1200 UTC,1215.9,26.3,2025-07,2025,7,1559.776923076923,26.7375
2025-07-02,1300 UTC,1988.0,28.9,2025-07,2025,7,1559.776923076923,26.7375
2025-07-02,1400 UTC,2685.2,30.4,2025-07,2025,7,1559.776923076923,26.7375
2025-07-02,1500 UTC,3128.8,31.0,2025-07,2025,7,1559.776923076923,26.7375
2025-07-02,1600 UTC,2700.9,32.7,2025-07,2025,7,1559.776923076923,26.7375
2025-07-02,1700 UTC,3036.0,32.9,2025-07,2025,7,1559.776923076923,26.7375
2025-07-02,1800 UTC,3043.5,33.6,2025-07,2025,7,1559.776923076923,26.7375
2025-07-02,1900 UTC,1207.1,32.5,2025-07,2025,7,1559.776923076923,26.7375
2025-07-02,2000 UTC,511.4,31.9,2025-07,2025,7,1559.776923076923,26.7375
2025-07-02,2100 UTC,401.3,31.8,2025-07,2025,7,1559.776923076923,26.7375
2025-07-02,2200 UTC,103.6,30.5,2025-07,2025,7,1559.776923076923,26.7375
2025-08-02,1000 UTC,12.7,23.3,2025-08,2025,8,1166.8923076923077,26.782608695652176
2025-08-02,1100 UTC,376.3,25.3,2025-08,2025,8,1166.8923076923077,26.782608695652176
2025-08-02,1200 UTC,1151.1,27.2,2025-08,2025,8,1166.8923076923077,26.782608695652176
2025-08-02,1300 UTC,2093.4,29.4,2025-08,2025,8,1166.8923076923077,26.782608695652176
2025-08-02,1400 UTC,2752.7,30.7,2025-08,2025,8,1166.8923076923077,26.782608695652176
2025-08-02,1500 UTC,2646.7,31.7,2025-08,2025,8,1166.8923076923077,26.782608695652176
2025-08-02,1600 UTC,2174.5,31.8,2025-08,2025,8,1166.8923076923077,26.782608695652176
2025-08-02,1700 UTC,1340.6,31.4,2025-08,2025,8,1166.8923076923077,26.782608695652176
2025-08-02,1800 UTC,451.7,25.8,2025-08,2025,8,1166.8923076923077,26.782608695652176
2025-08-02,1900 UTC,797.5,27.9,2025-08,2025,8,1166.8923076923077,26.782608695652176
2025-08-02,2000 UTC,821.9,27.4,2025-08,2025,8,1166.8923076923077,26.782608695652176
2025-08-02,2100 UTC,501.3,27.3,2025-08,2025,8,1166.8923076923077,26.782608695652176
2025-08-02,2200 UTC,49.2,23.7,2025-08,2025,8,1166.8923076923077,26.782608695652176
2025-09-02,1000 UTC,9.9,21.4,2025-09,2025,9,1244.9,25.169565217391302
2025-09-02,1100 UTC,306.2,22.5,2025-09,2025,9,1244.9,25.169565217391302
2025-09-02,1200 UTC,1076.8,24.5,2025-09,2025,9,1244.9,25.169565217391302
2025-09-02,1300 UTC,2020.8,26.6,2025-09,2025,9,1244.9,25.169565217391302
2025-09-02,1400 UTC,2741.3,29.0,2025-09,2025,9,1244.9,25.169565217391302
2025-09-02,1500 UTC,3274.1,30.9,2025-09,2025,9,1244.9,25.169565217391302
2025-09-02,1600 UTC,2865.8,30.9,2025-09,2025,9,1244.9,25.169565217391302
2025-09-02,1800 UTC,1764.7,33.2,2025-09,2025,9,1244.9,25.169565217391302
2025-09-02,1900 UTC,1288.3,29.1,2025-09,2025,9,1244.9,25.169565217391302
2025-09-02,2000 UTC,403.4,28.4,2025-09,2025,9,1244.9,25.169565217391302
2025-09-02,2100 UTC,269.4,27.8,2025-09,2025,9,1244.9,25.169565217391302
2025-09-02,2200 UTC,162.7,26.4,2025-09,2025,9,1244.9,25.169565217391302
2025-09-02,2300 UTC,0.3,24.4,2025-09,2025,9,1244.9,25.169565217391302
2025-10-02,0100 UTC,1.0,21.5,2025-10,2025,10,1173.5866666666666,24.775000000000002
2025-10-02,0300 UTC,0.5,21.7,2025-10,2025,10,1173.5866666666666,24.775000000000002
2025-10-02,1000 UTC,11.8,21.6,2025-10,2025,10,1173.5866666666666,24.775000000000002
2025-10-02,1100 UTC,241.1,22.2,2025-10,2025,10,1173.5866666666666,24.775000000000002
2025-10-02,1200 UTC,584.9,23.4,2025-10,2025,10,1173.5866666666666,24.775000000000002
2025-10-02,1300 UTC,1706.4,25.3,2025-10,2025,10,1173.5866666666666,24.775000000000002
2025-10-02,1400 UTC,2036.8,26.7,2025-10,2025,10,1173.5866666666666,24.775000000000002
2025-10-02,1500 UTC,2505.9,28.3,2025-10,2025,10,1173.5866666666666,24.775000000000002
2025-10-02,1600 UTC,2390.1,29.1,2025-10,2025,10,1173.5866666666666,24.775000000000002
2025-10-02,1700 UTC,2569.4,29.2,2025-10,2025,10,1173.5866666666666,24.775000000000002
2025-10-02,1800 UTC,2393.2,30.5,2025-10,2025,10,1173.5866666666666,24.775000000000002
2025-10-02,1900 UTC,1754.5,29.2,2025-10,2025,10,1173.5866666666666,24.775000000000002
2025-10-02,2000 UTC,582.6,27.4,2025-10,2025,10,1173.5866666666666,24.775000000000002
2025-10-02,2100 UTC,632.0,28.2,2025-10,2025,10,1173.5866666666666,24.775000000000002
2025-10-02,2200 UTC,193.6,27.8,2025-10,2025,10,1173.5866666666666,24.775000000000002
2025-11-02,1000 UTC,13.0,22.7,2025-11,2025,11,896.2153846153846,24.483333333333334
2025-11-02,1100 UTC,184.1,23.1,2025-11,2025,11,896.2153846153846,24.483333333333334
2025-11-02,1200 UTC,600.5,23.1,2025-11,2025,11,896.2153846153846,24.483333333333334
2025-11-02,1300 UTC,559.0,23.9,2025-11,2025,11,896.2153846153846,24.483333333333334
2025-11-02,1400 UTC,1192.9,25.1,2025-11,2025,11,896.2153846153846,24.483333333333334
2025-11-02,1500 UTC,1574.4,26.3,2025-11,2025,11,896.2153846153846,24.483333333333334
2025-11-02,1600 UTC,2475.2,26.8,2025-11,2025,11,896.2153846153846,24.483333333333334
2025-11-02,1700 UTC,2093.4,27.0,2025-11,2025,11,896.2153846153846,24.483333333333334
2025-11-02,1800 UTC,1277.5,25.2,2025-11,2025,11,896.2153846153846,24.483333333333334
2025-11-02,1900 UTC,231.0,25.3,2025-11,2025,11,896.2153846153846,24.483333333333334
2025-11-02,2000 UTC,962.4,25.5,2025-11,2025,11,896.2153846153846,24.483333333333334
2025-11-02,2100 UTC,378.7,24.0,2025-11,2025,11,896.2153846153846,24.483333333333334
2025-11-02,2200 UTC,108.7,23.4,2025-11,2025,11,896.2153846153846,24.483333333333334
2025-12-02,1000 UTC,4.7,22.6,2025-12,2025,12,1091.6615384615384,24.8125
2025-12-02,1100 UTC,134.6,22.9,2025-12,2025,12,1091.6615384615384,24.8125
2025-12-02,1200 UTC,437.1,23.7,2025-12,2025,12,1091.6615384615384,24.8125
2025-12-02,1300 UTC,706.4,24.6,2025-12,2025,12,1091.6615384615384,24.8125
2025-12-02,1400 UTC,1680.7,26.5,2025-12,2025,12,1091.6615384615384,24.8125
2025-12-02,1500 UTC,2021.4,27.8,2025-12,2025,12,1091.6615384615384,24.8125
2025-12-02,1600 UTC,2399.6,28.6,2025-12,2025,12,1091.6615384615384,24.8125
2025-12-02,1700 UTC,2523.3,29.5,2025-12,2025,12,1091.6615384615384,24.8125
2025-12-02,1800 UTC,2400.7,30.1,2025-12,2025,12,1091.6615384615384,24.8125
2025-12-02,1900 UTC,954.5,29.7,2025-12,2025,12,1091.6615384615384,24.8125
2025-12-02,2000 UTC,794.4,29.4,2025-12,2025,12,1091.6615384615384,24.8125
2025-12-02,2100 UTC,120.6,26.4,2025-12,2025,12,1091.6615384615384,24.8125
2025-12-02,2200 UTC,13.6,24.1,2025-12,2025,12,1091.6615384615384,24.8125
2025-01-03,1000 UTC,6.1,23.2,2025-01,2025,1,1187.1307692307691,25.358333333333334
2025-01-03,1100 UTC,237.6,23.7,2025-01,2025,1,1187.1307692307691,25.358333333333334
2025-01-03,1200 UTC,675.1,25.2,2025-01,2025,1,1187.1307692307691,25.358333333333334
2025-01-03,1300 UTC,1905.4,28.4,2025-01,2025,1,1187.1307692307691,25.358333333333334
2025-01-03,1400 UTC,2631.2,29.5,2025-01,2025,1,1187.1307692307691,25.358333333333334
2025-01-03,1500 UTC,2444.9,29.5,2025-01,2025,1,1187.1307692307691,25.358333333333334
2025-01-03,1600 UTC,1344.9,26.6,2025-01,2025,1,1187.1307692307691,25.358333333333334
2025-01-03,1700 UTC,2954.7,31.5,2025-01,2025,1,1187.1307692307691,25.358333333333334
2025-01-03,1800 UTC,2417.3,31.1,2025-01,2025,1,1187.1307692307691,25.358333333333334
2025-01-03,1900 UTC,327.2,24.9,2025-01,2025,1,1187.1307692307691,25.358333333333334
2025-01-03,2000 UTC,251.0,23.3,2025-01,2025,1,1187.1307692307691,25.358333333333334
2025-01-03,2100 UTC,193.7,24.3,2025-01,2025,1,1187.1307692307691,25.358333333333334
2025-01-03,2200 UTC,43.6,23.9,2025-01,2025,1,1187.1307692307691,25.358333333333334
2025-02-03,1000 UTC,0.1,22.6,2025-02,2025,2,1157.9307692307693,24.629166666666666
2025-02-03,1100 UTC,26.6,22.0,2025-02,2025,2,1157.9307692307693,24.629166666666666
2025-02-03,1200 UTC,443.6,22.9,2025-02,2025,2,1157.9307692307693,24.629166666666666
2025-02-03,1300 UTC,1088.0,24.6,2025-02,2025,2,1157.9307692307693,24.629166666666666
2025-02-03,1400 UTC,1965.8,26.8,2025-02,2025,2,1157.9307692307693,24.629166666666666
2025-02-03,1500 UTC,3044.3,28.0,2025-02,2025,2,1157.9307692307693,24.629166666666666
2025-02-03,1600 UTC,2425.2,28.8,2025-02,2025,2,1157.9307692307693,24.629166666666666
2025-02-03,1700 UTC,1807.3,29.1,2025-02,2025,2,1157.9307692307693,24.629166666666666
2025-02-03,1800 UTC,1402.4,25.8,2025-02,2025,2,1157.9307692307693,24.629166666666666
2025-02-03,1900 UTC,915.2,24.1,2025-02,2025,2,1157.9307692307693,24.629166666666666
2025-02-03,2000 UTC,1032.1,26.1,2025-02,2025,2,1157.9307692307693,24.629166666666666
2025-02-03,2100 UTC,772.9,26.5,2025-02,2025,2,1157.9307692307693,24.629166666666666
2025-02-03,2200 UTC,129.6,25.6,2025-02,2025,2,1157.9307692307693,24.629166666666666
2025-03-03,1000 UTC,0.5,22.2,2025-03,2025,3,1380.323076923077,25.395833333333332
2025-03-03,1100 UTC,123.7,22.5,2025-03,2025,3,1380.323076923077,25.395833333333332
2025-03-03,1200 UTC,606.2,23.3,2025-03,2025,3,1380.323076923077,25.395833333333332
2025-03-03,1300 UTC,1074.7,24.5,2025-03,2025,3,1380.323076923077,25.395833333333332
2025-03-03,1400 UTC,1042.7,25.1,2025-03,2025,3,1380.323076923077,25.395833333333332
2025-03-03,1500 UTC,1380.5,26.8,2025-03,2025,3,1380.323076923077,25.395833333333332
2025-03-03,1600 UTC,2085.1,28.4,2025-03,2025,3,1380.323076923077,25.395833333333332
2025-03-03,1700 UTC,2988.4,29.3,2025-03,2025,3,1380.323076923077,25.395833333333332
2025-03-03,1800 UTC,2752.0,30.0,2025-03,2025,3,1380.323076923077,25.395833333333332
2025-03-03,1900 UTC,2746.5,30.1,2025-03,2025,3,1380.323076923077,25.395833333333332
2025-03-03,2000 UTC,1973.7,30.3,2025-03,2025,3,1380.323076923077,25.395833333333332
2025-03-03,2100 UTC,1033.0,29.3,2025-03,2025,3,1380.323076923077,25.395833333333332
2025-03-03,2200 UTC,137.2,28.4,2025-03,2025,3,1380.323076923077,25.395833333333332
2025-04-03,1000 UTC,3.6,22.2,2025-04,2025,4,1563.9153846153847,25.84583333333333
2025-04-03,1100 UTC,195.9,22.8,2025-04,2025,4,1563.9153846153847,25.84583333333333
2025-04-03,1200 UTC,471.5,23.6,2025-04,2025,4,1563.9153846153847,25.84583333333333
2025-04-03,1300 UTC,942.2,24.6,2025-04,2025,4,1563.9153846153847,25.84583333333333
2025-04-03,1400 UTC,1836.1,26.8,2025-04,2025,4,1563.9153846153847,25.84583333333333
2025-04-03,1500 UTC,2823.4,28.6,2025-04,2025,4,1563.9153846153847,25.84583333333333
2025-04-03,1600 UTC,2974.8,29.2,2025-04,2025,4,1563.9153846153847,25.84583333333333
2025-04-03,1700 UTC,2884.1,31.0,2025-04,2025,4,1563.9153846153847,25.84583333333333
2025-04-03,1800 UTC,2431.4,31.1,2025-04,2025,4,1563.9153846153847,25.84583333333333
2025-04-03,1900 UTC,1992.2,32.3,2025-04,2025,4,1563.9153846153847,25.84583333333333
2025-04-03,2000 UTC,2192.0,32.0,2025-04,2025,4,1563.9153846153847,25.84583333333333
2025-04-03,2100 UTC,1314.8,31.9,2025-04,2025,4,1563.9153846153847,25.84583333333333
2025-04-03,2200 UTC,268.9,28.3,2025-04,2025,4,1563.9153846153847,25.84583333333333
2025-05-03,0000 UTC,1.0,22.6,2025-05,2025,5,1368.4857142857143,24.625
2025-05-03,1000 UTC,0.2,21.0,2025-05,2025,5,1368.4857142857143,24.625
2025-05-03,1100 UTC,107.7,21.3,2025-05,2025,5,1368.4857142857143,24.625
2025-05-03,1200 UTC,457.7,22.0,2025-05,2025,5,1368.4857142857143,24.625
2025-05-03,1300 UTC,1503.5,24.2,2025-05,2025,5,1368.4857142857143,24.625
2025-05-03,1400 UTC,2327.8,26.4,2025-05,2025,5,1368.4857142857143,24.625
2025-05-03,1500 UTC,3163.0,29.0,2025-05,2025,5,1368.4857142857143,24.625
2025-05-03,1600 UTC,2445.9,28.9,2025-05,2025,5,1368.4857142857143,24.625
2025-05-03,1700 UTC,2110.0,29.3,2025-05,2025,5,1368.4857142857143,24.625
2025-05-03,1800 UTC,1882.1,30.2,2025-05,2025,5,1368.4857142857143,24.625
2025-05-03,1900 UTC,2617.1,30.8,2025-05,2025,5,1368.4857142857143,24.625
2025-05-03,2000 UTC,1361.5,29.6,2025-05,2025,5,1368.4857142857143,24.625
2025-05-03,2100 UTC,1110.9,29.4,2025-05,2025,5,1368.4857142857143,24.625
2025-05-03,2200 UTC,70.4,26.9,2025-05,2025,5,1368.4857142857143,24.625
2025-06-03,0000 UTC,0.5,22.3,2025-06,2025,6,1235.6499999999999,24.59583333333333
2025-06-03,1000 UTC,3.9,21.1,2025-06,2025,6,1235.6499999999999,24.59583333333333
2025-06-03,1100 UTC,226.6,21.7,2025-06,2025,6,1235.6499999999999,24.59583333333333
2025-06-03,1200 UTC,1115.9,23.9,2025-06,2025,6,1235.6499999999999,24.59583333333333
2025-06-03,1300 UTC,1535.8,25.7,2025-06,2025,6,1235.6499999999999,24.59583333333333
2025-06-03,1400 UTC,2245.5,28.1,2025-06,2025,6,1235.6499999999999,24.59583333333333
2025-06-03,1500 UTC,1994.6,28.3,2025-06,2025,6,1235.6499999999999,24.59583333333333
2025-06-03,1600 UTC,1615.7,27.9,2025-06,2025,6,1235.6499999999999,24.59583333333333
2025-06-03,1700 UTC,1752.8,28.4,2025-06,2025,6,1235.6499999999999,24.59583333333333
2025-06-03,1800 UTC,2735.3,30.1,2025-06,2025,6,1235.6499999999999,24.59583333333333
2025-06-03,1900 UTC,1582.7,29.5,2025-06,2025,6,1235.6499999999999,24.59583333333333
2025-06-03,2000 UTC,1798.5,29.7,2025-06,2025,6,1235.6499999999999,24.59583333333333
2025-06-03,2100 UTC,507.0,28.2,2025-06,2025,6,1235.6499999999999,24.59583333333333
2025-06-03,2200 UTC,184.3,27.0,2025-06,2025,6,1235.6499999999999,24.59583333333333
2025-07-03,1000 UTC,3.7,21.7,2025-07,2025,7,1542.3583333333333,26.039130434782606
2025-07-03,1100 UTC,349.4,23.2,2025-07,2025,7,1542.3583333333333,26.039130434782606
2025-07-03,1200 UTC,927.2,25.0,2025-07,2025,7,1542.3583333333333,26.039130434782606
2025-07-03,1300 UTC,996.2,25.9,2025-07,2025,7,1542.3583333333333,26.039130434782606
2025-07-03,1500 UTC,2914.6,30.3,2025-07,2025,7,1542.3583333333333,26.039130434782606
2025-07-03,1600 UTC,2938.6,30.3,2025-07,2025,7,1542.3583333333333,26.039130434782606
2025-07-03,1700 UTC,2227.0,30.6,2025-07,2025,7,1542.3583333333333,26.039130434782606
2025-07-03,1800 UTC,2999.6,31.3,2025-07,2025,7,1542.3583333333333,26.039130434782606
2025-07-03,1900 UTC,2309.4,31.2,2025-07,2025,7,1542.3583333333333,26.039130434782606
2025-07-03,2000 UTC,1710.6,31.2,2025-07,2025,7,1542.3583333333333,26.039130434782606
2025-07-03,2100 UTC,1024.4,30.3,2025-07,2025,7,1542.3583333333333,26.039130434782606
2025-07-03,2200 UTC,107.6,27.2,2025-07,2025,7,1542.3583333333333,26.039130434782606
2025-08-03,1100 UTC,21.0,22.4,2025-08,2025,8,326.01666666666665,22.682608695652174
2025-08-03,1200 UTC,52.3,22.3,2025-08,2025,8,326.01666666666665,22.682608695652174
2025-08-03,1300 UTC,293.0,23.3,2025-08,2025,8,326.01666666666665,22.682608695652174
2025-08-03,1400 UTC,567.8,23.4,2025-08,2025,8,326.01666666666665,22.682608695652174
2025-08-03,1500 UTC,417.3,23.2,2025-08,2025,8,326.01666666666665,22.682608695652174
2025-08-03,1600 UTC,306.8,23.0,2025-08,2025,8,326.01666666666665,22.682608695652174
2025-08-03,1700 UTC,277.7,22.7,2025-08,2025,8,326.01666666666665,22.682608695652174
2025-08-03,1800 UTC,521.1,22.5,2025-08,2025,8,326.01666666666665,22.682608695652174
2025-08-03,1900 UTC,483.8,22.5,2025-08,2025,8,326.01666666666665,22.682608695652174
2025-08-03,2000 UTC,450.7,22.8,2025-08,2025,8,326.01666666666665,22.682608695652174
2025-08-03,2100 UTC,394.6,23.3,2025-08,2025,8,326.01666666666665,22.682608695652174
2025-08-03,2200 UTC,126.1,22.7,2025-08,2025,8,326.01666666666665,22.682608695652174
2025-09-03,1000 UTC,9.7,20.9,2025-09,2025,9,1731.5916666666665,25.652173913043477
2025-09-03,1100 UTC,490.4,22.6,2025-09,2025,9,1731.5916666666665,25.652173913043477
2025-09-03,1200 UTC,1184.3,25.0,2025-09,2025,9,1731.5916666666665,25.652173913043477
2025-09-03,1300 UTC,2015.3,27.4,2025-09,2025,9,1731.5916666666665,25.652173913043477
2025-09-03,1500 UTC,3083.1,29.5,2025-09,2025,9,1731.5916666666665,25.652173913043477
2025-09-03,1600 UTC,3356.2,30.6,2025-09,2025,9,1731.5916666666665,25.652173913043477
2025-09-03,1700 UTC,2774.8,31.8,2025-09,2025,9,1731.5916666666665,25.652173913043477
2025-09-03,1800 UTC,2408.7,31.9,2025-09,2025,9,1731.5916666666665,25.652173913043477
2025-09-03,1900 UTC,2239.3,32.4,2025-09,2025,9,1731.5916666666665,25.652173913043477
2025-09-03,2000 UTC,1809.5,32.5,2025-09,2025,9,1731.5916666666665,25.652173913043477
2025-09-03,2100 UTC,1148.8,31.7,2025-09,2025,9,1731.5916666666665,25.652173913043477
2025-09-03,2200 UTC,259.0,29.5,2025-09,2025,9,1731.5916666666665,25.652173913043477
2025-10-03,1000 UTC,4.0,22.6,2025-10,2025,10,1605.9769230769232,27.462500000000002
2025-10-03,1100 UTC,364.4,24.7,2025-10,2025,10,1605.9769230769232,27.462500000000002
2025-10-03,1200 UTC,1273.7,27.4,2025-10,2025,10,1605.9769230769232,27.462500000000002
2025-10-03,1300 UTC,2029.5,29.3,2025-10,2025,10,1605.9769230769232,27.462500000000002
2025-10-03,1400 UTC,2659.8,30.7,2025-10,2025,10,1605.9769230769232,27.462500000000002
2025-10-03,1500 UTC,3231.7,31.4,2025-10,2025,10,1605.9769230769232,27.462500000000002
2025-10-03,1600 UTC,2570.8,31.8,2025-10,2025,10,1605.9769230769232,27.462500000000002
2025-10-03,1700 UTC,2837.7,32.6,2025-10,2025,10,1605.9769230769232,27.462500000000002
2025-10-03,1800 UTC,3236.4,31.2,2025-10,2025,10,1605.9769230769232,27.462500000000002
2025-10-03,1900 UTC,592.7,30.2,2025-10,2025,10,1605.9769230769232,27.462500000000002
2025-10-03,2000 UTC,981.3,31.4,2025-10,2025,10,1605.9769230769232,27.462500000000002
2025-10-03,2100 UTC,991.8,31.2,2025-10,2025,10,1605.9769230769232,27.462500000000002
2025-10-03,2200 UTC,103.9,29.6,2025-10,2025,10,1605.9769230769232,27.462500000000002
2025-11-03,1000 UTC,5.2,23.2,2025-11,2025,11,1106.3846153846155,26.670833333333334
2025-11-03,1100 UTC,230.7,24.4,2025-11,2025,11,1106.3846153846155,26.670833333333334
2025-11-03,1200 UTC,780.4,26.3,2025-11,2025,11,1106.3846153846155,26.670833333333334
2025-11-03,1300 UTC,1462.9,27.4,2025-11,2025,11,1106.3846153846155,26.670833333333334
2025-11-03,1400 UTC,1556.9,28.5,2025-11,2025,11,1106.3846153846155,26.670833333333334
2025-11-03,1500 UTC,1539.6,29.2,2025-11,2025,11,1106.3846153846155,26.670833333333334
2025-11-03,1600 UTC,1645.4,29.8,2025-11,2025,11,1106.3846153846155,26.670833333333334
2025-11-03,1700 UTC,1631.2,30.4,2025-11,2025,11,1106.3846153846155,26.670833333333334
2025-11-03,1800 UTC,1436.9,30.7,2025-11,2025,11,1106.3846153846155,26.670833333333334
2025-11-03,1900 UTC,1426.0,31.6,2025-11,2025,11,1106.3846153846155,26.670833333333334
2025-11-03,2000 UTC,1320.6,31.4,2025-11,2025,11,1106.3846153846155,26.670833333333334
2025-11-03,2100 UTC,1130.7,31.4,2025-11,2025,11,1106.3846153846155,26.670833333333334
2025-11-03,2200 UTC,216.5,28.9,2025-11,2025,11,1106.3846153846155,26.670833333333334
2025-12-03,1000 UTC,6.3,23.1,2025-12,2025,12,1049.4692307692308,25.391304347826086
2025-12-03,1100 UTC,414.6,24.8,2025-12,2025,12,1049.4692307692308,25.391304347826086
2025-12-03,1200 UTC,1055.6,26.6,2025-12,2025,12,1049.4692307692308,25.391304347826086
2025-12-03,1300 UTC,2061.6,28.5,2025-12,2025,12,1049.4692307692308,25.391304347826086
2025-12-03,1400 UTC,2483.9,29.8,2025-12,2025,12,1049.4692307692308,25.391304347826086
2025-12-03,1500 UTC,3045.7,31.0,2025-12,2025,12,1049.4692307692308,25.391304347826086
2025-12-03,1600 UTC,2543.1,30.7,2025-12,2025,12,1049.4692307692308,25.391304347826086
2025-12-03,1700 UTC,1524.3,27.3,2025-12,2025,12,1049.4692307692308,25.391304347826086
2025-12-03,1800 UTC,173.2,22.0,2025-12,2025,12,1049.4692307692308,25.391304347826086
2025-12-03,1900 UTC,85.8,22.8,2025-12,2025,12,1049.4692307692308,25.391304347826086
2025-12-03,2000 UTC,116.6,22.6,2025-12,2025,12,1049.4692307692308,25.391304347826086
2025-12-03,2100 UTC,110.6,23.0,2025-12,2025,12,1049.4692307692308,25.391304347826086
2025-12-03,2200 UTC,21.8,23.2,2025-12,2025,12,1049.4692307692308,25.391304347826086
